timestamp,participant_id,participant_type,submission_type,submissions_received,submissions_processed,backlog_size,processing_latency_minutes,validation_failure_count,retry_count,service_run_type,forecast_submissions,actual_submissions,service_level_deadline_minutes,downstream_settlement_risk_flag,demo_capacity_per_hour,priority_class,settlement_critical_indicator,payment_critical_indicator,net_queue_growth,forecast_error_pct,risk_state
2026-01-01T00:00,SYN-VLP-01,VLP,new MSID Pair,0,0,0,8.5,0,0,registration,2,0,120,0,20,priority,1,1,0,-100.0,Normal
2026-01-01T00:00,SYN-VLP-01,VLP,new AMSID Pair,0,0,0,7.2,0,0,registration,0,0,120,0,20,priority,1,0,0,0.0,Normal
2026-01-01T00:00,SYN-VLP-01,VLP,historic resubmission,1,1,0,5.4,0,0,registration,0,1,120,0,20,standard,0,0,0,0.0,Normal
2026-01-01T00:00,SYN-VTP-01,VTP,new MSID Pair,0,0,0,6.4,0,0,registration,0,0,120,0,20,priority,1,1,0,0.0,Normal
2026-01-01T00:00,SYN-VTP-01,VTP,new AMSID Pair,1,1,0,6.8,0,0,registration,0,1,120,0,20,priority,1,0,0,0.0,Normal
2026-01-01T00:00,SYN-VTP-01,VTP,historic resubmission,0,0,0,8.4,0,0,registration,1,0,120,0,20,standard,0,0,0,-100.0,Normal
2026-01-01T00:00,SYN-AMVLP-01,AMVLP,new MSID Pair,1,1,0,6.4,0,0,registration,0,1,120,0,20,priority,1,1,0,0.0,Normal
2026-01-01T00:00,SYN-AMVLP-01,AMVLP,new AMSID Pair,1,1,0,6.0,0,0,registration,2,1,120,0,20,priority,1,0,0,-50.0,Normal
2026-01-01T00:00,SYN-AMVLP-01,AMVLP,historic resubmission,0,0,0,7.1,0,0,registration,0,0,120,0,20,standard,0,0,0,0.0,Normal
2026-01-01T00:00,SYN-VLP-02,VLP,new MSID Pair,0,0,0,5.5,0,0,registration,2,0,120,0,20,priority,1,1,0,-100.0,Normal
2026-01-01T00:00,SYN-VLP-02,VLP,new AMSID Pair,0,0,0,5.1,0,0,registration,0,0,120,0,20,priority,1,0,0,0.0,Normal
2026-01-01T00:00,SYN-VLP-02,VLP,historic resubmission,0,0,0,5.0,0,0,registration,0,0,120,0,20,standard,0,0,0,0.0,Normal
2026-01-01T00:00,SYN-VTP-02,VTP,new MSID Pair,1,1,0,6.5,0,0,registration,1,1,120,0,20,priority,1,1,0,0.0,Normal
2026-01-01T00:00,SYN-VTP-02,VTP,new AMSID Pair,0,0,0,7.7,0,0,registration,1,0,120,0,20,priority,1,0,0,-100.0,Normal
2026-01-01T00:00,SYN-VTP-02,VTP,historic resubmission,1,1,0,8.1,0,0,registration,0,1,120,0,20,standard,0,0,0,0.0,Normal
2026-01-01T00:00,SYN-SUP-01,Supplier,new MSID Pair,0,0,0,5.1,0,0,registration,0,0,120,0,20,priority,1,1,0,0.0,Normal
2026-01-01T00:00,SYN-SUP-01,Supplier,new AMSID Pair,0,0,0,8.7,0,0,registration,1,0,120,0,20,priority,1,0,0,-100.0,Normal
2026-01-01T00:00,SYN-SUP-01,Supplier,historic resubmission,1,1,0,8.2,0,0,registration,1,1,120,0,20,standard,0,0,0,0.0,Normal
2026-01-01T01:00,SYN-VLP-01,VLP,new MSID Pair,2,2,0,7.3,0,0,registration,1,2,120,0,20,priority,1,1,0,100.0,Normal
2026-01-01T01:00,SYN-VLP-01,VLP,new AMSID Pair,0,0,0,7.1,0,0,registration,1,0,120,0,20,priority,1,0,0,-100.0,Normal
2026-01-01T01:00,SYN-VLP-01,VLP,historic resubmission,0,0,0,8.3,0,0,registration,0,0,120,0,20,standard,0,0,0,0.0,Normal
2026-01-01T01:00,SYN-VTP-01,VTP,new MSID Pair,0,0,0,6.4,0,0,registration,1,0,120,0,20,priority,1,1,0,-100.0,Normal
2026-01-01T01:00,SYN-VTP-01,VTP,new AMSID Pair,0,0,0,6.1,0,0,registration,1,0,120,0,20,priority,1,0,0,-100.0,Normal
2026-01-01T01:00,SYN-VTP-01,VTP,historic resubmission,0,0,0,5.7,0,0,registration,1,0,120,0,20,standard,0,0,0,-100.0,Normal
2026-01-01T01:00,SYN-AMVLP-01,AMVLP,new MSID Pair,0,0,0,5.2,0,0,registration,0,0,120,0,20,priority,1,1,0,0.0,Normal
2026-01-01T01:00,SYN-AMVLP-01,AMVLP,new AMSID Pair,1,1,0,6.2,0,0,registration,1,1,120,0,20,priority,1,0,0,0.0,Normal
2026-01-01T01:00,SYN-AMVLP-01,AMVLP,historic resubmission,0,0,0,7.4,0,0,registration,0,0,120,0,20,standard,0,0,0,0.0,Normal
2026-01-01T01:00,SYN-VLP-02,VLP,new MSID Pair,0,0,0,5.1,0,0,registration,1,0,120,0,20,priority,1,1,0,-100.0,Normal
2026-01-01T01:00,SYN-VLP-02,VLP,new AMSID Pair,1,1,0,7.0,0,0,registration,0,1,120,0,20,priority,1,0,0,0.0,Normal
2026-01-01T01:00,SYN-VLP-02,VLP,historic resubmission,0,0,0,6.9,0,0,registration,0,0,120,0,20,standard,0,0,0,0.0,Normal
2026-01-01T01:00,SYN-VTP-02,VTP,new MSID Pair,0,0,0,5.3,0,0,registration,0,0,120,0,20,priority,1,1,0,0.0,Normal
2026-01-01T01:00,SYN-VTP-02,VTP,new AMSID Pair,1,1,0,8.6,0,0,registration,1,1,120,0,20,priority,1,0,0,0.0,Normal
2026-01-01T01:00,SYN-VTP-02,VTP,historic resubmission,1,1,0,5.8,0,0,registration,0,1,120,0,20,standard,0,0,0,0.0,Normal
2026-01-01T01:00,SYN-SUP-01,Supplier,new MSID Pair,0,0,0,7.2,0,0,registration,0,0,120,0,20,priority,1,1,0,0.0,Normal
2026-01-01T01:00,SYN-SUP-01,Supplier,new AMSID Pair,0,0,0,5.7,0,0,registration,0,0,120,0,20,priority,1,0,0,0.0,Normal
2026-01-01T01:00,SYN-SUP-01,Supplier,historic resubmission,0,0,0,6.9,0,0,registration,0,0,120,0,20,standard,0,0,0,0.0,Normal
2026-01-01T02:00,SYN-VLP-01,VLP,new MSID Pair,1,1,0,6.5,0,0,registration,2,1,120,0,20,priority,1,1,0,-50.0,Normal
2026-01-01T02:00,SYN-VLP-01,VLP,new AMSID Pair,1,1,0,8.4,0,0,registration,0,1,120,0,20,priority,1,0,0,0.0,Normal
2026-01-01T02:00,SYN-VLP-01,VLP,historic resubmission,1,1,0,5.9,0,0,registration,0,1,120,0,20,standard,0,0,0,0.0,Normal
2026-01-01T02:00,SYN-VTP-01,VTP,new MSID Pair,0,0,0,6.8,0,0,registration,0,0,120,0,20,priority,1,1,0,0.0,Normal
2026-01-01T02:00,SYN-VTP-01,VTP,new AMSID Pair,1,1,0,6.5,0,0,registration,0,1,120,0,20,priority,1,0,0,0.0,Normal
2026-01-01T02:00,SYN-VTP-01,VTP,historic resubmission,1,1,0,5.8,0,0,registration,0,1,120,0,20,standard,0,0,0,0.0,Normal
2026-01-01T02:00,SYN-AMVLP-01,AMVLP,new MSID Pair,0,0,0,5.6,0,0,registration,1,0,120,0,20,priority,1,1,0,-100.0,Normal
2026-01-01T02:00,SYN-AMVLP-01,AMVLP,new AMSID Pair,1,1,0,7.0,0,0,registration,2,1,120,0,20,priority,1,0,0,-50.0,Normal
2026-01-01T02:00,SYN-AMVLP-01,AMVLP,historic resubmission,1,1,0,5.4,0,0,registration,0,1,120,0,20,standard,0,0,0,0.0,Normal
2026-01-01T02:00,SYN-VLP-02,VLP,new MSID Pair,1,1,0,8.1,0,0,registration,1,1,120,0,20,priority,1,1,0,0.0,Normal
2026-01-01T02:00,SYN-VLP-02,VLP,new AMSID Pair,2,2,0,8.8,0,0,registration,1,2,120,0,20,priority,1,0,0,100.0,Normal
2026-01-01T02:00,SYN-VLP-02,VLP,historic resubmission,1,1,0,5.9,0,1,registration,0,1,120,0,20,standard,0,0,0,0.0,Normal
2026-01-01T02:00,SYN-VTP-02,VTP,new MSID Pair,0,0,0,6.5,0,0,registration,0,0,120,0,20,priority,1,1,0,0.0,Normal
2026-01-01T02:00,SYN-VTP-02,VTP,new AMSID Pair,0,0,0,8.1,0,0,registration,1,0,120,0,20,priority,1,0,0,-100.0,Normal
2026-01-01T02:00,SYN-VTP-02,VTP,historic resubmission,0,0,0,6.4,0,0,registration,1,0,120,0,20,standard,0,0,0,-100.0,Normal
2026-01-01T02:00,SYN-SUP-01,Supplier,new MSID Pair,0,0,0,6.9,0,0,registration,1,0,120,0,20,priority,1,1,0,-100.0,Normal
2026-01-01T02:00,SYN-SUP-01,Supplier,new AMSID Pair,0,0,0,5.5,0,0,registration,0,0,120,0,20,priority,1,0,0,0.0,Normal
2026-01-01T02:00,SYN-SUP-01,Supplier,historic resubmission,1,1,0,8.6,0,0,registration,1,1,120,0,20,standard,0,0,0,0.0,Normal
2026-01-01T03:00,SYN-VLP-01,VLP,new MSID Pair,2,2,0,5.2,0,0,registration,1,2,120,0,20,priority,1,1,0,100.0,Normal
2026-01-01T03:00,SYN-VLP-01,VLP,new AMSID Pair,0,0,0,8.8,0,0,registration,1,0,120,0,20,priority,1,0,0,-100.0,Normal
2026-01-01T03:00,SYN-VLP-01,VLP,historic resubmission,1,1,0,6.2,0,0,registration,1,1,120,0,20,standard,0,0,0,0.0,Normal
2026-01-01T03:00,SYN-VTP-01,VTP,new MSID Pair,0,0,0,8.3,0,0,registration,0,0,120,0,20,priority,1,1,0,0.0,Normal
2026-01-01T03:00,SYN-VTP-01,VTP,new AMSID Pair,1,1,0,8.7,0,0,registration,2,1,120,0,20,priority,1,0,0,-50.0,Normal
2026-01-01T03:00,SYN-VTP-01,VTP,historic resubmission,0,0,0,7.9,0,0,registration,0,0,120,0,20,standard,0,0,0,0.0,Normal
2026-01-01T03:00,SYN-AMVLP-01,AMVLP,new MSID Pair,1,1,0,8.3,0,0,registration,0,1,120,0,20,priority,1,1,0,0.0,Normal
2026-01-01T03:00,SYN-AMVLP-01,AMVLP,new AMSID Pair,2,2,0,8.4,0,0,registration,1,2,120,0,20,priority,1,0,0,100.0,Normal
2026-01-01T03:00,SYN-AMVLP-01,AMVLP,historic resubmission,1,1,0,6.1,0,0,registration,0,1,120,0,20,standard,0,0,0,0.0,Normal
2026-01-01T03:00,SYN-VLP-02,VLP,new MSID Pair,1,1,0,5.7,0,0,registration,1,1,120,0,20,priority,1,1,0,0.0,Normal
2026-01-01T03:00,SYN-VLP-02,VLP,new AMSID Pair,0,0,0,5.0,0,0,registration,0,0,120,0,20,priority,1,0,0,0.0,Normal
2026-01-01T03:00,SYN-VLP-02,VLP,historic resubmission,0,0,0,6.2,0,0,registration,0,0,120,0,20,standard,0,0,0,0.0,Normal
2026-01-01T03:00,SYN-VTP-02,VTP,new MSID Pair,1,1,0,7.5,0,1,registration,0,1,120,0,20,priority,1,1,0,0.0,Normal
2026-01-01T03:00,SYN-VTP-02,VTP,new AMSID Pair,0,0,0,6.9,0,0,registration,1,0,120,0,20,priority,1,0,0,-100.0,Normal
2026-01-01T03:00,SYN-VTP-02,VTP,historic resubmission,0,0,0,5.1,0,0,registration,0,0,120,0,20,standard,0,0,0,0.0,Normal
2026-01-01T03:00,SYN-SUP-01,Supplier,new MSID Pair,0,0,0,6.7,0,0,registration,0,0,120,0,20,priority,1,1,0,0.0,Normal
2026-01-01T03:00,SYN-SUP-01,Supplier,new AMSID Pair,0,0,0,6.1,0,0,registration,0,0,120,0,20,priority,1,0,0,0.0,Normal
2026-01-01T03:00,SYN-SUP-01,Supplier,historic resubmission,1,1,0,7.7,0,0,registration,1,1,120,0,20,standard,0,0,0,0.0,Normal
2026-01-01T04:00,SYN-VLP-01,VLP,new MSID Pair,1,1,0,5.1,0,0,registration,2,1,120,0,20,priority,1,1,0,-50.0,Normal
2026-01-01T04:00,SYN-VLP-01,VLP,new AMSID Pair,0,0,0,8.8,0,0,registration,0,0,120,0,20,priority,1,0,0,0.0,Normal
2026-01-01T04:00,SYN-VLP-01,VLP,historic resubmission,0,0,0,7.5,0,0,registration,0,0,120,0,20,standard,0,0,0,0.0,Normal
2026-01-01T04:00,SYN-VTP-01,VTP,new MSID Pair,2,2,0,8.4,0,0,registration,1,2,120,0,20,priority,1,1,0,100.0,Normal
2026-01-01T04:00,SYN-VTP-01,VTP,new AMSID Pair,1,1,0,5.6,0,0,registration,1,1,120,0,20,priority,1,0,0,0.0,Normal
2026-01-01T04:00,SYN-VTP-01,VTP,historic resubmission,0,0,0,5.3,0,0,registration,0,0,120,0,20,standard,0,0,0,0.0,Normal
2026-01-01T04:00,SYN-AMVLP-01,AMVLP,new MSID Pair,0,0,0,6.7,0,0,registration,0,0,120,0,20,priority,1,1,0,0.0,Normal
2026-01-01T04:00,SYN-AMVLP-01,AMVLP,new AMSID Pair,1,1,0,5.7,0,0,registration,2,1,120,0,20,priority,1,0,0,-50.0,Normal
2026-01-01T04:00,SYN-AMVLP-01,AMVLP,historic resubmission,0,0,0,8.3,0,0,registration,1,0,120,0,20,standard,0,0,0,-100.0,Normal
2026-01-01T04:00,SYN-VLP-02,VLP,new MSID Pair,0,0,0,6.7,0,0,registration,1,0,120,0,20,priority,1,1,0,-100.0,Normal
2026-01-01T04:00,SYN-VLP-02,VLP,new AMSID Pair,0,0,0,8.1,0,0,registration,1,0,120,0,20,priority,1,0,0,-100.0,Normal
2026-01-01T04:00,SYN-VLP-02,VLP,historic resubmission,0,0,0,7.9,0,0,registration,1,0,120,0,20,standard,0,0,0,-100.0,Normal
2026-01-01T04:00,SYN-VTP-02,VTP,new MSID Pair,0,0,0,6.8,0,0,registration,0,0,120,0,20,priority,1,1,0,0.0,Normal
2026-01-01T04:00,SYN-VTP-02,VTP,new AMSID Pair,0,0,0,7.6,0,0,registration,0,0,120,0,20,priority,1,0,0,0.0,Normal
2026-01-01T04:00,SYN-VTP-02,VTP,historic resubmission,1,1,0,8.3,0,0,registration,0,1,120,0,20,standard,0,0,0,0.0,Normal
2026-01-01T04:00,SYN-SUP-01,Supplier,new MSID Pair,1,1,0,8.5,0,0,registration,0,1,120,0,20,priority,1,1,0,0.0,Normal
2026-01-01T04:00,SYN-SUP-01,Supplier,new AMSID Pair,1,1,0,5.5,0,0,registration,0,1,120,0,20,priority,1,0,0,0.0,Normal
2026-01-01T04:00,SYN-SUP-01,Supplier,historic resubmission,0,0,0,6.7,0,0,registration,1,0,120,0,20,standard,0,0,0,-100.0,Normal
2026-01-01T05:00,SYN-VLP-01,VLP,new MSID Pair,1,1,0,8.1,0,0,registration,0,1,120,0,20,priority,1,1,0,0.0,Normal
2026-01-01T05:00,SYN-VLP-01,VLP,new AMSID Pair,0,0,0,6.1,0,0,registration,1,0,120,0,20,priority,1,0,0,-100.0,Normal
2026-01-01T05:00,SYN-VLP-01,VLP,historic resubmission,0,0,0,6.3,0,0,registration,0,0,120,0,20,standard,0,0,0,0.0,Normal
2026-01-01T05:00,SYN-VTP-01,VTP,new MSID Pair,1,1,0,5.7,0,0,registration,0,1,120,0,20,priority,1,1,0,0.0,Normal
2026-01-01T05:00,SYN-VTP-01,VTP,new AMSID Pair,0,0,0,8.2,0,0,registration,0,0,120,0,20,priority,1,0,0,0.0,Normal
2026-01-01T05:00,SYN-VTP-01,VTP,historic resubmission,0,0,0,5.6,0,0,registration,0,0,120,0,20,standard,0,0,0,0.0,Normal
2026-01-01T05:00,SYN-AMVLP-01,AMVLP,new MSID Pair,0,0,0,7.4,0,0,registration,0,0,120,0,20,priority,1,1,0,0.0,Normal
2026-01-01T05:00,SYN-AMVLP-01,AMVLP,new AMSID Pair,1,1,0,8.4,0,0,registration,2,1,120,0,20,priority,1,0,0,-50.0,Normal
2026-01-01T05:00,SYN-AMVLP-01,AMVLP,historic resubmission,1,1,0,5.7,0,0,registration,1,1,120,0,20,standard,0,0,0,0.0,Normal
2026-01-01T05:00,SYN-VLP-02,VLP,new MSID Pair,0,0,0,7.0,0,0,registration,1,0,120,0,20,priority,1,1,0,-100.0,Normal
2026-01-01T05:00,SYN-VLP-02,VLP,new AMSID Pair,0,0,0,8.8,0,0,registration,0,0,120,0,20,priority,1,0,0,0.0,Normal
2026-01-01T05:00,SYN-VLP-02,VLP,historic resubmission,0,0,0,6.6,0,0,registration,0,0,120,0,20,standard,0,0,0,0.0,Normal
2026-01-01T05:00,SYN-VTP-02,VTP,new MSID Pair,0,0,0,8.7,0,0,registration,0,0,120,0,20,priority,1,1,0,0.0,Normal
2026-01-01T05:00,SYN-VTP-02,VTP,new AMSID Pair,0,0,0,8.5,0,0,registration,1,0,120,0,20,priority,1,0,0,-100.0,Normal
2026-01-01T05:00,SYN-VTP-02,VTP,historic resubmission,0,0,0,6.2,0,0,registration,0,0,120,0,20,standard,0,0,0,0.0,Normal
2026-01-01T05:00,SYN-SUP-01,Supplier,new MSID Pair,0,0,0,8.5,0,0,registration,0,0,120,0,20,priority,1,1,0,0.0,Normal
2026-01-01T05:00,SYN-SUP-01,Supplier,new AMSID Pair,0,0,0,6.0,0,0,registration,0,0,120,0,20,priority,1,0,0,0.0,Normal
2026-01-01T05:00,SYN-SUP-01,Supplier,historic resubmission,0,0,0,5.6,0,0,registration,0,0,120,0,20,standard,0,0,0,0.0,Normal
2026-01-01T06:00,SYN-VLP-01,VLP,new MSID Pair,3,3,0,6.3,0,0,registration,4,3,120,0,20,priority,1,1,0,-25.0,Normal
2026-01-01T06:00,SYN-VLP-01,VLP,new AMSID Pair,2,2,0,5.7,0,0,registration,0,2,120,0,20,priority,1,0,0,0.0,Normal
2026-01-01T06:00,SYN-VLP-01,VLP,historic resubmission,0,0,0,7.5,0,0,registration,0,0,120,0,20,standard,0,0,0,0.0,Normal
2026-01-01T06:00,SYN-VTP-01,VTP,new MSID Pair,1,1,0,7.4,0,0,registration,0,1,120,0,20,priority,1,1,0,0.0,Normal
2026-01-01T06:00,SYN-VTP-01,VTP,new AMSID Pair,0,0,0,5.6,0,0,registration,1,0,120,0,20,priority,1,0,0,-100.0,Normal
2026-01-01T06:00,SYN-VTP-01,VTP,historic resubmission,0,0,0,6.3,0,0,registration,0,0,120,0,20,standard,0,0,0,0.0,Normal
2026-01-01T06:00,SYN-AMVLP-01,AMVLP,new MSID Pair,0,0,0,6.7,0,0,registration,1,0,120,0,20,priority,1,1,0,-100.0,Normal
2026-01-01T06:00,SYN-AMVLP-01,AMVLP,new AMSID Pair,2,2,0,7.1,0,0,registration,2,2,120,0,20,priority,1,0,0,0.0,Normal
2026-01-01T06:00,SYN-AMVLP-01,AMVLP,historic resubmission,0,0,0,5.1,0,0,registration,0,0,120,0,20,standard,0,0,0,0.0,Normal
2026-01-01T06:00,SYN-VLP-02,VLP,new MSID Pair,1,1,0,6.9,0,0,registration,1,1,120,0,20,priority,1,1,0,0.0,Normal
2026-01-01T06:00,SYN-VLP-02,VLP,new AMSID Pair,1,1,0,5.7,0,0,registration,1,1,120,0,20,priority,1,0,0,0.0,Normal
2026-01-01T06:00,SYN-VLP-02,VLP,historic resubmission,0,0,0,5.7,0,0,registration,0,0,120,0,20,standard,0,0,0,0.0,Normal
2026-01-01T06:00,SYN-VTP-02,VTP,new MSID Pair,0,0,0,7.6,0,0,registration,1,0,120,0,20,priority,1,1,0,-100.0,Normal
2026-01-01T06:00,SYN-VTP-02,VTP,new AMSID Pair,2,2,0,6.0,0,0,registration,1,2,120,0,20,priority,1,0,0,100.0,Normal
2026-01-01T06:00,SYN-VTP-02,VTP,historic resubmission,1,1,0,6.1,0,0,registration,1,1,120,0,20,standard,0,0,0,0.0,Normal
2026-01-01T06:00,SYN-SUP-01,Supplier,new MSID Pair,0,0,0,5.4,0,0,registration,0,0,120,0,20,priority,1,1,0,0.0,Normal
2026-01-01T06:00,SYN-SUP-01,Supplier,new AMSID Pair,0,0,0,8.9,0,0,registration,1,0,120,0,20,priority,1,0,0,-100.0,Normal
2026-01-01T06:00,SYN-SUP-01,Supplier,historic resubmission,2,2,0,5.4,0,0,registration,1,2,120,0,20,standard,0,0,0,100.0,Normal
2026-01-01T07:00,SYN-VLP-01,VLP,new MSID Pair,2,2,0,7.5,0,0,registration,3,2,120,0,20,priority,1,1,0,-33.33,Normal
2026-01-01T07:00,SYN-VLP-01,VLP,new AMSID Pair,0,0,0,8.2,0,0,registration,0,0,120,0,20,priority,1,0,0,0.0,Normal
2026-01-01T07:00,SYN-VLP-01,VLP,historic resubmission,0,0,0,8.7,0,0,registration,0,0,120,0,20,standard,0,0,0,0.0,Normal
2026-01-01T07:00,SYN-VTP-01,VTP,new MSID Pair,0,0,0,8.2,0,0,registration,0,0,120,0,20,priority,1,1,0,0.0,Normal
2026-01-01T07:00,SYN-VTP-01,VTP,new AMSID Pair,1,1,0,8.7,0,0,registration,1,1,120,0,20,priority,1,0,0,0.0,Normal
2026-01-01T07:00,SYN-VTP-01,VTP,historic resubmission,1,1,0,6.9,0,0,registration,1,1,120,0,20,standard,0,0,0,0.0,Normal
2026-01-01T07:00,SYN-AMVLP-01,AMVLP,new MSID Pair,0,0,0,8.9,0,0,registration,0,0,120,0,20,priority,1,1,0,0.0,Normal
2026-01-01T07:00,SYN-AMVLP-01,AMVLP,new AMSID Pair,3,3,0,5.8,0,0,registration,3,3,120,0,20,priority,1,0,0,0.0,Normal
2026-01-01T07:00,SYN-AMVLP-01,AMVLP,historic resubmission,0,0,0,5.2,0,0,registration,0,0,120,0,20,standard,0,0,0,0.0,Normal
2026-01-01T07:00,SYN-VLP-02,VLP,new MSID Pair,2,2,0,5.1,0,0,registration,1,2,120,0,20,priority,1,1,0,100.0,Normal
2026-01-01T07:00,SYN-VLP-02,VLP,new AMSID Pair,0,0,0,5.3,0,0,registration,0,0,120,0,20,priority,1,0,0,0.0,Normal
2026-01-01T07:00,SYN-VLP-02,VLP,historic resubmission,0,0,0,6.0,0,0,registration,1,0,120,0,20,standard,0,0,0,-100.0,Normal
2026-01-01T07:00,SYN-VTP-02,VTP,new MSID Pair,1,1,0,5.7,0,0,registration,1,1,120,0,20,priority,1,1,0,0.0,Normal
2026-01-01T07:00,SYN-VTP-02,VTP,new AMSID Pair,1,1,0,7.6,0,0,registration,2,1,120,0,20,priority,1,0,0,-50.0,Normal
2026-01-01T07:00,SYN-VTP-02,VTP,historic resubmission,0,0,0,5.3,0,0,registration,1,0,120,0,20,standard,0,0,0,-100.0,Normal
2026-01-01T07:00,SYN-SUP-01,Supplier,new MSID Pair,0,0,0,8.8,0,0,registration,0,0,120,0,20,priority,1,1,0,0.0,Normal
2026-01-01T07:00,SYN-SUP-01,Supplier,new AMSID Pair,1,1,0,6.6,0,0,registration,0,1,120,0,20,priority,1,0,0,0.0,Normal
2026-01-01T07:00,SYN-SUP-01,Supplier,historic resubmission,0,0,0,6.4,0,0,registration,0,0,120,0,20,standard,0,0,0,0.0,Normal
2026-01-01T08:00,SYN-VLP-01,VLP,new MSID Pair,1,1,0,6.9,0,0,registration,2,1,120,0,20,priority,1,1,0,-50.0,Normal
2026-01-01T08:00,SYN-VLP-01,VLP,new AMSID Pair,0,0,0,5.3,0,0,registration,0,0,120,0,20,priority,1,0,0,0.0,Normal
2026-01-01T08:00,SYN-VLP-01,VLP,historic resubmission,1,1,0,7.3,0,0,registration,0,1,120,0,20,standard,0,0,0,0.0,Normal
2026-01-01T08:00,SYN-VTP-01,VTP,new MSID Pair,0,0,0,8.7,0,0,registration,1,0,120,0,20,priority,1,1,0,-100.0,Normal
2026-01-01T08:00,SYN-VTP-01,VTP,new AMSID Pair,1,1,0,5.8,0,0,registration,2,1,120,0,20,priority,1,0,0,-50.0,Normal
2026-01-01T08:00,SYN-VTP-01,VTP,historic resubmission,1,1,0,5.4,0,0,registration,0,1,120,0,20,standard,0,0,0,0.0,Normal
2026-01-01T08:00,SYN-AMVLP-01,AMVLP,new MSID Pair,1,1,0,6.1,0,0,registration,1,1,120,0,20,priority,1,1,0,0.0,Normal
2026-01-01T08:00,SYN-AMVLP-01,AMVLP,new AMSID Pair,2,2,0,7.0,0,0,registration,3,2,120,0,20,priority,1,0,0,-33.33,Normal
2026-01-01T08:00,SYN-AMVLP-01,AMVLP,historic resubmission,0,0,0,5.9,0,0,registration,0,0,120,0,20,standard,0,0,0,0.0,Normal
2026-01-01T08:00,SYN-VLP-02,VLP,new MSID Pair,0,0,0,7.8,0,0,registration,2,0,120,0,20,priority,1,1,0,-100.0,Normal
2026-01-01T08:00,SYN-VLP-02,VLP,new AMSID Pair,1,1,0,6.0,0,0,registration,0,1,120,0,20,priority,1,0,0,0.0,Normal
2026-01-01T08:00,SYN-VLP-02,VLP,historic resubmission,1,1,0,5.2,0,0,registration,0,1,120,0,20,standard,0,0,0,0.0,Normal
2026-01-01T08:00,SYN-VTP-02,VTP,new MSID Pair,1,1,0,8.3,0,0,registration,1,1,120,0,20,priority,1,1,0,0.0,Normal
2026-01-01T08:00,SYN-VTP-02,VTP,new AMSID Pair,1,1,0,6.3,0,0,registration,0,1,120,0,20,priority,1,0,0,0.0,Normal
2026-01-01T08:00,SYN-VTP-02,VTP,historic resubmission,0,0,0,7.1,0,0,registration,0,0,120,0,20,standard,0,0,0,0.0,Normal
2026-01-01T08:00,SYN-SUP-01,Supplier,new MSID Pair,0,0,0,5.8,0,0,registration,0,0,120,0,20,priority,1,1,0,0.0,Normal
2026-01-01T08:00,SYN-SUP-01,Supplier,new AMSID Pair,1,1,0,8.7,0,0,registration,1,1,120,0,20,priority,1,0,0,0.0,Normal
2026-01-01T08:00,SYN-SUP-01,Supplier,historic resubmission,2,2,0,8.2,0,0,registration,1,2,120,0,20,standard,0,0,0,100.0,Normal
2026-01-01T09:00,SYN-VLP-01,VLP,new MSID Pair,3,3,0,5.7,0,0,registration,4,3,120,0,20,priority,1,1,0,-25.0,Normal
2026-01-01T09:00,SYN-VLP-01,VLP,new AMSID Pair,0,0,0,5.1,0,0,registration,0,0,120,0,20,priority,1,0,0,0.0,Normal
2026-01-01T09:00,SYN-VLP-01,VLP,historic resubmission,0,0,0,6.6,0,0,registration,0,0,120,0,20,standard,0,0,0,0.0,Normal
2026-01-01T09:00,SYN-VTP-01,VTP,new MSID Pair,1,1,0,6.8,0,0,registration,1,1,120,0,20,priority,1,1,0,0.0,Normal
2026-01-01T09:00,SYN-VTP-01,VTP,new AMSID Pair,3,3,0,8.8,0,0,registration,1,3,120,0,20,priority,1,0,0,200.0,Normal
2026-01-01T09:00,SYN-VTP-01,VTP,historic resubmission,1,1,0,8.2,0,0,registration,0,1,120,0,20,standard,0,0,0,0.0,Normal
2026-01-01T09:00,SYN-AMVLP-01,AMVLP,new MSID Pair,1,1,0,5.7,0,0,registration,1,1,120,0,20,priority,1,1,0,0.0,Normal
2026-01-01T09:00,SYN-AMVLP-01,AMVLP,new AMSID Pair,2,2,0,5.1,0,0,registration,5,2,120,0,20,priority,1,0,0,-60.0,Normal
2026-01-01T09:00,SYN-AMVLP-01,AMVLP,historic resubmission,1,0,1,6.9,0,0,registration,2,1,120,0,20,standard,0,0,1,-50.0,Normal
2026-01-01T09:00,SYN-VLP-02,VLP,new MSID Pair,3,3,0,7.5,0,0,registration,3,3,120,0,20,priority,1,1,0,0.0,Normal
2026-01-01T09:00,SYN-VLP-02,VLP,new AMSID Pair,1,1,0,7.5,0,0,registration,1,1,120,0,20,priority,1,0,0,0.0,Normal
2026-01-01T09:00,SYN-VLP-02,VLP,historic resubmission,1,1,0,5.2,0,0,registration,1,1,120,0,20,standard,0,0,0,0.0,Normal
2026-01-01T09:00,SYN-VTP-02,VTP,new MSID Pair,1,1,0,7.4,0,0,registration,1,1,120,0,20,priority,1,1,0,0.0,Normal
2026-01-01T09:00,SYN-VTP-02,VTP,new AMSID Pair,1,1,0,7.8,0,0,registration,3,1,120,0,20,priority,1,0,0,-66.67,Normal
2026-01-01T09:00,SYN-VTP-02,VTP,historic resubmission,0,0,0,7.6,0,0,registration,0,0,120,0,20,standard,0,0,0,0.0,Normal
2026-01-01T09:00,SYN-SUP-01,Supplier,new MSID Pair,1,1,0,7.8,0,0,registration,1,1,120,0,20,priority,1,1,0,0.0,Normal
2026-01-01T09:00,SYN-SUP-01,Supplier,new AMSID Pair,0,0,0,6.4,0,0,registration,1,0,120,0,20,priority,1,0,0,-100.0,Normal
2026-01-01T09:00,SYN-SUP-01,Supplier,historic resubmission,1,1,0,6.7,0,0,registration,1,1,120,0,20,standard,0,0,0,0.0,Normal
2026-01-01T10:00,SYN-VLP-01,VLP,new MSID Pair,3,3,0,5.8,0,0,registration,3,3,120,0,20,priority,1,1,0,0.0,Normal
2026-01-01T10:00,SYN-VLP-01,VLP,new AMSID Pair,1,1,0,8.6,0,0,registration,0,1,120,0,20,priority,1,0,0,0.0,Normal
2026-01-01T10:00,SYN-VLP-01,VLP,historic resubmission,0,0,0,8.0,0,0,registration,0,0,120,0,20,standard,0,0,0,0.0,Normal
2026-01-01T10:00,SYN-VTP-01,VTP,new MSID Pair,1,1,0,6.1,0,0,registration,2,1,120,0,20,priority,1,1,0,-50.0,Normal
2026-01-01T10:00,SYN-VTP-01,VTP,new AMSID Pair,2,2,0,8.7,0,0,registration,2,2,120,0,20,priority,1,0,0,0.0,Normal
2026-01-01T10:00,SYN-VTP-01,VTP,historic resubmission,0,0,0,8.0,0,0,registration,0,0,120,0,20,standard,0,0,0,0.0,Normal
2026-01-01T10:00,SYN-AMVLP-01,AMVLP,new MSID Pair,0,0,0,7.1,0,0,registration,1,0,120,0,20,priority,1,1,0,-100.0,Normal
2026-01-01T10:00,SYN-AMVLP-01,AMVLP,new AMSID Pair,4,4,0,7.6,0,0,registration,4,4,120,0,20,priority,1,0,0,0.0,Normal
2026-01-01T10:00,SYN-AMVLP-01,AMVLP,historic resubmission,1,1,1,7.1,0,0,registration,2,1,120,0,20,standard,0,0,0,-50.0,Normal
2026-01-01T10:00,SYN-VLP-02,VLP,new MSID Pair,2,2,0,8.6,0,0,registration,2,2,120,0,20,priority,1,1,0,0.0,Normal
2026-01-01T10:00,SYN-VLP-02,VLP,new AMSID Pair,1,1,0,6.2,0,0,registration,0,1,120,0,20,priority,1,0,0,0.0,Normal
2026-01-01T10:00,SYN-VLP-02,VLP,historic resubmission,1,1,0,7.3,0,0,registration,1,1,120,0,20,standard,0,0,0,0.0,Normal
2026-01-01T10:00,SYN-VTP-02,VTP,new MSID Pair,1,1,0,6.5,0,0,registration,1,1,120,0,20,priority,1,1,0,0.0,Normal
2026-01-01T10:00,SYN-VTP-02,VTP,new AMSID Pair,1,1,0,5.9,0,0,registration,1,1,120,0,20,priority,1,0,0,0.0,Normal
2026-01-01T10:00,SYN-VTP-02,VTP,historic resubmission,1,0,1,5.2,0,0,registration,1,1,120,0,20,standard,0,0,1,0.0,Normal
2026-01-01T10:00,SYN-SUP-01,Supplier,new MSID Pair,1,1,0,8.4,0,0,registration,0,1,120,0,20,priority,1,1,0,0.0,Normal
2026-01-01T10:00,SYN-SUP-01,Supplier,new AMSID Pair,0,0,0,7.3,0,0,registration,0,0,120,0,20,priority,1,0,0,0.0,Normal
2026-01-01T10:00,SYN-SUP-01,Supplier,historic resubmission,2,1,1,7.7,0,0,registration,2,2,120,0,20,standard,0,0,1,0.0,Normal
2026-01-01T11:00,SYN-VLP-01,VLP,new MSID Pair,3,3,0,5.6,0,0,registration,3,3,120,0,20,priority,1,1,0,0.0,Normal
2026-01-01T11:00,SYN-VLP-01,VLP,new AMSID Pair,2,2,0,8.7,0,0,registration,0,2,120,0,20,priority,1,0,0,0.0,Normal
2026-01-01T11:00,SYN-VLP-01,VLP,historic resubmission,1,1,0,6.5,0,0,registration,0,1,120,0,20,standard,0,0,0,0.0,Normal
2026-01-01T11:00,SYN-VTP-01,VTP,new MSID Pair,1,1,0,7.8,0,0,registration,2,1,120,0,20,priority,1,1,0,-50.0,Normal
2026-01-01T11:00,SYN-VTP-01,VTP,new AMSID Pair,2,2,0,7.7,0,0,registration,2,2,120,0,20,priority,1,0,0,0.0,Normal
2026-01-01T11:00,SYN-VTP-01,VTP,historic resubmission,1,0,1,8.3,0,0,registration,0,1,120,0,20,standard,0,0,1,0.0,Normal
2026-01-01T11:00,SYN-AMVLP-01,AMVLP,new MSID Pair,0,0,0,5.7,0,0,registration,1,0,120,0,20,priority,1,1,0,-100.0,Normal
2026-01-01T11:00,SYN-AMVLP-01,AMVLP,new AMSID Pair,3,3,0,5.8,1,1,registration,3,3,120,0,20,priority,1,0,0,0.0,Normal
2026-01-01T11:00,SYN-AMVLP-01,AMVLP,historic resubmission,0,0,1,9.1,0,0,registration,0,0,120,0,20,standard,0,0,0,0.0,Normal
2026-01-01T11:00,SYN-VLP-02,VLP,new MSID Pair,2,2,0,9.0,0,0,registration,1,2,120,0,20,priority,1,1,0,100.0,Normal
2026-01-01T11:00,SYN-VLP-02,VLP,new AMSID Pair,1,1,0,8.5,0,0,registration,0,1,120,0,20,priority,1,0,0,0.0,Normal
2026-01-01T11:00,SYN-VLP-02,VLP,historic resubmission,0,0,0,5.7,0,0,registration,1,0,120,0,20,standard,0,0,0,-100.0,Normal
2026-01-01T11:00,SYN-VTP-02,VTP,new MSID Pair,1,1,0,5.4,0,0,registration,0,1,120,0,20,priority,1,1,0,0.0,Normal
2026-01-01T11:00,SYN-VTP-02,VTP,new AMSID Pair,2,2,0,8.0,0,0,registration,2,2,120,0,20,priority,1,0,0,0.0,Normal
2026-01-01T11:00,SYN-VTP-02,VTP,historic resubmission,2,1,2,7.4,1,1,registration,1,2,120,0,20,standard,0,0,1,100.0,Normal
2026-01-01T11:00,SYN-SUP-01,Supplier,new MSID Pair,0,0,0,7.3,0,0,registration,0,0,120,0,20,priority,1,1,0,0.0,Normal
2026-01-01T11:00,SYN-SUP-01,Supplier,new AMSID Pair,0,0,0,6.6,0,0,registration,0,0,120,0,20,priority,1,0,0,0.0,Normal
2026-01-01T11:00,SYN-SUP-01,Supplier,historic resubmission,2,1,2,8.4,0,0,registration,2,2,120,0,20,standard,0,0,1,0.0,Normal
2026-01-01T12:00,SYN-VLP-01,VLP,new MSID Pair,3,3,0,8.5,0,0,registration,3,3,120,0,20,priority,1,1,0,0.0,Normal
2026-01-01T12:00,SYN-VLP-01,VLP,new AMSID Pair,1,1,0,8.6,0,0,registration,1,1,120,0,20,priority,1,0,0,0.0,Normal
2026-01-01T12:00,SYN-VLP-01,VLP,historic resubmission,1,0,1,7.8,0,0,registration,0,1,120,0,20,standard,0,0,1,0.0,Normal
2026-01-01T12:00,SYN-VTP-01,VTP,new MSID Pair,1,1,0,8.5,0,0,registration,0,1,120,0,20,priority,1,1,0,0.0,Normal
2026-01-01T12:00,SYN-VTP-01,VTP,new AMSID Pair,2,2,0,9.0,0,0,registration,2,2,120,0,20,priority,1,0,0,0.0,Normal
2026-01-01T12:00,SYN-VTP-01,VTP,historic resubmission,1,1,1,6.3,0,0,registration,0,1,120,0,20,standard,0,0,0,0.0,Normal
2026-01-01T12:00,SYN-AMVLP-01,AMVLP,new MSID Pair,0,0,0,9.1,0,0,registration,0,0,120,0,20,priority,1,1,0,0.0,Normal
2026-01-01T12:00,SYN-AMVLP-01,AMVLP,new AMSID Pair,4,3,1,5.7,0,0,registration,4,4,120,0,20,priority,1,0,1,0.0,Normal
2026-01-01T12:00,SYN-AMVLP-01,AMVLP,historic resubmission,0,0,1,6.3,0,0,registration,0,0,120,0,20,standard,0,0,0,0.0,Normal
2026-01-01T12:00,SYN-VLP-02,VLP,new MSID Pair,1,1,0,5.6,0,0,registration,2,1,120,0,20,priority,1,1,0,-50.0,Normal
2026-01-01T12:00,SYN-VLP-02,VLP,new AMSID Pair,1,1,0,6.9,0,0,registration,0,1,120,0,20,priority,1,0,0,0.0,Normal
2026-01-01T12:00,SYN-VLP-02,VLP,historic resubmission,1,0,1,8.1,0,0,registration,0,1,120,0,20,standard,0,0,1,0.0,Normal
2026-01-01T12:00,SYN-VTP-02,VTP,new MSID Pair,2,2,0,6.9,1,1,registration,1,2,120,0,20,priority,1,1,0,100.0,Normal
2026-01-01T12:00,SYN-VTP-02,VTP,new AMSID Pair,1,1,0,5.6,0,0,registration,2,1,120,0,20,priority,1,0,0,-50.0,Normal
2026-01-01T12:00,SYN-VTP-02,VTP,historic resubmission,2,2,2,7.4,0,0,registration,1,2,120,0,20,standard,0,0,0,100.0,Normal
2026-01-01T12:00,SYN-SUP-01,Supplier,new MSID Pair,0,0,0,5.5,0,0,registration,1,0,120,0,20,priority,1,1,0,-100.0,Normal
2026-01-01T12:00,SYN-SUP-01,Supplier,new AMSID Pair,1,1,0,8.7,0,0,registration,1,1,120,0,20,priority,1,0,0,0.0,Normal
2026-01-01T12:00,SYN-SUP-01,Supplier,historic resubmission,1,1,2,5.5,0,0,registration,1,1,120,0,20,standard,0,0,0,0.0,Normal
2026-01-01T13:00,SYN-VLP-01,VLP,new MSID Pair,1,1,0,9.6,0,0,registration,2,1,120,0,20,priority,1,1,0,-50.0,Normal
2026-01-01T13:00,SYN-VLP-01,VLP,new AMSID Pair,1,1,0,8.5,0,0,registration,1,1,120,0,20,priority,1,0,0,0.0,Normal
2026-01-01T13:00,SYN-VLP-01,VLP,historic resubmission,1,1,1,7.9,0,0,registration,0,1,120,0,20,standard,0,0,0,0.0,Normal
2026-01-01T13:00,SYN-VTP-01,VTP,new MSID Pair,1,1,0,7.5,0,0,registration,1,1,120,0,20,priority,1,1,0,0.0,Normal
2026-01-01T13:00,SYN-VTP-01,VTP,new AMSID Pair,1,1,0,7.2,0,0,registration,1,1,120,0,20,priority,1,0,0,0.0,Normal
2026-01-01T13:00,SYN-VTP-01,VTP,historic resubmission,0,1,0,5.7,0,0,registration,1,0,120,0,20,standard,0,0,-1,-100.0,Normal
2026-01-01T13:00,SYN-AMVLP-01,AMVLP,new MSID Pair,0,0,0,6.1,0,0,registration,2,0,120,0,20,priority,1,1,0,-100.0,Normal
2026-01-01T13:00,SYN-AMVLP-01,AMVLP,new AMSID Pair,4,5,0,8.5,0,0,registration,3,4,120,0,20,priority,1,0,-1,33.33,Normal
2026-01-01T13:00,SYN-AMVLP-01,AMVLP,historic resubmission,2,1,2,9.4,0,0,registration,0,2,120,0,20,standard,0,0,1,0.0,Normal
2026-01-01T13:00,SYN-VLP-02,VLP,new MSID Pair,2,2,0,8.7,1,1,registration,2,2,120,0,20,priority,1,1,0,0.0,Normal
2026-01-01T13:00,SYN-VLP-02,VLP,new AMSID Pair,1,1,0,8.2,0,0,registration,0,1,120,0,20,priority,1,0,0,0.0,Normal
2026-01-01T13:00,SYN-VLP-02,VLP,historic resubmission,0,1,0,6.3,0,0,registration,0,0,120,0,20,standard,0,0,-1,0.0,Normal
2026-01-01T13:00,SYN-VTP-02,VTP,new MSID Pair,1,1,0,9.5,0,0,registration,1,1,120,0,20,priority,1,1,0,0.0,Normal
2026-01-01T13:00,SYN-VTP-02,VTP,new AMSID Pair,1,1,0,6.0,0,0,registration,1,1,120,0,20,priority,1,0,0,0.0,Normal
2026-01-01T13:00,SYN-VTP-02,VTP,historic resubmission,0,1,1,8.3,0,0,registration,0,0,120,0,20,standard,0,0,-1,0.0,Normal
2026-01-01T13:00,SYN-SUP-01,Supplier,new MSID Pair,0,0,0,9.2,0,0,registration,0,0,120,0,20,priority,1,1,0,0.0,Normal
2026-01-01T13:00,SYN-SUP-01,Supplier,new AMSID Pair,0,0,0,8.5,0,0,registration,1,0,120,0,20,priority,1,0,0,-100.0,Normal
2026-01-01T13:00,SYN-SUP-01,Supplier,historic resubmission,1,1,2,8.6,0,0,registration,2,1,120,0,20,standard,0,0,0,-50.0,Normal
2026-01-01T14:00,SYN-VLP-01,VLP,new MSID Pair,3,2,1,7.2,0,0,registration,3,3,120,0,20,priority,1,1,1,0.0,Normal
2026-01-01T14:00,SYN-VLP-01,VLP,new AMSID Pair,2,2,0,6.6,0,0,registration,0,2,120,0,20,priority,1,0,0,0.0,Normal
2026-01-01T14:00,SYN-VLP-01,VLP,historic resubmission,1,1,1,6.2,0,0,registration,0,1,120,0,20,standard,0,0,0,0.0,Normal
2026-01-01T14:00,SYN-VTP-01,VTP,new MSID Pair,1,1,0,8.7,0,0,registration,2,1,120,0,20,priority,1,1,0,-50.0,Normal
2026-01-01T14:00,SYN-VTP-01,VTP,new AMSID Pair,1,1,0,6.3,0,0,registration,1,1,120,0,20,priority,1,0,0,0.0,Normal
2026-01-01T14:00,SYN-VTP-01,VTP,historic resubmission,0,0,0,5.5,0,0,registration,0,0,120,0,20,standard,0,0,0,0.0,Normal
2026-01-01T14:00,SYN-AMVLP-01,AMVLP,new MSID Pair,1,1,0,6.7,0,0,registration,0,1,120,0,20,priority,1,1,0,0.0,Normal
2026-01-01T14:00,SYN-AMVLP-01,AMVLP,new AMSID Pair,3,2,1,5.7,0,0,registration,2,3,120,0,20,priority,1,0,1,50.0,Normal
2026-01-01T14:00,SYN-AMVLP-01,AMVLP,historic resubmission,1,1,2,7.3,0,0,registration,2,1,120,0,20,standard,0,0,0,-50.0,Normal
2026-01-01T14:00,SYN-VLP-02,VLP,new MSID Pair,2,1,1,8.0,0,0,registration,2,2,120,0,20,priority,1,1,1,0.0,Normal
2026-01-01T14:00,SYN-VLP-02,VLP,new AMSID Pair,2,1,1,8.4,0,0,registration,1,2,120,0,20,priority,1,0,1,100.0,Normal
2026-01-01T14:00,SYN-VLP-02,VLP,historic resubmission,1,0,1,9.2,0,0,registration,1,1,120,0,20,standard,0,0,1,0.0,Normal
2026-01-01T14:00,SYN-VTP-02,VTP,new MSID Pair,1,1,0,5.8,0,0,registration,1,1,120,0,20,priority,1,1,0,0.0,Normal
2026-01-01T14:00,SYN-VTP-02,VTP,new AMSID Pair,2,1,1,8.6,0,0,registration,2,2,120,0,20,priority,1,0,1,0.0,Normal
2026-01-01T14:00,SYN-VTP-02,VTP,historic resubmission,2,1,2,9.4,0,0,registration,0,2,120,0,20,standard,0,0,1,0.0,Normal
2026-01-01T14:00,SYN-SUP-01,Supplier,new MSID Pair,2,2,0,8.1,0,0,registration,1,2,120,0,20,priority,1,1,0,100.0,Normal
2026-01-01T14:00,SYN-SUP-01,Supplier,new AMSID Pair,1,1,0,6.1,0,1,registration,0,1,120,0,20,priority,1,0,0,0.0,Normal
2026-01-01T14:00,SYN-SUP-01,Supplier,historic resubmission,0,1,1,8.9,0,0,registration,1,0,120,0,20,standard,0,0,-1,-100.0,Normal
2026-01-01T15:00,SYN-VLP-01,VLP,new MSID Pair,3,2,2,7.9,0,0,registration,4,3,120,0,20,priority,1,1,1,-25.0,Normal
2026-01-01T15:00,SYN-VLP-01,VLP,new AMSID Pair,1,1,0,8.8,0,0,registration,0,1,120,0,20,priority,1,0,0,0.0,Normal
2026-01-01T15:00,SYN-VLP-01,VLP,historic resubmission,0,0,1,6.8,0,0,registration,1,0,120,0,20,standard,0,0,0,-100.0,Normal
2026-01-01T15:00,SYN-VTP-01,VTP,new MSID Pair,2,1,1,8.5,0,1,registration,2,2,120,0,20,priority,1,1,1,0.0,Normal
2026-01-01T15:00,SYN-VTP-01,VTP,new AMSID Pair,2,1,1,9.0,0,0,registration,1,2,120,0,20,priority,1,0,1,100.0,Normal
2026-01-01T15:00,SYN-VTP-01,VTP,historic resubmission,0,0,0,7.2,0,0,registration,0,0,120,0,20,standard,0,0,0,0.0,Normal
2026-01-01T15:00,SYN-AMVLP-01,AMVLP,new MSID Pair,1,1,0,9.6,0,0,registration,0,1,120,0,20,priority,1,1,0,0.0,Normal
2026-01-01T15:00,SYN-AMVLP-01,AMVLP,new AMSID Pair,5,4,2,7.3,0,0,registration,4,5,120,0,20,priority,1,0,1,25.0,Normal
2026-01-01T15:00,SYN-AMVLP-01,AMVLP,historic resubmission,1,1,2,7.2,0,0,registration,0,1,120,0,20,standard,0,0,0,0.0,Normal
2026-01-01T15:00,SYN-VLP-02,VLP,new MSID Pair,3,2,2,9.1,0,0,registration,2,3,120,0,20,priority,1,1,1,50.0,Normal
2026-01-01T15:00,SYN-VLP-02,VLP,new AMSID Pair,2,2,1,7.1,0,0,registration,1,2,120,0,20,priority,1,0,0,100.0,Normal
2026-01-01T15:00,SYN-VLP-02,VLP,historic resubmission,1,0,2,6.6,0,0,registration,1,1,120,0,20,standard,0,0,1,0.0,Normal
2026-01-01T15:00,SYN-VTP-02,VTP,new MSID Pair,1,1,0,9.0,0,0,registration,1,1,120,0,20,priority,1,1,0,0.0,Normal
2026-01-01T15:00,SYN-VTP-02,VTP,new AMSID Pair,1,1,1,6.5,0,0,registration,3,1,120,0,20,priority,1,0,0,-66.67,Normal
2026-01-01T15:00,SYN-VTP-02,VTP,historic resubmission,1,1,2,8.8,0,0,registration,0,1,120,0,20,standard,0,0,0,0.0,Normal
2026-01-01T15:00,SYN-SUP-01,Supplier,new MSID Pair,1,1,0,7.0,0,0,registration,0,1,120,0,20,priority,1,1,0,0.0,Normal
2026-01-01T15:00,SYN-SUP-01,Supplier,new AMSID Pair,0,0,0,6.5,0,0,registration,0,0,120,0,20,priority,1,0,0,0.0,Normal
2026-01-01T15:00,SYN-SUP-01,Supplier,historic resubmission,1,1,1,9.6,0,0,registration,1,1,120,0,20,standard,0,0,0,0.0,Normal
2026-01-01T16:00,SYN-VLP-01,VLP,new MSID Pair,2,3,1,6.5,0,0,registration,4,2,120,0,20,priority,1,1,-1,-50.0,Normal
2026-01-01T16:00,SYN-VLP-01,VLP,new AMSID Pair,0,0,0,6.5,0,0,registration,0,0,120,0,20,priority,1,0,0,0.0,Normal
2026-01-01T16:00,SYN-VLP-01,VLP,historic resubmission,0,0,1,9.3,0,0,registration,1,0,120,0,20,standard,0,0,0,-100.0,Normal
2026-01-01T16:00,SYN-VTP-01,VTP,new MSID Pair,1,1,1,7.2,0,0,registration,2,1,120,0,20,priority,1,1,0,-50.0,Normal
2026-01-01T16:00,SYN-VTP-01,VTP,new AMSID Pair,1,1,1,7.8,1,1,registration,3,1,120,0,20,priority,1,0,0,-66.67,Normal
2026-01-01T16:00,SYN-VTP-01,VTP,historic resubmission,0,0,0,8.0,0,0,registration,0,0,120,0,20,standard,0,0,0,0.0,Normal
2026-01-01T16:00,SYN-AMVLP-01,AMVLP,new MSID Pair,0,0,0,8.3,0,0,registration,0,0,120,0,20,priority,1,1,0,0.0,Normal
2026-01-01T16:00,SYN-AMVLP-01,AMVLP,new AMSID Pair,4,5,1,6.4,0,0,registration,3,4,120,0,20,priority,1,0,-1,33.33,Normal
2026-01-01T16:00,SYN-AMVLP-01,AMVLP,historic resubmission,1,1,2,9.9,0,0,registration,0,1,120,0,20,standard,0,0,0,0.0,Normal
2026-01-01T16:00,SYN-VLP-02,VLP,new MSID Pair,1,2,1,9.9,0,0,registration,2,1,120,0,20,priority,1,1,-1,-50.0,Normal
2026-01-01T16:00,SYN-VLP-02,VLP,new AMSID Pair,0,1,0,6.8,0,0,registration,2,0,120,0,20,priority,1,0,-1,-100.0,Normal
2026-01-01T16:00,SYN-VLP-02,VLP,historic resubmission,0,1,1,6.8,0,0,registration,0,0,120,0,20,standard,0,0,-1,0.0,Normal
2026-01-01T16:00,SYN-VTP-02,VTP,new MSID Pair,0,0,0,8.6,0,0,registration,1,0,120,0,20,priority,1,1,0,-100.0,Normal
2026-01-01T16:00,SYN-VTP-02,VTP,new AMSID Pair,2,2,1,6.5,1,1,registration,2,2,120,0,20,priority,1,0,0,0.0,Normal
2026-01-01T16:00,SYN-VTP-02,VTP,historic resubmission,0,1,1,7.5,0,0,registration,0,0,120,0,20,standard,0,0,-1,0.0,Normal
2026-01-01T16:00,SYN-SUP-01,Supplier,new MSID Pair,1,1,0,7.2,0,0,registration,0,1,120,0,20,priority,1,1,0,0.0,Normal
2026-01-01T16:00,SYN-SUP-01,Supplier,new AMSID Pair,0,0,0,8.9,0,0,registration,0,0,120,0,20,priority,1,0,0,0.0,Normal
2026-01-01T16:00,SYN-SUP-01,Supplier,historic resubmission,1,1,1,6.9,0,0,registration,0,1,120,0,20,standard,0,0,0,0.0,Normal
2026-01-01T17:00,SYN-VLP-01,VLP,new MSID Pair,2,3,0,9.6,0,1,registration,2,2,120,0,20,priority,1,1,-1,0.0,Normal
2026-01-01T17:00,SYN-VLP-01,VLP,new AMSID Pair,1,1,0,9.1,0,0,registration,0,1,120,0,20,priority,1,0,0,0.0,Normal
2026-01-01T17:00,SYN-VLP-01,VLP,historic resubmission,0,1,0,9.0,0,0,registration,0,0,120,0,20,standard,0,0,-1,0.0,Normal
2026-01-01T17:00,SYN-VTP-01,VTP,new MSID Pair,1,2,0,7.7,0,0,registration,2,1,120,0,20,priority,1,1,-1,-50.0,Normal
2026-01-01T17:00,SYN-VTP-01,VTP,new AMSID Pair,1,2,0,8.2,0,0,registration,2,1,120,0,20,priority,1,0,-1,-50.0,Normal
2026-01-01T17:00,SYN-VTP-01,VTP,historic resubmission,0,0,0,7.3,0,0,registration,0,0,120,0,20,standard,0,0,0,0.0,Normal
2026-01-01T17:00,SYN-AMVLP-01,AMVLP,new MSID Pair,0,0,0,9.6,0,0,registration,0,0,120,0,20,priority,1,1,0,0.0,Normal
2026-01-01T17:00,SYN-AMVLP-01,AMVLP,new AMSID Pair,1,2,0,9.0,0,0,registration,2,1,120,0,20,priority,1,0,-1,-50.0,Normal
2026-01-01T17:00,SYN-AMVLP-01,AMVLP,historic resubmission,0,1,1,6.2,0,0,registration,0,0,120,0,20,standard,0,0,-1,0.0,Normal
2026-01-01T17:00,SYN-VLP-02,VLP,new MSID Pair,2,3,0,8.9,0,0,registration,3,2,120,0,20,priority,1,1,-1,-33.33,Normal
2026-01-01T17:00,SYN-VLP-02,VLP,new AMSID Pair,0,0,0,9.3,0,0,registration,2,0,120,0,20,priority,1,0,0,-100.0,Normal
2026-01-01T17:00,SYN-VLP-02,VLP,historic resubmission,0,0,1,9.5,0,0,registration,0,0,120,0,20,standard,0,0,0,0.0,Normal
2026-01-01T17:00,SYN-VTP-02,VTP,new MSID Pair,1,1,0,7.0,0,0,registration,1,1,120,0,20,priority,1,1,0,0.0,Normal
2026-01-01T17:00,SYN-VTP-02,VTP,new AMSID Pair,2,3,0,7.1,0,0,registration,3,2,120,0,20,priority,1,0,-1,-33.33,Normal
2026-01-01T17:00,SYN-VTP-02,VTP,historic resubmission,0,0,1,7.6,0,0,registration,1,0,120,0,20,standard,0,0,0,-100.0,Normal
2026-01-01T17:00,SYN-SUP-01,Supplier,new MSID Pair,0,0,0,8.8,0,0,registration,2,0,120,0,20,priority,1,1,0,-100.0,Normal
2026-01-01T17:00,SYN-SUP-01,Supplier,new AMSID Pair,0,0,0,7.4,0,0,registration,0,0,120,0,20,priority,1,0,0,0.0,Normal
2026-01-01T17:00,SYN-SUP-01,Supplier,historic resubmission,0,1,0,8.9,0,0,registration,1,0,120,0,20,standard,0,0,-1,-100.0,Normal
2026-01-01T18:00,SYN-VLP-01,VLP,new MSID Pair,2,2,0,8.5,0,0,registration,2,2,120,0,20,priority,1,1,0,0.0,Normal
2026-01-01T18:00,SYN-VLP-01,VLP,new AMSID Pair,1,1,0,7.2,0,0,registration,0,1,120,0,20,priority,1,0,0,0.0,Normal
2026-01-01T18:00,SYN-VLP-01,VLP,historic resubmission,0,0,0,6.8,0,0,registration,0,0,120,0,20,standard,0,0,0,0.0,Normal
2026-01-01T18:00,SYN-VTP-01,VTP,new MSID Pair,1,1,0,7.3,0,0,registration,1,1,120,0,20,priority,1,1,0,0.0,Normal
2026-01-01T18:00,SYN-VTP-01,VTP,new AMSID Pair,1,1,0,5.7,0,0,registration,1,1,120,0,20,priority,1,0,0,0.0,Normal
2026-01-01T18:00,SYN-VTP-01,VTP,historic resubmission,1,1,0,5.5,0,0,registration,0,1,120,0,20,standard,0,0,0,0.0,Normal
2026-01-01T18:00,SYN-AMVLP-01,AMVLP,new MSID Pair,0,0,0,8.3,0,0,registration,1,0,120,0,20,priority,1,1,0,-100.0,Normal
2026-01-01T18:00,SYN-AMVLP-01,AMVLP,new AMSID Pair,1,1,0,6.9,0,0,registration,4,1,120,0,20,priority,1,0,0,-75.0,Normal
2026-01-01T18:00,SYN-AMVLP-01,AMVLP,historic resubmission,0,1,0,6.9,0,0,registration,1,0,120,0,20,standard,0,0,-1,-100.0,Normal
2026-01-01T18:00,SYN-VLP-02,VLP,new MSID Pair,3,3,0,5.4,0,1,registration,0,3,120,0,20,priority,1,1,0,0.0,Normal
2026-01-01T18:00,SYN-VLP-02,VLP,new AMSID Pair,0,0,0,6.6,0,0,registration,1,0,120,0,20,priority,1,0,0,-100.0,Normal
2026-01-01T18:00,SYN-VLP-02,VLP,historic resubmission,1,2,0,9.2,0,0,registration,0,1,120,0,20,standard,0,0,-1,0.0,Normal
2026-01-01T18:00,SYN-VTP-02,VTP,new MSID Pair,0,0,0,5.9,0,0,registration,2,0,120,0,20,priority,1,1,0,-100.0,Normal
2026-01-01T18:00,SYN-VTP-02,VTP,new AMSID Pair,1,1,0,6.6,0,0,registration,0,1,120,0,20,priority,1,0,0,0.0,Normal
2026-01-01T18:00,SYN-VTP-02,VTP,historic resubmission,0,1,0,8.5,0,0,registration,2,0,120,0,20,standard,0,0,-1,-100.0,Normal
2026-01-01T18:00,SYN-SUP-01,Supplier,new MSID Pair,1,1,0,8.7,0,0,registration,0,1,120,0,20,priority,1,1,0,0.0,Normal
2026-01-01T18:00,SYN-SUP-01,Supplier,new AMSID Pair,0,0,0,6.8,0,0,registration,0,0,120,0,20,priority,1,0,0,0.0,Normal
2026-01-01T18:00,SYN-SUP-01,Supplier,historic resubmission,3,3,0,8.4,0,0,registration,2,3,120,0,20,standard,0,0,0,50.0,Normal
2026-01-01T19:00,SYN-VLP-01,VLP,new MSID Pair,2,2,0,6.6,0,0,registration,3,2,120,0,20,priority,1,1,0,-33.33,Normal
2026-01-01T19:00,SYN-VLP-01,VLP,new AMSID Pair,0,0,0,5.5,0,0,registration,1,0,120,0,20,priority,1,0,0,-100.0,Normal
2026-01-01T19:00,SYN-VLP-01,VLP,historic resubmission,0,0,0,8.4,0,0,registration,1,0,120,0,20,standard,0,0,0,-100.0,Normal
2026-01-01T19:00,SYN-VTP-01,VTP,new MSID Pair,2,2,0,7.9,0,0,registration,0,2,120,0,20,priority,1,1,0,0.0,Normal
2026-01-01T19:00,SYN-VTP-01,VTP,new AMSID Pair,3,3,0,8.5,0,0,registration,2,3,120,0,20,priority,1,0,0,50.0,Normal
2026-01-01T19:00,SYN-VTP-01,VTP,historic resubmission,0,0,0,5.8,0,0,registration,1,0,120,0,20,standard,0,0,0,-100.0,Normal
2026-01-01T19:00,SYN-AMVLP-01,AMVLP,new MSID Pair,1,1,0,6.8,0,0,registration,0,1,120,0,20,priority,1,1,0,0.0,Normal
2026-01-01T19:00,SYN-AMVLP-01,AMVLP,new AMSID Pair,2,2,0,6.1,0,0,registration,3,2,120,0,20,priority,1,0,0,-33.33,Normal
2026-01-01T19:00,SYN-AMVLP-01,AMVLP,historic resubmission,1,1,0,7.6,0,0,registration,0,1,120,0,20,standard,0,0,0,0.0,Normal
2026-01-01T19:00,SYN-VLP-02,VLP,new MSID Pair,0,0,0,8.5,0,0,registration,2,0,120,0,20,priority,1,1,0,-100.0,Normal
2026-01-01T19:00,SYN-VLP-02,VLP,new AMSID Pair,1,1,0,7.6,0,0,registration,2,1,120,0,20,priority,1,0,0,-50.0,Normal
2026-01-01T19:00,SYN-VLP-02,VLP,historic resubmission,1,1,0,6.8,0,0,registration,0,1,120,0,20,standard,0,0,0,0.0,Normal
2026-01-01T19:00,SYN-VTP-02,VTP,new MSID Pair,0,0,0,5.4,0,0,registration,1,0,120,0,20,priority,1,1,0,-100.0,Normal
2026-01-01T19:00,SYN-VTP-02,VTP,new AMSID Pair,1,1,0,6.5,0,0,registration,0,1,120,0,20,priority,1,0,0,0.0,Normal
2026-01-01T19:00,SYN-VTP-02,VTP,historic resubmission,1,1,0,7.7,0,0,registration,0,1,120,0,20,standard,0,0,0,0.0,Normal
2026-01-01T19:00,SYN-SUP-01,Supplier,new MSID Pair,1,1,0,8.1,0,0,registration,1,1,120,0,20,priority,1,1,0,0.0,Normal
2026-01-01T19:00,SYN-SUP-01,Supplier,new AMSID Pair,0,0,0,8.2,0,0,registration,0,0,120,0,20,priority,1,0,0,0.0,Normal
2026-01-01T19:00,SYN-SUP-01,Supplier,historic resubmission,2,2,0,8.2,0,0,registration,1,2,120,0,20,standard,0,0,0,100.0,Normal
2026-01-01T20:00,SYN-VLP-01,VLP,new MSID Pair,2,2,0,8.3,0,0,registration,2,2,120,0,20,priority,1,1,0,0.0,Normal
2026-01-01T20:00,SYN-VLP-01,VLP,new AMSID Pair,0,0,0,5.7,0,0,registration,0,0,120,0,20,priority,1,0,0,0.0,Normal
2026-01-01T20:00,SYN-VLP-01,VLP,historic resubmission,0,0,0,8.1,0,0,registration,0,0,120,0,20,standard,0,0,0,0.0,Normal
2026-01-01T20:00,SYN-VTP-01,VTP,new MSID Pair,2,2,0,8.0,0,0,registration,1,2,120,0,20,priority,1,1,0,100.0,Normal
2026-01-01T20:00,SYN-VTP-01,VTP,new AMSID Pair,2,2,0,5.6,0,0,registration,1,2,120,0,20,priority,1,0,0,100.0,Normal
2026-01-01T20:00,SYN-VTP-01,VTP,historic resubmission,0,0,0,8.5,0,0,registration,0,0,120,0,20,standard,0,0,0,0.0,Normal
2026-01-01T20:00,SYN-AMVLP-01,AMVLP,new MSID Pair,1,1,0,7.2,0,0,registration,1,1,120,0,20,priority,1,1,0,0.0,Normal
2026-01-01T20:00,SYN-AMVLP-01,AMVLP,new AMSID Pair,2,2,0,5.0,0,0,registration,2,2,120,0,20,priority,1,0,0,0.0,Normal
2026-01-01T20:00,SYN-AMVLP-01,AMVLP,historic resubmission,0,0,0,6.3,0,0,registration,1,0,120,0,20,standard,0,0,0,-100.0,Normal
2026-01-01T20:00,SYN-VLP-02,VLP,new MSID Pair,0,0,0,6.5,0,0,registration,1,0,120,0,20,priority,1,1,0,-100.0,Normal
2026-01-01T20:00,SYN-VLP-02,VLP,new AMSID Pair,1,1,0,6.3,0,0,registration,0,1,120,0,20,priority,1,0,0,0.0,Normal
2026-01-01T20:00,SYN-VLP-02,VLP,historic resubmission,0,0,0,7.2,0,0,registration,1,0,120,0,20,standard,0,0,0,-100.0,Normal
2026-01-01T20:00,SYN-VTP-02,VTP,new MSID Pair,0,0,0,6.6,0,0,registration,1,0,120,0,20,priority,1,1,0,-100.0,Normal
2026-01-01T20:00,SYN-VTP-02,VTP,new AMSID Pair,0,0,0,5.5,0,0,registration,1,0,120,0,20,priority,1,0,0,-100.0,Normal
2026-01-01T20:00,SYN-VTP-02,VTP,historic resubmission,0,0,0,8.4,0,0,registration,0,0,120,0,20,standard,0,0,0,0.0,Normal
2026-01-01T20:00,SYN-SUP-01,Supplier,new MSID Pair,0,0,0,8.9,0,0,registration,1,0,120,0,20,priority,1,1,0,-100.0,Normal
2026-01-01T20:00,SYN-SUP-01,Supplier,new AMSID Pair,2,2,0,5.3,0,1,registration,0,2,120,0,20,priority,1,0,0,0.0,Normal
2026-01-01T20:00,SYN-SUP-01,Supplier,historic resubmission,1,1,0,7.4,0,0,registration,2,1,120,0,20,standard,0,0,0,-50.0,Normal
2026-01-01T21:00,SYN-VLP-01,VLP,new MSID Pair,3,3,0,5.9,0,0,registration,2,3,120,0,20,priority,1,1,0,50.0,Normal
2026-01-01T21:00,SYN-VLP-01,VLP,new AMSID Pair,0,0,0,6.6,0,0,registration,1,0,120,0,20,priority,1,0,0,-100.0,Normal
2026-01-01T21:00,SYN-VLP-01,VLP,historic resubmission,0,0,0,6.7,0,0,registration,1,0,120,0,20,standard,0,0,0,-100.0,Normal
2026-01-01T21:00,SYN-VTP-01,VTP,new MSID Pair,1,1,0,5.8,0,0,registration,1,1,120,0,20,priority,1,1,0,0.0,Normal
2026-01-01T21:00,SYN-VTP-01,VTP,new AMSID Pair,1,1,0,8.2,0,0,registration,0,1,120,0,20,priority,1,0,0,0.0,Normal
2026-01-01T21:00,SYN-VTP-01,VTP,historic resubmission,0,0,0,5.9,0,0,registration,0,0,120,0,20,standard,0,0,0,0.0,Normal
2026-01-01T21:00,SYN-AMVLP-01,AMVLP,new MSID Pair,0,0,0,6.7,0,0,registration,1,0,120,0,20,priority,1,1,0,-100.0,Normal
2026-01-01T21:00,SYN-AMVLP-01,AMVLP,new AMSID Pair,2,2,0,5.3,0,0,registration,2,2,120,0,20,priority,1,0,0,0.0,Normal
2026-01-01T21:00,SYN-AMVLP-01,AMVLP,historic resubmission,1,1,0,7.6,0,0,registration,2,1,120,0,20,standard,0,0,0,-50.0,Normal
2026-01-01T21:00,SYN-VLP-02,VLP,new MSID Pair,0,0,0,8.1,0,0,registration,1,0,120,0,20,priority,1,1,0,-100.0,Normal
2026-01-01T21:00,SYN-VLP-02,VLP,new AMSID Pair,0,0,0,5.0,0,0,registration,0,0,120,0,20,priority,1,0,0,0.0,Normal
2026-01-01T21:00,SYN-VLP-02,VLP,historic resubmission,0,0,0,7.6,0,0,registration,0,0,120,0,20,standard,0,0,0,0.0,Normal
2026-01-01T21:00,SYN-VTP-02,VTP,new MSID Pair,1,1,0,8.3,0,0,registration,0,1,120,0,20,priority,1,1,0,0.0,Normal
2026-01-01T21:00,SYN-VTP-02,VTP,new AMSID Pair,0,0,0,7.6,0,0,registration,0,0,120,0,20,priority,1,0,0,0.0,Normal
2026-01-01T21:00,SYN-VTP-02,VTP,historic resubmission,1,1,0,6.2,0,0,registration,0,1,120,0,20,standard,0,0,0,0.0,Normal
2026-01-01T21:00,SYN-SUP-01,Supplier,new MSID Pair,0,0,0,7.9,0,0,registration,0,0,120,0,20,priority,1,1,0,0.0,Normal
2026-01-01T21:00,SYN-SUP-01,Supplier,new AMSID Pair,0,0,0,5.7,0,0,registration,1,0,120,0,20,priority,1,0,0,-100.0,Normal
2026-01-01T21:00,SYN-SUP-01,Supplier,historic resubmission,2,2,0,6.7,0,0,registration,0,2,120,0,20,standard,0,0,0,0.0,Normal
2026-01-01T22:00,SYN-VLP-01,VLP,new MSID Pair,1,1,0,8.4,0,0,registration,1,1,120,0,20,priority,1,1,0,0.0,Normal
2026-01-01T22:00,SYN-VLP-01,VLP,new AMSID Pair,0,0,0,8.9,0,0,registration,0,0,120,0,20,priority,1,0,0,0.0,Normal
2026-01-01T22:00,SYN-VLP-01,VLP,historic resubmission,0,0,0,7.9,0,0,registration,0,0,120,0,20,standard,0,0,0,0.0,Normal
2026-01-01T22:00,SYN-VTP-01,VTP,new MSID Pair,0,0,0,6.1,0,0,registration,0,0,120,0,20,priority,1,1,0,0.0,Normal
2026-01-01T22:00,SYN-VTP-01,VTP,new AMSID Pair,1,1,0,7.6,0,0,registration,1,1,120,0,20,priority,1,0,0,0.0,Normal
2026-01-01T22:00,SYN-VTP-01,VTP,historic resubmission,0,0,0,6.0,0,0,registration,1,0,120,0,20,standard,0,0,0,-100.0,Normal
2026-01-01T22:00,SYN-AMVLP-01,AMVLP,new MSID Pair,1,1,0,8.1,0,0,registration,1,1,120,0,20,priority,1,1,0,0.0,Normal
2026-01-01T22:00,SYN-AMVLP-01,AMVLP,new AMSID Pair,2,2,0,6.4,0,0,registration,2,2,120,0,20,priority,1,0,0,0.0,Normal
2026-01-01T22:00,SYN-AMVLP-01,AMVLP,historic resubmission,1,1,0,8.4,0,0,registration,0,1,120,0,20,standard,0,0,0,0.0,Normal
2026-01-01T22:00,SYN-VLP-02,VLP,new MSID Pair,1,1,0,6.0,0,0,registration,1,1,120,0,20,priority,1,1,0,0.0,Normal
2026-01-01T22:00,SYN-VLP-02,VLP,new AMSID Pair,0,0,0,7.0,0,0,registration,1,0,120,0,20,priority,1,0,0,-100.0,Normal
2026-01-01T22:00,SYN-VLP-02,VLP,historic resubmission,0,0,0,7.0,0,0,registration,0,0,120,0,20,standard,0,0,0,0.0,Normal
2026-01-01T22:00,SYN-VTP-02,VTP,new MSID Pair,0,0,0,6.9,0,0,registration,1,0,120,0,20,priority,1,1,0,-100.0,Normal
2026-01-01T22:00,SYN-VTP-02,VTP,new AMSID Pair,0,0,0,7.9,0,0,registration,0,0,120,0,20,priority,1,0,0,0.0,Normal
2026-01-01T22:00,SYN-VTP-02,VTP,historic resubmission,2,2,0,6.9,0,0,registration,0,2,120,0,20,standard,0,0,0,0.0,Normal
2026-01-01T22:00,SYN-SUP-01,Supplier,new MSID Pair,0,0,0,8.6,0,0,registration,1,0,120,0,20,priority,1,1,0,-100.0,Normal
2026-01-01T22:00,SYN-SUP-01,Supplier,new AMSID Pair,0,0,0,6.5,0,0,registration,0,0,120,0,20,priority,1,0,0,0.0,Normal
2026-01-01T22:00,SYN-SUP-01,Supplier,historic resubmission,0,0,0,7.4,0,0,registration,1,0,120,0,20,standard,0,0,0,-100.0,Normal
2026-01-01T23:00,SYN-VLP-01,VLP,new MSID Pair,0,0,0,7.8,0,0,registration,2,0,120,0,20,priority,1,1,0,-100.0,Normal
2026-01-01T23:00,SYN-VLP-01,VLP,new AMSID Pair,0,0,0,7.4,0,0,registration,1,0,120,0,20,priority,1,0,0,-100.0,Normal
2026-01-01T23:00,SYN-VLP-01,VLP,historic resubmission,1,1,0,8.7,0,0,registration,0,1,120,0,20,standard,0,0,0,0.0,Normal
2026-01-01T23:00,SYN-VTP-01,VTP,new MSID Pair,0,0,0,7.4,0,0,registration,2,0,120,0,20,priority,1,1,0,-100.0,Normal
2026-01-01T23:00,SYN-VTP-01,VTP,new AMSID Pair,1,1,0,6.6,0,0,registration,0,1,120,0,20,priority,1,0,0,0.0,Normal
2026-01-01T23:00,SYN-VTP-01,VTP,historic resubmission,0,0,0,8.8,0,0,registration,1,0,120,0,20,standard,0,0,0,-100.0,Normal
2026-01-01T23:00,SYN-AMVLP-01,AMVLP,new MSID Pair,0,0,0,6.1,0,0,registration,0,0,120,0,20,priority,1,1,0,0.0,Normal
2026-01-01T23:00,SYN-AMVLP-01,AMVLP,new AMSID Pair,1,1,0,6.8,0,0,registration,1,1,120,0,20,priority,1,0,0,0.0,Normal
2026-01-01T23:00,SYN-AMVLP-01,AMVLP,historic resubmission,0,0,0,8.1,0,0,registration,0,0,120,0,20,standard,0,0,0,0.0,Normal
2026-01-01T23:00,SYN-VLP-02,VLP,new MSID Pair,0,0,0,7.0,0,0,registration,1,0,120,0,20,priority,1,1,0,-100.0,Normal
2026-01-01T23:00,SYN-VLP-02,VLP,new AMSID Pair,0,0,0,7.8,0,0,registration,0,0,120,0,20,priority,1,0,0,0.0,Normal
2026-01-01T23:00,SYN-VLP-02,VLP,historic resubmission,0,0,0,7.9,0,0,registration,1,0,120,0,20,standard,0,0,0,-100.0,Normal
2026-01-01T23:00,SYN-VTP-02,VTP,new MSID Pair,0,0,0,5.0,0,0,registration,1,0,120,0,20,priority,1,1,0,-100.0,Normal
2026-01-01T23:00,SYN-VTP-02,VTP,new AMSID Pair,0,0,0,7.4,0,0,registration,0,0,120,0,20,priority,1,0,0,0.0,Normal
2026-01-01T23:00,SYN-VTP-02,VTP,historic resubmission,0,0,0,5.2,0,0,registration,1,0,120,0,20,standard,0,0,0,-100.0,Normal
2026-01-01T23:00,SYN-SUP-01,Supplier,new MSID Pair,0,0,0,8.2,0,0,registration,0,0,120,0,20,priority,1,1,0,0.0,Normal
2026-01-01T23:00,SYN-SUP-01,Supplier,new AMSID Pair,0,0,0,5.2,0,0,registration,0,0,120,0,20,priority,1,0,0,0.0,Normal
2026-01-01T23:00,SYN-SUP-01,Supplier,historic resubmission,1,1,0,7.0,0,0,registration,0,1,120,0,20,standard,0,0,0,0.0,Normal
2026-01-02T00:00,SYN-VLP-01,VLP,new MSID Pair,0,0,0,8.4,0,0,registration,1,0,120,0,20,priority,1,1,0,-100.0,Normal
2026-01-02T00:00,SYN-VLP-01,VLP,new AMSID Pair,0,0,0,6.3,0,0,registration,0,0,120,0,20,priority,1,0,0,0.0,Normal
2026-01-02T00:00,SYN-VLP-01,VLP,historic resubmission,0,0,0,7.6,0,0,registration,0,0,120,0,20,standard,0,0,0,0.0,Normal
2026-01-02T00:00,SYN-VTP-01,VTP,new MSID Pair,1,1,0,5.9,0,0,registration,0,1,120,0,20,priority,1,1,0,0.0,Normal
2026-01-02T00:00,SYN-VTP-01,VTP,new AMSID Pair,0,0,0,6.5,0,0,registration,1,0,120,0,20,priority,1,0,0,-100.0,Normal
2026-01-02T00:00,SYN-VTP-01,VTP,historic resubmission,1,1,0,6.7,0,0,registration,0,1,120,0,20,standard,0,0,0,0.0,Normal
2026-01-02T00:00,SYN-AMVLP-01,AMVLP,new MSID Pair,0,0,0,5.8,0,0,registration,0,0,120,0,20,priority,1,1,0,0.0,Normal
2026-01-02T00:00,SYN-AMVLP-01,AMVLP,new AMSID Pair,1,1,0,5.7,0,0,registration,1,1,120,0,20,priority,1,0,0,0.0,Normal
2026-01-02T00:00,SYN-AMVLP-01,AMVLP,historic resubmission,0,0,0,7.2,0,0,registration,0,0,120,0,20,standard,0,0,0,0.0,Normal
2026-01-02T00:00,SYN-VLP-02,VLP,new MSID Pair,1,1,0,7.3,0,0,registration,1,1,120,0,20,priority,1,1,0,0.0,Normal
2026-01-02T00:00,SYN-VLP-02,VLP,new AMSID Pair,0,0,0,6.1,0,0,registration,0,0,120,0,20,priority,1,0,0,0.0,Normal
2026-01-02T00:00,SYN-VLP-02,VLP,historic resubmission,1,1,0,6.2,0,1,registration,0,1,120,0,20,standard,0,0,0,0.0,Normal
2026-01-02T00:00,SYN-VTP-02,VTP,new MSID Pair,0,0,0,5.1,0,0,registration,0,0,120,0,20,priority,1,1,0,0.0,Normal
2026-01-02T00:00,SYN-VTP-02,VTP,new AMSID Pair,0,0,0,6.1,0,0,registration,1,0,120,0,20,priority,1,0,0,-100.0,Normal
2026-01-02T00:00,SYN-VTP-02,VTP,historic resubmission,0,0,0,6.5,0,0,registration,0,0,120,0,20,standard,0,0,0,0.0,Normal
2026-01-02T00:00,SYN-SUP-01,Supplier,new MSID Pair,0,0,0,6.3,0,0,registration,0,0,120,0,20,priority,1,1,0,0.0,Normal
2026-01-02T00:00,SYN-SUP-01,Supplier,new AMSID Pair,0,0,0,6.4,0,0,registration,0,0,120,0,20,priority,1,0,0,0.0,Normal
2026-01-02T00:00,SYN-SUP-01,Supplier,historic resubmission,0,0,0,6.1,0,0,registration,0,0,120,0,20,standard,0,0,0,0.0,Normal
2026-01-02T01:00,SYN-VLP-01,VLP,new MSID Pair,1,1,0,5.7,0,0,registration,1,1,120,0,20,priority,1,1,0,0.0,Normal
2026-01-02T01:00,SYN-VLP-01,VLP,new AMSID Pair,2,2,0,7.1,0,0,registration,0,2,120,0,20,priority,1,0,0,0.0,Normal
2026-01-02T01:00,SYN-VLP-01,VLP,historic resubmission,0,0,0,8.0,0,0,registration,0,0,120,0,20,standard,0,0,0,0.0,Normal
2026-01-02T01:00,SYN-VTP-01,VTP,new MSID Pair,1,1,0,6.8,0,0,registration,0,1,120,0,20,priority,1,1,0,0.0,Normal
2026-01-02T01:00,SYN-VTP-01,VTP,new AMSID Pair,1,1,0,8.9,0,0,registration,1,1,120,0,20,priority,1,0,0,0.0,Normal
2026-01-02T01:00,SYN-VTP-01,VTP,historic resubmission,0,0,0,7.8,0,0,registration,0,0,120,0,20,standard,0,0,0,0.0,Normal
2026-01-02T01:00,SYN-AMVLP-01,AMVLP,new MSID Pair,0,0,0,5.9,0,0,registration,1,0,120,0,20,priority,1,1,0,-100.0,Normal
2026-01-02T01:00,SYN-AMVLP-01,AMVLP,new AMSID Pair,1,1,0,5.4,0,0,registration,0,1,120,0,20,priority,1,0,0,0.0,Normal
2026-01-02T01:00,SYN-AMVLP-01,AMVLP,historic resubmission,1,1,0,7.4,0,0,registration,0,1,120,0,20,standard,0,0,0,0.0,Normal
2026-01-02T01:00,SYN-VLP-02,VLP,new MSID Pair,1,1,0,7.7,0,0,registration,0,1,120,0,20,priority,1,1,0,0.0,Normal
2026-01-02T01:00,SYN-VLP-02,VLP,new AMSID Pair,0,0,0,8.4,0,0,registration,1,0,120,0,20,priority,1,0,0,-100.0,Normal
2026-01-02T01:00,SYN-VLP-02,VLP,historic resubmission,0,0,0,5.0,0,0,registration,0,0,120,0,20,standard,0,0,0,0.0,Normal
2026-01-02T01:00,SYN-VTP-02,VTP,new MSID Pair,1,1,0,8.4,0,0,registration,0,1,120,0,20,priority,1,1,0,0.0,Normal
2026-01-02T01:00,SYN-VTP-02,VTP,new AMSID Pair,0,0,0,8.0,0,0,registration,0,0,120,0,20,priority,1,0,0,0.0,Normal
2026-01-02T01:00,SYN-VTP-02,VTP,historic resubmission,0,0,0,8.0,0,0,registration,0,0,120,0,20,standard,0,0,0,0.0,Normal
2026-01-02T01:00,SYN-SUP-01,Supplier,new MSID Pair,0,0,0,5.9,0,0,registration,0,0,120,0,20,priority,1,1,0,0.0,Normal
2026-01-02T01:00,SYN-SUP-01,Supplier,new AMSID Pair,1,1,0,8.2,0,0,registration,1,1,120,0,20,priority,1,0,0,0.0,Normal
2026-01-02T01:00,SYN-SUP-01,Supplier,historic resubmission,0,0,0,5.1,0,0,registration,1,0,120,0,20,standard,0,0,0,-100.0,Normal
2026-01-02T02:00,SYN-VLP-01,VLP,new MSID Pair,1,1,0,6.1,0,0,registration,1,1,120,0,20,priority,1,1,0,0.0,Normal
2026-01-02T02:00,SYN-VLP-01,VLP,new AMSID Pair,0,0,0,6.6,0,0,registration,0,0,120,0,20,priority,1,0,0,0.0,Normal
2026-01-02T02:00,SYN-VLP-01,VLP,historic resubmission,1,1,0,8.0,0,0,registration,0,1,120,0,20,standard,0,0,0,0.0,Normal
2026-01-02T02:00,SYN-VTP-01,VTP,new MSID Pair,1,1,0,8.1,0,0,registration,0,1,120,0,20,priority,1,1,0,0.0,Normal
2026-01-02T02:00,SYN-VTP-01,VTP,new AMSID Pair,1,1,0,5.4,0,0,registration,0,1,120,0,20,priority,1,0,0,0.0,Normal
2026-01-02T02:00,SYN-VTP-01,VTP,historic resubmission,1,1,0,6.3,0,0,registration,0,1,120,0,20,standard,0,0,0,0.0,Normal
2026-01-02T02:00,SYN-AMVLP-01,AMVLP,new MSID Pair,0,0,0,6.4,0,0,registration,1,0,120,0,20,priority,1,1,0,-100.0,Normal
2026-01-02T02:00,SYN-AMVLP-01,AMVLP,new AMSID Pair,1,1,0,7.4,0,0,registration,1,1,120,0,20,priority,1,0,0,0.0,Normal
2026-01-02T02:00,SYN-AMVLP-01,AMVLP,historic resubmission,0,0,0,7.0,0,0,registration,0,0,120,0,20,standard,0,0,0,0.0,Normal
2026-01-02T02:00,SYN-VLP-02,VLP,new MSID Pair,1,1,0,6.9,0,0,registration,1,1,120,0,20,priority,1,1,0,0.0,Normal
2026-01-02T02:00,SYN-VLP-02,VLP,new AMSID Pair,0,0,0,6.4,0,0,registration,1,0,120,0,20,priority,1,0,0,-100.0,Normal
2026-01-02T02:00,SYN-VLP-02,VLP,historic resubmission,0,0,0,7.6,0,0,registration,0,0,120,0,20,standard,0,0,0,0.0,Normal
2026-01-02T02:00,SYN-VTP-02,VTP,new MSID Pair,2,2,0,8.8,0,0,registration,2,2,120,0,20,priority,1,1,0,0.0,Normal
2026-01-02T02:00,SYN-VTP-02,VTP,new AMSID Pair,0,0,0,8.7,0,0,registration,0,0,120,0,20,priority,1,0,0,0.0,Normal
2026-01-02T02:00,SYN-VTP-02,VTP,historic resubmission,0,0,0,7.3,0,0,registration,0,0,120,0,20,standard,0,0,0,0.0,Normal
2026-01-02T02:00,SYN-SUP-01,Supplier,new MSID Pair,0,0,0,7.7,0,0,registration,1,0,120,0,20,priority,1,1,0,-100.0,Normal
2026-01-02T02:00,SYN-SUP-01,Supplier,new AMSID Pair,0,0,0,6.3,0,0,registration,0,0,120,0,20,priority,1,0,0,0.0,Normal
2026-01-02T02:00,SYN-SUP-01,Supplier,historic resubmission,0,0,0,8.7,0,0,registration,0,0,120,0,20,standard,0,0,0,0.0,Normal
2026-01-02T03:00,SYN-VLP-01,VLP,new MSID Pair,1,1,0,6.0,0,0,registration,1,1,120,0,20,priority,1,1,0,0.0,Normal
2026-01-02T03:00,SYN-VLP-01,VLP,new AMSID Pair,0,0,0,6.4,0,0,registration,0,0,120,0,20,priority,1,0,0,0.0,Normal
2026-01-02T03:00,SYN-VLP-01,VLP,historic resubmission,0,0,0,6.6,0,0,registration,0,0,120,0,20,standard,0,0,0,0.0,Normal
2026-01-02T03:00,SYN-VTP-01,VTP,new MSID Pair,0,0,0,5.9,0,0,registration,1,0,120,0,20,priority,1,1,0,-100.0,Normal
2026-01-02T03:00,SYN-VTP-01,VTP,new AMSID Pair,0,0,0,7.9,0,0,registration,0,0,120,0,20,priority,1,0,0,0.0,Normal
2026-01-02T03:00,SYN-VTP-01,VTP,historic resubmission,0,0,0,7.2,0,0,registration,0,0,120,0,20,standard,0,0,0,0.0,Normal
2026-01-02T03:00,SYN-AMVLP-01,AMVLP,new MSID Pair,0,0,0,6.6,0,0,registration,0,0,120,0,20,priority,1,1,0,0.0,Normal
2026-01-02T03:00,SYN-AMVLP-01,AMVLP,new AMSID Pair,1,1,0,7.9,0,0,registration,2,1,120,0,20,priority,1,0,0,-50.0,Normal
2026-01-02T03:00,SYN-AMVLP-01,AMVLP,historic resubmission,0,0,0,6.1,0,0,registration,1,0,120,0,20,standard,0,0,0,-100.0,Normal
2026-01-02T03:00,SYN-VLP-02,VLP,new MSID Pair,0,0,0,5.1,0,0,registration,0,0,120,0,20,priority,1,1,0,0.0,Normal
2026-01-02T03:00,SYN-VLP-02,VLP,new AMSID Pair,1,1,0,6.5,0,0,registration,1,1,120,0,20,priority,1,0,0,0.0,Normal
2026-01-02T03:00,SYN-VLP-02,VLP,historic resubmission,0,0,0,6.2,0,0,registration,0,0,120,0,20,standard,0,0,0,0.0,Normal
2026-01-02T03:00,SYN-VTP-02,VTP,new MSID Pair,0,0,0,8.8,0,0,registration,1,0,120,0,20,priority,1,1,0,-100.0,Normal
2026-01-02T03:00,SYN-VTP-02,VTP,new AMSID Pair,0,0,0,6.6,0,0,registration,1,0,120,0,20,priority,1,0,0,-100.0,Normal
2026-01-02T03:00,SYN-VTP-02,VTP,historic resubmission,0,0,0,5.7,0,0,registration,0,0,120,0,20,standard,0,0,0,0.0,Normal
2026-01-02T03:00,SYN-SUP-01,Supplier,new MSID Pair,0,0,0,5.4,0,0,registration,0,0,120,0,20,priority,1,1,0,0.0,Normal
2026-01-02T03:00,SYN-SUP-01,Supplier,new AMSID Pair,2,2,0,7.8,0,0,registration,0,2,120,0,20,priority,1,0,0,0.0,Normal
2026-01-02T03:00,SYN-SUP-01,Supplier,historic resubmission,0,0,0,6.1,0,0,registration,0,0,120,0,20,standard,0,0,0,0.0,Normal
2026-01-02T04:00,SYN-VLP-01,VLP,new MSID Pair,1,1,0,5.5,0,0,registration,1,1,120,0,20,priority,1,1,0,0.0,Normal
2026-01-02T04:00,SYN-VLP-01,VLP,new AMSID Pair,0,0,0,8.9,0,0,registration,0,0,120,0,20,priority,1,0,0,0.0,Normal
2026-01-02T04:00,SYN-VLP-01,VLP,historic resubmission,1,1,0,8.0,0,0,registration,0,1,120,0,20,standard,0,0,0,0.0,Normal
2026-01-02T04:00,SYN-VTP-01,VTP,new MSID Pair,0,0,0,5.5,0,0,registration,0,0,120,0,20,priority,1,1,0,0.0,Normal
2026-01-02T04:00,SYN-VTP-01,VTP,new AMSID Pair,1,1,0,7.6,0,0,registration,1,1,120,0,20,priority,1,0,0,0.0,Normal
2026-01-02T04:00,SYN-VTP-01,VTP,historic resubmission,0,0,0,5.3,0,0,registration,0,0,120,0,20,standard,0,0,0,0.0,Normal
2026-01-02T04:00,SYN-AMVLP-01,AMVLP,new MSID Pair,0,0,0,7.0,0,0,registration,0,0,120,0,20,priority,1,1,0,0.0,Normal
2026-01-02T04:00,SYN-AMVLP-01,AMVLP,new AMSID Pair,2,2,0,5.1,0,0,registration,2,2,120,0,20,priority,1,0,0,0.0,Normal
2026-01-02T04:00,SYN-AMVLP-01,AMVLP,historic resubmission,0,0,0,7.2,0,0,registration,0,0,120,0,20,standard,0,0,0,0.0,Normal
2026-01-02T04:00,SYN-VLP-02,VLP,new MSID Pair,1,1,0,6.0,0,0,registration,1,1,120,0,20,priority,1,1,0,0.0,Normal
2026-01-02T04:00,SYN-VLP-02,VLP,new AMSID Pair,1,1,0,8.4,0,0,registration,0,1,120,0,20,priority,1,0,0,0.0,Normal
2026-01-02T04:00,SYN-VLP-02,VLP,historic resubmission,0,0,0,7.5,0,0,registration,1,0,120,0,20,standard,0,0,0,-100.0,Normal
2026-01-02T04:00,SYN-VTP-02,VTP,new MSID Pair,0,0,0,6.3,0,0,registration,1,0,120,0,20,priority,1,1,0,-100.0,Normal
2026-01-02T04:00,SYN-VTP-02,VTP,new AMSID Pair,2,2,0,6.5,0,0,registration,1,2,120,0,20,priority,1,0,0,100.0,Normal
2026-01-02T04:00,SYN-VTP-02,VTP,historic resubmission,1,1,0,6.2,0,0,registration,1,1,120,0,20,standard,0,0,0,0.0,Normal
2026-01-02T04:00,SYN-SUP-01,Supplier,new MSID Pair,1,1,0,6.3,0,0,registration,0,1,120,0,20,priority,1,1,0,0.0,Normal
2026-01-02T04:00,SYN-SUP-01,Supplier,new AMSID Pair,0,0,0,5.6,0,0,registration,1,0,120,0,20,priority,1,0,0,-100.0,Normal
2026-01-02T04:00,SYN-SUP-01,Supplier,historic resubmission,1,1,0,6.9,0,0,registration,0,1,120,0,20,standard,0,0,0,0.0,Normal
2026-01-02T05:00,SYN-VLP-01,VLP,new MSID Pair,1,1,0,8.6,0,0,registration,2,1,120,0,20,priority,1,1,0,-50.0,Normal
2026-01-02T05:00,SYN-VLP-01,VLP,new AMSID Pair,0,0,0,6.9,0,0,registration,0,0,120,0,20,priority,1,0,0,0.0,Normal
2026-01-02T05:00,SYN-VLP-01,VLP,historic resubmission,1,1,0,5.0,0,0,registration,0,1,120,0,20,standard,0,0,0,0.0,Normal
2026-01-02T05:00,SYN-VTP-01,VTP,new MSID Pair,1,1,0,8.6,0,0,registration,2,1,120,0,20,priority,1,1,0,-50.0,Normal
2026-01-02T05:00,SYN-VTP-01,VTP,new AMSID Pair,1,1,0,6.7,0,0,registration,0,1,120,0,20,priority,1,0,0,0.0,Normal
2026-01-02T05:00,SYN-VTP-01,VTP,historic resubmission,1,1,0,8.6,0,0,registration,0,1,120,0,20,standard,0,0,0,0.0,Normal
2026-01-02T05:00,SYN-AMVLP-01,AMVLP,new MSID Pair,1,1,0,7.3,0,0,registration,1,1,120,0,20,priority,1,1,0,0.0,Normal
2026-01-02T05:00,SYN-AMVLP-01,AMVLP,new AMSID Pair,2,2,0,5.6,0,0,registration,1,2,120,0,20,priority,1,0,0,100.0,Normal
2026-01-02T05:00,SYN-AMVLP-01,AMVLP,historic resubmission,0,0,0,6.0,0,0,registration,1,0,120,0,20,standard,0,0,0,-100.0,Normal
2026-01-02T05:00,SYN-VLP-02,VLP,new MSID Pair,1,1,0,7.3,0,0,registration,0,1,120,0,20,priority,1,1,0,0.0,Normal
2026-01-02T05:00,SYN-VLP-02,VLP,new AMSID Pair,1,1,0,8.2,0,0,registration,0,1,120,0,20,priority,1,0,0,0.0,Normal
2026-01-02T05:00,SYN-VLP-02,VLP,historic resubmission,0,0,0,7.1,0,0,registration,0,0,120,0,20,standard,0,0,0,0.0,Normal
2026-01-02T05:00,SYN-VTP-02,VTP,new MSID Pair,0,0,0,8.1,0,0,registration,0,0,120,0,20,priority,1,1,0,0.0,Normal
2026-01-02T05:00,SYN-VTP-02,VTP,new AMSID Pair,1,1,0,6.6,0,0,registration,0,1,120,0,20,priority,1,0,0,0.0,Normal
2026-01-02T05:00,SYN-VTP-02,VTP,historic resubmission,2,2,0,7.5,0,0,registration,0,2,120,0,20,standard,0,0,0,0.0,Normal
2026-01-02T05:00,SYN-SUP-01,Supplier,new MSID Pair,0,0,0,7.8,0,0,registration,0,0,120,0,20,priority,1,1,0,0.0,Normal
2026-01-02T05:00,SYN-SUP-01,Supplier,new AMSID Pair,0,0,0,5.0,0,0,registration,0,0,120,0,20,priority,1,0,0,0.0,Normal
2026-01-02T05:00,SYN-SUP-01,Supplier,historic resubmission,0,0,0,8.5,0,0,registration,0,0,120,0,20,standard,0,0,0,0.0,Normal
2026-01-02T06:00,SYN-VLP-01,VLP,new MSID Pair,2,2,0,8.5,0,0,registration,2,2,120,0,20,priority,1,1,0,0.0,Normal
2026-01-02T06:00,SYN-VLP-01,VLP,new AMSID Pair,0,0,0,6.1,0,0,registration,0,0,120,0,20,priority,1,0,0,0.0,Normal
2026-01-02T06:00,SYN-VLP-01,VLP,historic resubmission,1,1,0,5.2,0,0,registration,0,1,120,0,20,standard,0,0,0,0.0,Normal
2026-01-02T06:00,SYN-VTP-01,VTP,new MSID Pair,1,1,0,8.9,0,0,registration,2,1,120,0,20,priority,1,1,0,-50.0,Normal
2026-01-02T06:00,SYN-VTP-01,VTP,new AMSID Pair,0,0,0,7.5,0,0,registration,2,0,120,0,20,priority,1,0,0,-100.0,Normal
2026-01-02T06:00,SYN-VTP-01,VTP,historic resubmission,0,0,0,7.2,0,0,registration,1,0,120,0,20,standard,0,0,0,-100.0,Normal
2026-01-02T06:00,SYN-AMVLP-01,AMVLP,new MSID Pair,0,0,0,6.8,0,0,registration,0,0,120,0,20,priority,1,1,0,0.0,Normal
2026-01-02T06:00,SYN-AMVLP-01,AMVLP,new AMSID Pair,2,2,0,7.3,0,0,registration,2,2,120,0,20,priority,1,0,0,0.0,Normal
2026-01-02T06:00,SYN-AMVLP-01,AMVLP,historic resubmission,1,1,0,6.3,0,0,registration,1,1,120,0,20,standard,0,0,0,0.0,Normal
2026-01-02T06:00,SYN-VLP-02,VLP,new MSID Pair,2,2,0,8.1,0,0,registration,1,2,120,0,20,priority,1,1,0,100.0,Normal
2026-01-02T06:00,SYN-VLP-02,VLP,new AMSID Pair,1,1,0,6.4,0,0,registration,1,1,120,0,20,priority,1,0,0,0.0,Normal
2026-01-02T06:00,SYN-VLP-02,VLP,historic resubmission,1,1,0,7.8,0,0,registration,0,1,120,0,20,standard,0,0,0,0.0,Normal
2026-01-02T06:00,SYN-VTP-02,VTP,new MSID Pair,1,1,0,7.7,0,0,registration,1,1,120,0,20,priority,1,1,0,0.0,Normal
2026-01-02T06:00,SYN-VTP-02,VTP,new AMSID Pair,1,1,0,6.8,0,0,registration,1,1,120,0,20,priority,1,0,0,0.0,Normal
2026-01-02T06:00,SYN-VTP-02,VTP,historic resubmission,1,1,0,8.0,0,0,registration,1,1,120,0,20,standard,0,0,0,0.0,Normal
2026-01-02T06:00,SYN-SUP-01,Supplier,new MSID Pair,0,0,0,8.4,0,0,registration,0,0,120,0,20,priority,1,1,0,0.0,Normal
2026-01-02T06:00,SYN-SUP-01,Supplier,new AMSID Pair,0,0,0,6.2,0,0,registration,0,0,120,0,20,priority,1,0,0,0.0,Normal
2026-01-02T06:00,SYN-SUP-01,Supplier,historic resubmission,2,2,0,5.4,0,0,registration,1,2,120,0,20,standard,0,0,0,100.0,Normal
2026-01-02T07:00,SYN-VLP-01,VLP,new MSID Pair,1,1,0,6.1,0,0,registration,3,1,120,0,20,priority,1,1,0,-66.67,Normal
2026-01-02T07:00,SYN-VLP-01,VLP,new AMSID Pair,1,1,0,7.4,0,0,registration,1,1,120,0,20,priority,1,0,0,0.0,Normal
2026-01-02T07:00,SYN-VLP-01,VLP,historic resubmission,0,0,0,7.0,0,0,registration,1,0,120,0,20,standard,0,0,0,-100.0,Normal
2026-01-02T07:00,SYN-VTP-01,VTP,new MSID Pair,2,2,0,5.2,0,0,registration,2,2,120,0,20,priority,1,1,0,0.0,Normal
2026-01-02T07:00,SYN-VTP-01,VTP,new AMSID Pair,2,2,0,6.5,0,0,registration,3,2,120,0,20,priority,1,0,0,-33.33,Normal
2026-01-02T07:00,SYN-VTP-01,VTP,historic resubmission,0,0,0,6.9,0,0,registration,0,0,120,0,20,standard,0,0,0,0.0,Normal
2026-01-02T07:00,SYN-AMVLP-01,AMVLP,new MSID Pair,0,0,0,7.4,0,0,registration,0,0,120,0,20,priority,1,1,0,0.0,Normal
2026-01-02T07:00,SYN-AMVLP-01,AMVLP,new AMSID Pair,3,3,0,8.6,0,0,registration,3,3,120,0,20,priority,1,0,0,0.0,Normal
2026-01-02T07:00,SYN-AMVLP-01,AMVLP,historic resubmission,0,0,0,6.0,0,0,registration,0,0,120,0,20,standard,0,0,0,0.0,Normal
2026-01-02T07:00,SYN-VLP-02,VLP,new MSID Pair,0,0,0,5.1,0,0,registration,2,0,120,0,20,priority,1,1,0,-100.0,Normal
2026-01-02T07:00,SYN-VLP-02,VLP,new AMSID Pair,0,0,0,8.6,0,0,registration,1,0,120,0,20,priority,1,0,0,-100.0,Normal
2026-01-02T07:00,SYN-VLP-02,VLP,historic resubmission,0,0,0,8.1,0,0,registration,0,0,120,0,20,standard,0,0,0,0.0,Normal
2026-01-02T07:00,SYN-VTP-02,VTP,new MSID Pair,0,0,0,8.5,0,0,registration,1,0,120,0,20,priority,1,1,0,-100.0,Normal
2026-01-02T07:00,SYN-VTP-02,VTP,new AMSID Pair,1,1,0,7.2,0,0,registration,2,1,120,0,20,priority,1,0,0,-50.0,Normal
2026-01-02T07:00,SYN-VTP-02,VTP,historic resubmission,1,1,0,6.1,0,0,registration,1,1,120,0,20,standard,0,0,0,0.0,Normal
2026-01-02T07:00,SYN-SUP-01,Supplier,new MSID Pair,0,0,0,6.2,0,0,registration,0,0,120,0,20,priority,1,1,0,0.0,Normal
2026-01-02T07:00,SYN-SUP-01,Supplier,new AMSID Pair,0,0,0,8.5,0,0,registration,0,0,120,0,20,priority,1,0,0,0.0,Normal
2026-01-02T07:00,SYN-SUP-01,Supplier,historic resubmission,0,0,0,5.5,0,0,registration,0,0,120,0,20,standard,0,0,0,0.0,Normal
2026-01-02T08:00,SYN-VLP-01,VLP,new MSID Pair,3,3,0,5.2,0,0,registration,3,3,120,0,20,priority,1,1,0,0.0,Normal
2026-01-02T08:00,SYN-VLP-01,VLP,new AMSID Pair,1,1,0,6.6,0,0,registration,0,1,120,0,20,priority,1,0,0,0.0,Normal
2026-01-02T08:00,SYN-VLP-01,VLP,historic resubmission,0,0,0,5.5,0,0,registration,1,0,120,0,20,standard,0,0,0,-100.0,Normal
2026-01-02T08:00,SYN-VTP-01,VTP,new MSID Pair,1,1,0,7.0,0,0,registration,2,1,120,0,20,priority,1,1,0,-50.0,Normal
2026-01-02T08:00,SYN-VTP-01,VTP,new AMSID Pair,2,2,0,6.5,0,0,registration,2,2,120,0,20,priority,1,0,0,0.0,Normal
2026-01-02T08:00,SYN-VTP-01,VTP,historic resubmission,0,0,0,7.3,0,0,registration,0,0,120,0,20,standard,0,0,0,0.0,Normal
2026-01-02T08:00,SYN-AMVLP-01,AMVLP,new MSID Pair,0,0,0,8.0,0,0,registration,0,0,120,0,20,priority,1,1,0,0.0,Normal
2026-01-02T08:00,SYN-AMVLP-01,AMVLP,new AMSID Pair,2,2,0,5.6,0,0,registration,1,2,120,0,20,priority,1,0,0,100.0,Normal
2026-01-02T08:00,SYN-AMVLP-01,AMVLP,historic resubmission,0,0,0,5.3,0,0,registration,1,0,120,0,20,standard,0,0,0,-100.0,Normal
2026-01-02T08:00,SYN-VLP-02,VLP,new MSID Pair,2,2,0,6.7,0,0,registration,2,2,120,0,20,priority,1,1,0,0.0,Normal
2026-01-02T08:00,SYN-VLP-02,VLP,new AMSID Pair,0,0,0,5.4,0,0,registration,1,0,120,0,20,priority,1,0,0,-100.0,Normal
2026-01-02T08:00,SYN-VLP-02,VLP,historic resubmission,0,0,0,6.5,0,0,registration,0,0,120,0,20,standard,0,0,0,0.0,Normal
2026-01-02T08:00,SYN-VTP-02,VTP,new MSID Pair,0,0,0,8.9,0,0,registration,0,0,120,0,20,priority,1,1,0,0.0,Normal
2026-01-02T08:00,SYN-VTP-02,VTP,new AMSID Pair,1,1,0,8.1,0,0,registration,2,1,120,0,20,priority,1,0,0,-50.0,Normal
2026-01-02T08:00,SYN-VTP-02,VTP,historic resubmission,0,0,0,6.3,0,0,registration,2,0,120,0,20,standard,0,0,0,-100.0,Normal
2026-01-02T08:00,SYN-SUP-01,Supplier,new MSID Pair,0,0,0,6.4,0,0,registration,0,0,120,0,20,priority,1,1,0,0.0,Normal
2026-01-02T08:00,SYN-SUP-01,Supplier,new AMSID Pair,1,1,0,7.4,0,0,registration,1,1,120,0,20,priority,1,0,0,0.0,Normal
2026-01-02T08:00,SYN-SUP-01,Supplier,historic resubmission,0,0,0,5.5,0,0,registration,0,0,120,0,20,standard,0,0,0,0.0,Normal
2026-01-02T09:00,SYN-VLP-01,VLP,new MSID Pair,3,3,0,5.9,0,0,registration,3,3,120,0,20,priority,1,1,0,0.0,Normal
2026-01-02T09:00,SYN-VLP-01,VLP,new AMSID Pair,0,0,0,7.2,0,0,registration,1,0,120,0,20,priority,1,0,0,-100.0,Normal
2026-01-02T09:00,SYN-VLP-01,VLP,historic resubmission,0,0,0,8.8,0,0,registration,0,0,120,0,20,standard,0,0,0,0.0,Normal
2026-01-02T09:00,SYN-VTP-01,VTP,new MSID Pair,1,1,0,5.2,0,0,registration,0,1,120,0,20,priority,1,1,0,0.0,Normal
2026-01-02T09:00,SYN-VTP-01,VTP,new AMSID Pair,2,2,0,8.1,0,0,registration,1,2,120,0,20,priority,1,0,0,100.0,Normal
2026-01-02T09:00,SYN-VTP-01,VTP,historic resubmission,0,0,0,8.3,0,0,registration,2,0,120,0,20,standard,0,0,0,-100.0,Normal
2026-01-02T09:00,SYN-AMVLP-01,AMVLP,new MSID Pair,0,0,0,6.9,0,0,registration,0,0,120,0,20,priority,1,1,0,0.0,Normal
2026-01-02T09:00,SYN-AMVLP-01,AMVLP,new AMSID Pair,2,2,0,7.3,0,0,registration,3,2,120,0,20,priority,1,0,0,-33.33,Normal
2026-01-02T09:00,SYN-AMVLP-01,AMVLP,historic resubmission,0,0,0,8.6,0,0,registration,0,0,120,0,20,standard,0,0,0,0.0,Normal
2026-01-02T09:00,SYN-VLP-02,VLP,new MSID Pair,1,1,0,6.1,1,1,registration,2,1,120,0,20,priority,1,1,0,-50.0,Normal
2026-01-02T09:00,SYN-VLP-02,VLP,new AMSID Pair,0,0,0,5.7,0,0,registration,0,0,120,0,20,priority,1,0,0,0.0,Normal
2026-01-02T09:00,SYN-VLP-02,VLP,historic resubmission,1,1,0,8.0,0,0,registration,0,1,120,0,20,standard,0,0,0,0.0,Normal
2026-01-02T09:00,SYN-VTP-02,VTP,new MSID Pair,2,2,0,8.9,0,0,registration,1,2,120,0,20,priority,1,1,0,100.0,Normal
2026-01-02T09:00,SYN-VTP-02,VTP,new AMSID Pair,3,3,0,6.1,0,0,registration,1,3,120,0,20,priority,1,0,0,200.0,Normal
2026-01-02T09:00,SYN-VTP-02,VTP,historic resubmission,1,1,0,7.9,0,0,registration,1,1,120,0,20,standard,0,0,0,0.0,Normal
2026-01-02T09:00,SYN-SUP-01,Supplier,new MSID Pair,0,0,0,5.8,0,0,registration,0,0,120,0,20,priority,1,1,0,0.0,Normal
2026-01-02T09:00,SYN-SUP-01,Supplier,new AMSID Pair,1,1,0,6.3,0,0,registration,0,1,120,0,20,priority,1,0,0,0.0,Normal
2026-01-02T09:00,SYN-SUP-01,Supplier,historic resubmission,1,1,0,7.9,0,0,registration,2,1,120,0,20,standard,0,0,0,-50.0,Normal
2026-01-02T10:00,SYN-VLP-01,VLP,new MSID Pair,3,3,0,6.3,0,0,registration,4,3,120,0,20,priority,1,1,0,-25.0,Normal
2026-01-02T10:00,SYN-VLP-01,VLP,new AMSID Pair,1,1,0,5.4,0,0,registration,0,1,120,0,20,priority,1,0,0,0.0,Normal
2026-01-02T10:00,SYN-VLP-01,VLP,historic resubmission,0,0,0,8.2,0,0,registration,1,0,120,0,20,standard,0,0,0,-100.0,Normal
2026-01-02T10:00,SYN-VTP-01,VTP,new MSID Pair,2,2,0,8.7,0,0,registration,2,2,120,0,20,priority,1,1,0,0.0,Normal
2026-01-02T10:00,SYN-VTP-01,VTP,new AMSID Pair,2,2,0,6.4,0,0,registration,3,2,120,0,20,priority,1,0,0,-33.33,Normal
2026-01-02T10:00,SYN-VTP-01,VTP,historic resubmission,1,1,0,6.9,0,0,registration,1,1,120,0,20,standard,0,0,0,0.0,Normal
2026-01-02T10:00,SYN-AMVLP-01,AMVLP,new MSID Pair,0,0,0,8.0,0,0,registration,0,0,120,0,20,priority,1,1,0,0.0,Normal
2026-01-02T10:00,SYN-AMVLP-01,AMVLP,new AMSID Pair,2,2,0,6.6,0,0,registration,5,2,120,0,20,priority,1,0,0,-60.0,Normal
2026-01-02T10:00,SYN-AMVLP-01,AMVLP,historic resubmission,1,1,0,7.2,0,0,registration,1,1,120,0,20,standard,0,0,0,0.0,Normal
2026-01-02T10:00,SYN-VLP-02,VLP,new MSID Pair,3,3,0,5.6,0,0,registration,3,3,120,0,20,priority,1,1,0,0.0,Normal
2026-01-02T10:00,SYN-VLP-02,VLP,new AMSID Pair,0,0,0,5.8,0,0,registration,0,0,120,0,20,priority,1,0,0,0.0,Normal
2026-01-02T10:00,SYN-VLP-02,VLP,historic resubmission,2,1,1,5.3,0,0,registration,1,2,120,0,20,standard,0,0,1,100.0,Normal
2026-01-02T10:00,SYN-VTP-02,VTP,new MSID Pair,0,0,0,5.3,0,0,registration,0,0,120,0,20,priority,1,1,0,0.0,Normal
2026-01-02T10:00,SYN-VTP-02,VTP,new AMSID Pair,1,1,0,7.4,0,0,registration,2,1,120,0,20,priority,1,0,0,-50.0,Normal
2026-01-02T10:00,SYN-VTP-02,VTP,historic resubmission,0,0,0,7.9,0,0,registration,0,0,120,0,20,standard,0,0,0,0.0,Normal
2026-01-02T10:00,SYN-SUP-01,Supplier,new MSID Pair,1,1,0,5.9,0,0,registration,1,1,120,0,20,priority,1,1,0,0.0,Normal
2026-01-02T10:00,SYN-SUP-01,Supplier,new AMSID Pair,0,0,0,5.5,0,0,registration,0,0,120,0,20,priority,1,0,0,0.0,Normal
2026-01-02T10:00,SYN-SUP-01,Supplier,historic resubmission,2,2,0,7.9,0,0,registration,1,2,120,0,20,standard,0,0,0,100.0,Normal
2026-01-02T11:00,SYN-VLP-01,VLP,new MSID Pair,4,3,1,5.1,0,0,registration,4,4,120,0,20,priority,1,1,1,0.0,Normal
2026-01-02T11:00,SYN-VLP-01,VLP,new AMSID Pair,2,2,0,7.3,0,0,registration,0,2,120,0,20,priority,1,0,0,0.0,Normal
2026-01-02T11:00,SYN-VLP-01,VLP,historic resubmission,0,0,0,7.4,0,0,registration,2,0,120,0,20,standard,0,0,0,-100.0,Normal
2026-01-02T11:00,SYN-VTP-01,VTP,new MSID Pair,2,2,0,7.5,0,0,registration,0,2,120,0,20,priority,1,1,0,0.0,Normal
2026-01-02T11:00,SYN-VTP-01,VTP,new AMSID Pair,1,1,0,8.8,0,0,registration,1,1,120,0,20,priority,1,0,0,0.0,Normal
2026-01-02T11:00,SYN-VTP-01,VTP,historic resubmission,1,0,1,8.9,0,0,registration,1,1,120,0,20,standard,0,0,1,0.0,Normal
2026-01-02T11:00,SYN-AMVLP-01,AMVLP,new MSID Pair,1,1,0,7.8,0,0,registration,1,1,120,0,20,priority,1,1,0,0.0,Normal
2026-01-02T11:00,SYN-AMVLP-01,AMVLP,new AMSID Pair,4,3,1,5.6,0,0,registration,3,4,120,0,20,priority,1,0,1,33.33,Normal
2026-01-02T11:00,SYN-AMVLP-01,AMVLP,historic resubmission,1,0,1,5.5,0,0,registration,0,1,120,0,20,standard,0,0,1,0.0,Normal
2026-01-02T11:00,SYN-VLP-02,VLP,new MSID Pair,3,3,0,8.6,0,0,registration,1,3,120,0,20,priority,1,1,0,200.0,Normal
2026-01-02T11:00,SYN-VLP-02,VLP,new AMSID Pair,0,0,0,6.2,0,0,registration,1,0,120,0,20,priority,1,0,0,-100.0,Normal
2026-01-02T11:00,SYN-VLP-02,VLP,historic resubmission,1,1,1,7.2,0,0,registration,1,1,120,0,20,standard,0,0,0,0.0,Normal
2026-01-02T11:00,SYN-VTP-02,VTP,new MSID Pair,0,0,0,6.1,0,0,registration,0,0,120,0,20,priority,1,1,0,0.0,Normal
2026-01-02T11:00,SYN-VTP-02,VTP,new AMSID Pair,3,3,0,6.6,0,0,registration,2,3,120,0,20,priority,1,0,0,50.0,Normal
2026-01-02T11:00,SYN-VTP-02,VTP,historic resubmission,1,0,1,5.6,0,0,registration,1,1,120,0,20,standard,0,0,1,0.0,Normal
2026-01-02T11:00,SYN-SUP-01,Supplier,new MSID Pair,1,1,0,7.9,0,0,registration,1,1,120,0,20,priority,1,1,0,0.0,Normal
2026-01-02T11:00,SYN-SUP-01,Supplier,new AMSID Pair,0,0,0,5.2,0,0,registration,1,0,120,0,20,priority,1,0,0,-100.0,Normal
2026-01-02T11:00,SYN-SUP-01,Supplier,historic resubmission,1,0,1,8.0,0,0,registration,1,1,120,0,20,standard,0,0,1,0.0,Normal
2026-01-02T12:00,SYN-VLP-01,VLP,new MSID Pair,5,5,1,8.3,0,0,registration,3,5,120,0,20,priority,1,1,0,66.67,Normal
2026-01-02T12:00,SYN-VLP-01,VLP,new AMSID Pair,0,0,0,9.3,0,0,registration,1,0,120,0,20,priority,1,0,0,-100.0,Normal
2026-01-02T12:00,SYN-VLP-01,VLP,historic resubmission,1,0,1,8.2,0,0,registration,1,1,120,0,20,standard,0,0,1,0.0,Normal
2026-01-02T12:00,SYN-VTP-01,VTP,new MSID Pair,1,1,0,8.8,1,2,registration,2,1,120,0,20,priority,1,1,0,-50.0,Normal
2026-01-02T12:00,SYN-VTP-01,VTP,new AMSID Pair,2,2,0,7.6,0,0,registration,2,2,120,0,20,priority,1,0,0,0.0,Normal
2026-01-02T12:00,SYN-VTP-01,VTP,historic resubmission,0,0,1,5.9,0,0,registration,1,0,120,0,20,standard,0,0,0,-100.0,Normal
2026-01-02T12:00,SYN-AMVLP-01,AMVLP,new MSID Pair,0,0,0,6.6,0,0,registration,1,0,120,0,20,priority,1,1,0,-100.0,Normal
2026-01-02T12:00,SYN-AMVLP-01,AMVLP,new AMSID Pair,4,4,1,7.0,0,0,registration,3,4,120,0,20,priority,1,0,0,33.33,Normal
2026-01-02T12:00,SYN-AMVLP-01,AMVLP,historic resubmission,1,1,1,6.5,0,0,registration,1,1,120,0,20,standard,0,0,0,0.0,Normal
2026-01-02T12:00,SYN-VLP-02,VLP,new MSID Pair,2,1,1,7.4,0,0,registration,3,2,120,0,20,priority,1,1,1,-33.33,Normal
2026-01-02T12:00,SYN-VLP-02,VLP,new AMSID Pair,1,1,0,8.3,1,1,registration,1,1,120,0,20,priority,1,0,0,0.0,Normal
2026-01-02T12:00,SYN-VLP-02,VLP,historic resubmission,1,1,1,6.1,0,0,registration,1,1,120,0,20,standard,0,0,0,0.0,Normal
2026-01-02T12:00,SYN-VTP-02,VTP,new MSID Pair,0,0,0,7.6,0,0,registration,0,0,120,0,20,priority,1,1,0,0.0,Normal
2026-01-02T12:00,SYN-VTP-02,VTP,new AMSID Pair,1,1,0,7.0,0,0,registration,1,1,120,0,20,priority,1,0,0,0.0,Normal
2026-01-02T12:00,SYN-VTP-02,VTP,historic resubmission,1,1,1,7.8,0,0,registration,0,1,120,0,20,standard,0,0,0,0.0,Normal
2026-01-02T12:00,SYN-SUP-01,Supplier,new MSID Pair,1,1,0,5.9,0,0,registration,0,1,120,0,20,priority,1,1,0,0.0,Normal
2026-01-02T12:00,SYN-SUP-01,Supplier,new AMSID Pair,0,0,0,8.4,0,0,registration,1,0,120,0,20,priority,1,0,0,-100.0,Normal
2026-01-02T12:00,SYN-SUP-01,Supplier,historic resubmission,2,1,2,8.1,0,0,registration,1,2,120,0,20,standard,0,0,1,100.0,Normal
2026-01-02T13:00,SYN-VLP-01,VLP,new MSID Pair,4,4,1,7.6,0,0,registration,4,4,120,0,20,priority,1,1,0,0.0,Normal
2026-01-02T13:00,SYN-VLP-01,VLP,new AMSID Pair,1,1,0,5.8,0,0,registration,0,1,120,0,20,priority,1,0,0,0.0,Normal
2026-01-02T13:00,SYN-VLP-01,VLP,historic resubmission,0,0,1,5.8,0,0,registration,0,0,120,0,20,standard,0,0,0,0.0,Normal
2026-01-02T13:00,SYN-VTP-01,VTP,new MSID Pair,0,0,0,6.7,0,0,registration,1,0,120,0,20,priority,1,1,0,-100.0,Normal
2026-01-02T13:00,SYN-VTP-01,VTP,new AMSID Pair,0,0,0,6.4,0,0,registration,2,0,120,0,20,priority,1,0,0,-100.0,Normal
2026-01-02T13:00,SYN-VTP-01,VTP,historic resubmission,1,1,1,9.3,0,0,registration,0,1,120,0,20,standard,0,0,0,0.0,Normal
2026-01-02T13:00,SYN-AMVLP-01,AMVLP,new MSID Pair,0,0,0,6.5,0,0,registration,0,0,120,0,20,priority,1,1,0,0.0,Normal
2026-01-02T13:00,SYN-AMVLP-01,AMVLP,new AMSID Pair,4,4,1,9.7,0,1,registration,4,4,120,0,20,priority,1,0,0,0.0,Normal
2026-01-02T13:00,SYN-AMVLP-01,AMVLP,historic resubmission,0,0,1,8.5,0,0,registration,0,0,120,0,20,standard,0,0,0,0.0,Normal
2026-01-02T13:00,SYN-VLP-02,VLP,new MSID Pair,2,2,1,8.8,0,0,registration,2,2,120,0,20,priority,1,1,0,0.0,Normal
2026-01-02T13:00,SYN-VLP-02,VLP,new AMSID Pair,1,1,0,6.3,0,1,registration,2,1,120,0,20,priority,1,0,0,-50.0,Normal
2026-01-02T13:00,SYN-VLP-02,VLP,historic resubmission,0,0,1,7.7,0,0,registration,0,0,120,0,20,standard,0,0,0,0.0,Normal
2026-01-02T13:00,SYN-VTP-02,VTP,new MSID Pair,2,1,1,5.9,0,0,registration,1,2,120,0,20,priority,1,1,1,100.0,Normal
2026-01-02T13:00,SYN-VTP-02,VTP,new AMSID Pair,3,2,1,7.4,0,0,registration,2,3,120,0,20,priority,1,0,1,50.0,Normal
2026-01-02T13:00,SYN-VTP-02,VTP,historic resubmission,2,1,2,6.4,0,0,registration,0,2,120,0,20,standard,0,0,1,0.0,Normal
2026-01-02T13:00,SYN-SUP-01,Supplier,new MSID Pair,1,1,0,8.4,0,0,registration,1,1,120,0,20,priority,1,1,0,0.0,Normal
2026-01-02T13:00,SYN-SUP-01,Supplier,new AMSID Pair,1,1,0,9.1,0,0,registration,1,1,120,0,20,priority,1,0,0,0.0,Normal
2026-01-02T13:00,SYN-SUP-01,Supplier,historic resubmission,2,1,3,6.4,0,0,registration,1,2,120,0,20,standard,0,0,1,100.0,Normal
2026-01-02T14:00,SYN-VLP-01,VLP,new MSID Pair,1,1,1,8.0,0,0,registration,3,1,120,0,20,priority,1,1,0,-66.67,Normal
2026-01-02T14:00,SYN-VLP-01,VLP,new AMSID Pair,0,0,0,6.7,0,0,registration,1,0,120,0,20,priority,1,0,0,-100.0,Normal
2026-01-02T14:00,SYN-VLP-01,VLP,historic resubmission,0,0,1,9.8,0,0,registration,1,0,120,0,20,standard,0,0,0,-100.0,Normal
2026-01-02T14:00,SYN-VTP-01,VTP,new MSID Pair,2,2,0,7.9,0,0,registration,1,2,120,0,20,priority,1,1,0,100.0,Normal
2026-01-02T14:00,SYN-VTP-01,VTP,new AMSID Pair,2,2,0,9.3,0,0,registration,1,2,120,0,20,priority,1,0,0,100.0,Normal
2026-01-02T14:00,SYN-VTP-01,VTP,historic resubmission,0,0,1,8.9,0,0,registration,2,0,120,0,20,standard,0,0,0,-100.0,Normal
2026-01-02T14:00,SYN-AMVLP-01,AMVLP,new MSID Pair,0,0,0,8.8,0,0,registration,1,0,120,0,20,priority,1,1,0,-100.0,Normal
2026-01-02T14:00,SYN-AMVLP-01,AMVLP,new AMSID Pair,3,3,1,7.6,0,0,registration,3,3,120,0,20,priority,1,0,0,0.0,Normal
2026-01-02T14:00,SYN-AMVLP-01,AMVLP,historic resubmission,1,1,1,8.5,0,0,registration,0,1,120,0,20,standard,0,0,0,0.0,Normal
2026-01-02T14:00,SYN-VLP-02,VLP,new MSID Pair,2,2,1,6.8,0,0,registration,2,2,120,0,20,priority,1,1,0,0.0,Normal
2026-01-02T14:00,SYN-VLP-02,VLP,new AMSID Pair,2,2,0,9.9,0,0,registration,1,2,120,0,20,priority,1,0,0,100.0,Normal
2026-01-02T14:00,SYN-VLP-02,VLP,historic resubmission,1,1,1,7.8,0,0,registration,2,1,120,0,20,standard,0,0,0,-50.0,Normal
2026-01-02T14:00,SYN-VTP-02,VTP,new MSID Pair,1,2,0,6.3,0,0,registration,1,1,120,0,20,priority,1,1,-1,0.0,Normal
2026-01-02T14:00,SYN-VTP-02,VTP,new AMSID Pair,1,1,1,7.3,0,0,registration,1,1,120,0,20,priority,1,0,0,0.0,Normal
2026-01-02T14:00,SYN-VTP-02,VTP,historic resubmission,0,1,1,7.5,0,0,registration,2,0,120,0,20,standard,0,0,-1,-100.0,Normal
2026-01-02T14:00,SYN-SUP-01,Supplier,new MSID Pair,1,1,0,6.4,0,0,registration,1,1,120,0,20,priority,1,1,0,0.0,Normal
2026-01-02T14:00,SYN-SUP-01,Supplier,new AMSID Pair,0,0,0,8.1,0,0,registration,1,0,120,0,20,priority,1,0,0,-100.0,Normal
2026-01-02T14:00,SYN-SUP-01,Supplier,historic resubmission,1,1,3,7.1,0,0,registration,1,1,120,0,20,standard,0,0,0,0.0,Normal
2026-01-02T15:00,SYN-VLP-01,VLP,new MSID Pair,1,2,0,9.4,0,0,registration,3,1,120,0,20,priority,1,1,-1,-66.67,Normal
2026-01-02T15:00,SYN-VLP-01,VLP,new AMSID Pair,1,1,0,8.3,0,0,registration,0,1,120,0,20,priority,1,0,0,0.0,Normal
2026-01-02T15:00,SYN-VLP-01,VLP,historic resubmission,0,0,1,7.4,0,0,registration,2,0,120,0,20,standard,0,0,0,-100.0,Normal
2026-01-02T15:00,SYN-VTP-01,VTP,new MSID Pair,1,1,0,8.5,0,0,registration,1,1,120,0,20,priority,1,1,0,0.0,Normal
2026-01-02T15:00,SYN-VTP-01,VTP,new AMSID Pair,2,2,0,6.8,0,0,registration,1,2,120,0,20,priority,1,0,0,100.0,Normal
2026-01-02T15:00,SYN-VTP-01,VTP,historic resubmission,0,0,1,8.7,0,0,registration,2,0,120,0,20,standard,0,0,0,-100.0,Normal
2026-01-02T15:00,SYN-AMVLP-01,AMVLP,new MSID Pair,0,0,0,6.6,0,0,registration,0,0,120,0,20,priority,1,1,0,0.0,Normal
2026-01-02T15:00,SYN-AMVLP-01,AMVLP,new AMSID Pair,2,3,0,6.8,0,0,registration,5,2,120,0,20,priority,1,0,-1,-60.0,Normal
2026-01-02T15:00,SYN-AMVLP-01,AMVLP,historic resubmission,0,0,1,6.1,0,0,registration,0,0,120,0,20,standard,0,0,0,0.0,Normal
2026-01-02T15:00,SYN-VLP-02,VLP,new MSID Pair,1,2,0,9.0,0,0,registration,2,1,120,0,20,priority,1,1,-1,-50.0,Normal
2026-01-02T15:00,SYN-VLP-02,VLP,new AMSID Pair,1,1,0,8.7,0,0,registration,0,1,120,0,20,priority,1,0,0,0.0,Normal
2026-01-02T15:00,SYN-VLP-02,VLP,historic resubmission,1,1,1,9.7,0,0,registration,0,1,120,0,20,standard,0,0,0,0.0,Normal
2026-01-02T15:00,SYN-VTP-02,VTP,new MSID Pair,0,0,0,7.7,0,0,registration,2,0,120,0,20,priority,1,1,0,-100.0,Normal
2026-01-02T15:00,SYN-VTP-02,VTP,new AMSID Pair,2,3,0,8.0,0,0,registration,1,2,120,0,20,priority,1,0,-1,100.0,Normal
2026-01-02T15:00,SYN-VTP-02,VTP,historic resubmission,1,1,1,7.2,0,0,registration,1,1,120,0,20,standard,0,0,0,0.0,Normal
2026-01-02T15:00,SYN-SUP-01,Supplier,new MSID Pair,1,1,0,9.5,0,0,registration,0,1,120,0,20,priority,1,1,0,0.0,Normal
2026-01-02T15:00,SYN-SUP-01,Supplier,new AMSID Pair,0,0,0,7.3,0,0,registration,1,0,120,0,20,priority,1,0,0,-100.0,Normal
2026-01-02T15:00,SYN-SUP-01,Supplier,historic resubmission,2,2,3,8.3,0,0,registration,2,2,120,0,20,standard,0,0,0,0.0,Normal
2026-01-02T16:00,SYN-VLP-01,VLP,new MSID Pair,3,2,1,6.3,0,0,registration,4,3,120,0,20,priority,1,1,1,-25.0,Normal
2026-01-02T16:00,SYN-VLP-01,VLP,new AMSID Pair,1,1,0,8.7,0,0,registration,1,1,120,0,20,priority,1,0,0,0.0,Normal
2026-01-02T16:00,SYN-VLP-01,VLP,historic resubmission,0,0,1,8.8,0,0,registration,0,0,120,0,20,standard,0,0,0,0.0,Normal
2026-01-02T16:00,SYN-VTP-01,VTP,new MSID Pair,2,2,0,8.4,0,0,registration,1,2,120,0,20,priority,1,1,0,100.0,Normal
2026-01-02T16:00,SYN-VTP-01,VTP,new AMSID Pair,3,3,0,6.1,1,1,registration,1,3,120,0,20,priority,1,0,0,200.0,Normal
2026-01-02T16:00,SYN-VTP-01,VTP,historic resubmission,1,1,1,9.0,0,0,registration,0,1,120,0,20,standard,0,0,0,0.0,Normal
2026-01-02T16:00,SYN-AMVLP-01,AMVLP,new MSID Pair,0,0,0,6.0,0,0,registration,1,0,120,0,20,priority,1,1,0,-100.0,Normal
2026-01-02T16:00,SYN-AMVLP-01,AMVLP,new AMSID Pair,2,2,0,6.6,0,0,registration,3,2,120,0,20,priority,1,0,0,-33.33,Normal
2026-01-02T16:00,SYN-AMVLP-01,AMVLP,historic resubmission,1,1,1,8.4,0,0,registration,0,1,120,0,20,standard,0,0,0,0.0,Normal
2026-01-02T16:00,SYN-VLP-02,VLP,new MSID Pair,2,2,0,6.4,0,0,registration,2,2,120,0,20,priority,1,1,0,0.0,Normal
2026-01-02T16:00,SYN-VLP-02,VLP,new AMSID Pair,0,0,0,8.8,0,0,registration,2,0,120,0,20,priority,1,0,0,-100.0,Normal
2026-01-02T16:00,SYN-VLP-02,VLP,historic resubmission,1,1,1,6.9,0,0,registration,1,1,120,0,20,standard,0,0,0,0.0,Normal
2026-01-02T16:00,SYN-VTP-02,VTP,new MSID Pair,1,1,0,8.6,0,0,registration,1,1,120,0,20,priority,1,1,0,0.0,Normal
2026-01-02T16:00,SYN-VTP-02,VTP,new AMSID Pair,2,2,0,6.1,0,0,registration,2,2,120,0,20,priority,1,0,0,0.0,Normal
2026-01-02T16:00,SYN-VTP-02,VTP,historic resubmission,1,1,1,6.5,0,0,registration,1,1,120,0,20,standard,0,0,0,0.0,Normal
2026-01-02T16:00,SYN-SUP-01,Supplier,new MSID Pair,0,0,0,6.7,0,0,registration,0,0,120,0,20,priority,1,1,0,0.0,Normal
2026-01-02T16:00,SYN-SUP-01,Supplier,new AMSID Pair,0,0,0,7.8,0,0,registration,0,0,120,0,20,priority,1,0,0,0.0,Normal
2026-01-02T16:00,SYN-SUP-01,Supplier,historic resubmission,0,1,2,7.1,0,0,registration,1,0,120,0,20,standard,0,0,-1,-100.0,Normal
2026-01-02T17:00,SYN-VLP-01,VLP,new MSID Pair,2,3,0,6.8,0,0,registration,2,2,120,0,20,priority,1,1,-1,0.0,Normal
2026-01-02T17:00,SYN-VLP-01,VLP,new AMSID Pair,0,0,0,9.4,0,0,registration,1,0,120,0,20,priority,1,0,0,-100.0,Normal
2026-01-02T17:00,SYN-VLP-01,VLP,historic resubmission,2,3,0,7.0,0,0,registration,1,2,120,0,20,standard,0,0,-1,100.0,Normal
2026-01-02T17:00,SYN-VTP-01,VTP,new MSID Pair,1,1,0,9.0,0,0,registration,2,1,120,0,20,priority,1,1,0,-50.0,Normal
2026-01-02T17:00,SYN-VTP-01,VTP,new AMSID Pair,2,2,0,6.3,0,0,registration,2,2,120,0,20,priority,1,0,0,0.0,Normal
2026-01-02T17:00,SYN-VTP-01,VTP,historic resubmission,0,1,0,6.7,0,0,registration,1,0,120,0,20,standard,0,0,-1,-100.0,Normal
2026-01-02T17:00,SYN-AMVLP-01,AMVLP,new MSID Pair,1,1,0,7.9,0,0,registration,1,1,120,0,20,priority,1,1,0,0.0,Normal
2026-01-02T17:00,SYN-AMVLP-01,AMVLP,new AMSID Pair,1,1,0,7.3,0,0,registration,3,1,120,0,20,priority,1,0,0,-66.67,Normal
2026-01-02T17:00,SYN-AMVLP-01,AMVLP,historic resubmission,0,1,0,8.7,0,0,registration,2,0,120,0,20,standard,0,0,-1,-100.0,Normal
2026-01-02T17:00,SYN-VLP-02,VLP,new MSID Pair,2,2,0,8.4,0,0,registration,3,2,120,0,20,priority,1,1,0,-33.33,Normal
2026-01-02T17:00,SYN-VLP-02,VLP,new AMSID Pair,0,0,0,7.0,0,0,registration,0,0,120,0,20,priority,1,0,0,0.0,Normal
2026-01-02T17:00,SYN-VLP-02,VLP,historic resubmission,0,1,0,8.1,0,0,registration,1,0,120,0,20,standard,0,0,-1,-100.0,Normal
2026-01-02T17:00,SYN-VTP-02,VTP,new MSID Pair,0,0,0,5.9,0,0,registration,2,0,120,0,20,priority,1,1,0,-100.0,Normal
2026-01-02T17:00,SYN-VTP-02,VTP,new AMSID Pair,0,0,0,8.7,0,0,registration,0,0,120,0,20,priority,1,0,0,0.0,Normal
2026-01-02T17:00,SYN-VTP-02,VTP,historic resubmission,0,1,0,9.4,0,0,registration,0,0,120,0,20,standard,0,0,-1,0.0,Normal
2026-01-02T17:00,SYN-SUP-01,Supplier,new MSID Pair,0,0,0,5.7,0,0,registration,0,0,120,0,20,priority,1,1,0,0.0,Normal
2026-01-02T17:00,SYN-SUP-01,Supplier,new AMSID Pair,0,0,0,6.3,0,0,registration,1,0,120,0,20,priority,1,0,0,-100.0,Normal
2026-01-02T17:00,SYN-SUP-01,Supplier,historic resubmission,1,3,0,9.3,0,0,registration,1,1,120,0,20,standard,0,0,-2,0.0,Normal
2026-01-02T18:00,SYN-VLP-01,VLP,new MSID Pair,3,3,0,8.0,1,1,registration,2,3,120,0,20,priority,1,1,0,50.0,Normal
2026-01-02T18:00,SYN-VLP-01,VLP,new AMSID Pair,1,1,0,5.7,0,0,registration,2,1,120,0,20,priority,1,0,0,-50.0,Normal
2026-01-02T18:00,SYN-VLP-01,VLP,historic resubmission,0,0,0,8.3,0,0,registration,1,0,120,0,20,standard,0,0,0,-100.0,Normal
2026-01-02T18:00,SYN-VTP-01,VTP,new MSID Pair,1,1,0,8.8,0,0,registration,0,1,120,0,20,priority,1,1,0,0.0,Normal
2026-01-02T18:00,SYN-VTP-01,VTP,new AMSID Pair,1,1,0,8.6,0,0,registration,1,1,120,0,20,priority,1,0,0,0.0,Normal
2026-01-02T18:00,SYN-VTP-01,VTP,historic resubmission,1,1,0,8.0,0,0,registration,0,1,120,0,20,standard,0,0,0,0.0,Normal
2026-01-02T18:00,SYN-AMVLP-01,AMVLP,new MSID Pair,0,0,0,8.6,0,0,registration,0,0,120,0,20,priority,1,1,0,0.0,Normal
2026-01-02T18:00,SYN-AMVLP-01,AMVLP,new AMSID Pair,2,2,0,7.7,0,0,registration,2,2,120,0,20,priority,1,0,0,0.0,Normal
2026-01-02T18:00,SYN-AMVLP-01,AMVLP,historic resubmission,0,0,0,6.7,0,0,registration,2,0,120,0,20,standard,0,0,0,-100.0,Normal
2026-01-02T18:00,SYN-VLP-02,VLP,new MSID Pair,1,1,0,6.4,0,0,registration,2,1,120,0,20,priority,1,1,0,-50.0,Normal
2026-01-02T18:00,SYN-VLP-02,VLP,new AMSID Pair,1,1,0,7.1,0,0,registration,1,1,120,0,20,priority,1,0,0,0.0,Normal
2026-01-02T18:00,SYN-VLP-02,VLP,historic resubmission,1,1,0,7.3,0,0,registration,0,1,120,0,20,standard,0,0,0,0.0,Normal
2026-01-02T18:00,SYN-VTP-02,VTP,new MSID Pair,0,0,0,7.3,0,0,registration,0,0,120,0,20,priority,1,1,0,0.0,Normal
2026-01-02T18:00,SYN-VTP-02,VTP,new AMSID Pair,1,1,0,8.1,0,0,registration,1,1,120,0,20,priority,1,0,0,0.0,Normal
2026-01-02T18:00,SYN-VTP-02,VTP,historic resubmission,2,2,0,7.1,0,0,registration,0,2,120,0,20,standard,0,0,0,0.0,Normal
2026-01-02T18:00,SYN-SUP-01,Supplier,new MSID Pair,0,0,0,8.4,0,0,registration,1,0,120,0,20,priority,1,1,0,-100.0,Normal
2026-01-02T18:00,SYN-SUP-01,Supplier,new AMSID Pair,0,0,0,6.5,0,0,registration,1,0,120,0,20,priority,1,0,0,-100.0,Normal
2026-01-02T18:00,SYN-SUP-01,Supplier,historic resubmission,1,1,0,6.1,0,0,registration,0,1,120,0,20,standard,0,0,0,0.0,Normal
2026-01-02T19:00,SYN-VLP-01,VLP,new MSID Pair,2,2,0,8.7,0,0,registration,2,2,120,0,20,priority,1,1,0,0.0,Normal
2026-01-02T19:00,SYN-VLP-01,VLP,new AMSID Pair,1,1,0,6.5,0,0,registration,0,1,120,0,20,priority,1,0,0,0.0,Normal
2026-01-02T19:00,SYN-VLP-01,VLP,historic resubmission,0,0,0,6.1,0,0,registration,1,0,120,0,20,standard,0,0,0,-100.0,Normal
2026-01-02T19:00,SYN-VTP-01,VTP,new MSID Pair,2,2,0,8.2,0,0,registration,2,2,120,0,20,priority,1,1,0,0.0,Normal
2026-01-02T19:00,SYN-VTP-01,VTP,new AMSID Pair,1,1,0,8.1,0,0,registration,1,1,120,0,20,priority,1,0,0,0.0,Normal
2026-01-02T19:00,SYN-VTP-01,VTP,historic resubmission,1,1,0,7.6,0,0,registration,1,1,120,0,20,standard,0,0,0,0.0,Normal
2026-01-02T19:00,SYN-AMVLP-01,AMVLP,new MSID Pair,2,2,0,5.1,1,1,registration,2,2,120,0,20,priority,1,1,0,0.0,Normal
2026-01-02T19:00,SYN-AMVLP-01,AMVLP,new AMSID Pair,2,2,0,6.9,0,0,registration,3,2,120,0,20,priority,1,0,0,-33.33,Normal
2026-01-02T19:00,SYN-AMVLP-01,AMVLP,historic resubmission,1,1,0,5.2,0,0,registration,0,1,120,0,20,standard,0,0,0,0.0,Normal
2026-01-02T19:00,SYN-VLP-02,VLP,new MSID Pair,1,1,0,7.4,0,0,registration,1,1,120,0,20,priority,1,1,0,0.0,Normal
2026-01-02T19:00,SYN-VLP-02,VLP,new AMSID Pair,1,1,0,8.8,0,0,registration,0,1,120,0,20,priority,1,0,0,0.0,Normal
2026-01-02T19:00,SYN-VLP-02,VLP,historic resubmission,0,0,0,6.0,0,0,registration,0,0,120,0,20,standard,0,0,0,0.0,Normal
2026-01-02T19:00,SYN-VTP-02,VTP,new MSID Pair,0,0,0,6.7,0,0,registration,0,0,120,0,20,priority,1,1,0,0.0,Normal
2026-01-02T19:00,SYN-VTP-02,VTP,new AMSID Pair,1,1,0,8.2,0,0,registration,1,1,120,0,20,priority,1,0,0,0.0,Normal
2026-01-02T19:00,SYN-VTP-02,VTP,historic resubmission,0,0,0,5.2,0,0,registration,0,0,120,0,20,standard,0,0,0,0.0,Normal
2026-01-02T19:00,SYN-SUP-01,Supplier,new MSID Pair,0,0,0,5.9,0,0,registration,1,0,120,0,20,priority,1,1,0,-100.0,Normal
2026-01-02T19:00,SYN-SUP-01,Supplier,new AMSID Pair,0,0,0,7.2,0,0,registration,1,0,120,0,20,priority,1,0,0,-100.0,Normal
2026-01-02T19:00,SYN-SUP-01,Supplier,historic resubmission,1,1,0,6.0,0,0,registration,0,1,120,0,20,standard,0,0,0,0.0,Normal
2026-01-02T20:00,SYN-VLP-01,VLP,new MSID Pair,2,2,0,8.9,0,0,registration,2,2,120,0,20,priority,1,1,0,0.0,Normal
2026-01-02T20:00,SYN-VLP-01,VLP,new AMSID Pair,0,0,0,5.9,0,0,registration,0,0,120,0,20,priority,1,0,0,0.0,Normal
2026-01-02T20:00,SYN-VLP-01,VLP,historic resubmission,0,0,0,8.7,0,0,registration,1,0,120,0,20,standard,0,0,0,-100.0,Normal
2026-01-02T20:00,SYN-VTP-01,VTP,new MSID Pair,0,0,0,6.1,0,0,registration,1,0,120,0,20,priority,1,1,0,-100.0,Normal
2026-01-02T20:00,SYN-VTP-01,VTP,new AMSID Pair,0,0,0,5.8,0,0,registration,2,0,120,0,20,priority,1,0,0,-100.0,Normal
2026-01-02T20:00,SYN-VTP-01,VTP,historic resubmission,1,1,0,7.2,0,0,registration,1,1,120,0,20,standard,0,0,0,0.0,Normal
2026-01-02T20:00,SYN-AMVLP-01,AMVLP,new MSID Pair,0,0,0,8.8,0,0,registration,0,0,120,0,20,priority,1,1,0,0.0,Normal
2026-01-02T20:00,SYN-AMVLP-01,AMVLP,new AMSID Pair,2,2,0,5.7,0,0,registration,3,2,120,0,20,priority,1,0,0,-33.33,Normal
2026-01-02T20:00,SYN-AMVLP-01,AMVLP,historic resubmission,1,1,0,6.6,0,0,registration,1,1,120,0,20,standard,0,0,0,0.0,Normal
2026-01-02T20:00,SYN-VLP-02,VLP,new MSID Pair,1,1,0,8.3,0,0,registration,2,1,120,0,20,priority,1,1,0,-50.0,Normal
2026-01-02T20:00,SYN-VLP-02,VLP,new AMSID Pair,1,1,0,5.7,0,0,registration,1,1,120,0,20,priority,1,0,0,0.0,Normal
2026-01-02T20:00,SYN-VLP-02,VLP,historic resubmission,0,0,0,6.8,0,0,registration,1,0,120,0,20,standard,0,0,0,-100.0,Normal
2026-01-02T20:00,SYN-VTP-02,VTP,new MSID Pair,0,0,0,6.3,0,0,registration,0,0,120,0,20,priority,1,1,0,0.0,Normal
2026-01-02T20:00,SYN-VTP-02,VTP,new AMSID Pair,2,2,0,7.0,0,0,registration,1,2,120,0,20,priority,1,0,0,100.0,Normal
2026-01-02T20:00,SYN-VTP-02,VTP,historic resubmission,0,0,0,7.4,0,0,registration,1,0,120,0,20,standard,0,0,0,-100.0,Normal
2026-01-02T20:00,SYN-SUP-01,Supplier,new MSID Pair,0,0,0,9.0,0,0,registration,1,0,120,0,20,priority,1,1,0,-100.0,Normal
2026-01-02T20:00,SYN-SUP-01,Supplier,new AMSID Pair,0,0,0,8.8,0,0,registration,0,0,120,0,20,priority,1,0,0,0.0,Normal
2026-01-02T20:00,SYN-SUP-01,Supplier,historic resubmission,0,0,0,8.6,0,0,registration,1,0,120,0,20,standard,0,0,0,-100.0,Normal
2026-01-02T21:00,SYN-VLP-01,VLP,new MSID Pair,1,1,0,6.1,0,0,registration,2,1,120,0,20,priority,1,1,0,-50.0,Normal
2026-01-02T21:00,SYN-VLP-01,VLP,new AMSID Pair,0,0,0,8.1,0,0,registration,1,0,120,0,20,priority,1,0,0,-100.0,Normal
2026-01-02T21:00,SYN-VLP-01,VLP,historic resubmission,0,0,0,7.3,0,0,registration,1,0,120,0,20,standard,0,0,0,-100.0,Normal
2026-01-02T21:00,SYN-VTP-01,VTP,new MSID Pair,0,0,0,5.2,0,0,registration,0,0,120,0,20,priority,1,1,0,0.0,Normal
2026-01-02T21:00,SYN-VTP-01,VTP,new AMSID Pair,0,0,0,6.4,0,0,registration,0,0,120,0,20,priority,1,0,0,0.0,Normal
2026-01-02T21:00,SYN-VTP-01,VTP,historic resubmission,0,0,0,6.6,0,0,registration,0,0,120,0,20,standard,0,0,0,0.0,Normal
2026-01-02T21:00,SYN-AMVLP-01,AMVLP,new MSID Pair,0,0,0,6.6,0,0,registration,0,0,120,0,20,priority,1,1,0,0.0,Normal
2026-01-02T21:00,SYN-AMVLP-01,AMVLP,new AMSID Pair,2,2,0,8.2,0,0,registration,2,2,120,0,20,priority,1,0,0,0.0,Normal
2026-01-02T21:00,SYN-AMVLP-01,AMVLP,historic resubmission,0,0,0,8.4,0,0,registration,1,0,120,0,20,standard,0,0,0,-100.0,Normal
2026-01-02T21:00,SYN-VLP-02,VLP,new MSID Pair,0,0,0,5.2,0,0,registration,1,0,120,0,20,priority,1,1,0,-100.0,Normal
2026-01-02T21:00,SYN-VLP-02,VLP,new AMSID Pair,0,0,0,7.4,0,0,registration,1,0,120,0,20,priority,1,0,0,-100.0,Normal
2026-01-02T21:00,SYN-VLP-02,VLP,historic resubmission,1,1,0,7.6,0,1,registration,0,1,120,0,20,standard,0,0,0,0.0,Normal
2026-01-02T21:00,SYN-VTP-02,VTP,new MSID Pair,0,0,0,8.3,0,0,registration,1,0,120,0,20,priority,1,1,0,-100.0,Normal
2026-01-02T21:00,SYN-VTP-02,VTP,new AMSID Pair,1,1,0,6.7,0,0,registration,1,1,120,0,20,priority,1,0,0,0.0,Normal
2026-01-02T21:00,SYN-VTP-02,VTP,historic resubmission,0,0,0,5.3,0,0,registration,0,0,120,0,20,standard,0,0,0,0.0,Normal
2026-01-02T21:00,SYN-SUP-01,Supplier,new MSID Pair,0,0,0,6.9,0,0,registration,0,0,120,0,20,priority,1,1,0,0.0,Normal
2026-01-02T21:00,SYN-SUP-01,Supplier,new AMSID Pair,0,0,0,6.8,0,0,registration,0,0,120,0,20,priority,1,0,0,0.0,Normal
2026-01-02T21:00,SYN-SUP-01,Supplier,historic resubmission,1,1,0,7.0,0,0,registration,1,1,120,0,20,standard,0,0,0,0.0,Normal
2026-01-02T22:00,SYN-VLP-01,VLP,new MSID Pair,2,2,0,6.1,0,0,registration,2,2,120,0,20,priority,1,1,0,0.0,Normal
2026-01-02T22:00,SYN-VLP-01,VLP,new AMSID Pair,1,1,0,8.7,0,0,registration,1,1,120,0,20,priority,1,0,0,0.0,Normal
2026-01-02T22:00,SYN-VLP-01,VLP,historic resubmission,1,1,0,7.2,0,0,registration,1,1,120,0,20,standard,0,0,0,0.0,Normal
2026-01-02T22:00,SYN-VTP-01,VTP,new MSID Pair,2,2,0,6.6,0,0,registration,0,2,120,0,20,priority,1,1,0,0.0,Normal
2026-01-02T22:00,SYN-VTP-01,VTP,new AMSID Pair,0,0,0,6.0,0,0,registration,0,0,120,0,20,priority,1,0,0,0.0,Normal
2026-01-02T22:00,SYN-VTP-01,VTP,historic resubmission,0,0,0,5.2,0,0,registration,0,0,120,0,20,standard,0,0,0,0.0,Normal
2026-01-02T22:00,SYN-AMVLP-01,AMVLP,new MSID Pair,1,1,0,5.3,0,0,registration,1,1,120,0,20,priority,1,1,0,0.0,Normal
2026-01-02T22:00,SYN-AMVLP-01,AMVLP,new AMSID Pair,2,2,0,8.6,0,0,registration,2,2,120,0,20,priority,1,0,0,0.0,Normal
2026-01-02T22:00,SYN-AMVLP-01,AMVLP,historic resubmission,0,0,0,5.1,0,0,registration,0,0,120,0,20,standard,0,0,0,0.0,Normal
2026-01-02T22:00,SYN-VLP-02,VLP,new MSID Pair,1,1,0,5.9,0,0,registration,2,1,120,0,20,priority,1,1,0,-50.0,Normal
2026-01-02T22:00,SYN-VLP-02,VLP,new AMSID Pair,1,1,0,6.2,0,1,registration,1,1,120,0,20,priority,1,0,0,0.0,Normal
2026-01-02T22:00,SYN-VLP-02,VLP,historic resubmission,0,0,0,5.2,0,0,registration,0,0,120,0,20,standard,0,0,0,0.0,Normal
2026-01-02T22:00,SYN-VTP-02,VTP,new MSID Pair,0,0,0,5.6,0,0,registration,0,0,120,0,20,priority,1,1,0,0.0,Normal
2026-01-02T22:00,SYN-VTP-02,VTP,new AMSID Pair,2,2,0,5.3,1,1,registration,2,2,120,0,20,priority,1,0,0,0.0,Normal
2026-01-02T22:00,SYN-VTP-02,VTP,historic resubmission,0,0,0,8.3,0,0,registration,0,0,120,0,20,standard,0,0,0,0.0,Normal
2026-01-02T22:00,SYN-SUP-01,Supplier,new MSID Pair,1,1,0,6.5,0,0,registration,1,1,120,0,20,priority,1,1,0,0.0,Normal
2026-01-02T22:00,SYN-SUP-01,Supplier,new AMSID Pair,1,1,0,8.6,0,0,registration,0,1,120,0,20,priority,1,0,0,0.0,Normal
2026-01-02T22:00,SYN-SUP-01,Supplier,historic resubmission,0,0,0,8.8,0,0,registration,0,0,120,0,20,standard,0,0,0,0.0,Normal
2026-01-02T23:00,SYN-VLP-01,VLP,new MSID Pair,1,1,0,7.6,0,0,registration,2,1,120,0,20,priority,1,1,0,-50.0,Normal
2026-01-02T23:00,SYN-VLP-01,VLP,new AMSID Pair,0,0,0,5.4,0,0,registration,1,0,120,0,20,priority,1,0,0,-100.0,Normal
2026-01-02T23:00,SYN-VLP-01,VLP,historic resubmission,2,2,0,7.9,0,0,registration,0,2,120,0,20,standard,0,0,0,0.0,Normal
2026-01-02T23:00,SYN-VTP-01,VTP,new MSID Pair,0,0,0,6.9,0,0,registration,0,0,120,0,20,priority,1,1,0,0.0,Normal
2026-01-02T23:00,SYN-VTP-01,VTP,new AMSID Pair,1,1,0,8.8,0,0,registration,2,1,120,0,20,priority,1,0,0,-50.0,Normal
2026-01-02T23:00,SYN-VTP-01,VTP,historic resubmission,0,0,0,6.5,0,0,registration,0,0,120,0,20,standard,0,0,0,0.0,Normal
2026-01-02T23:00,SYN-AMVLP-01,AMVLP,new MSID Pair,0,0,0,7.4,0,0,registration,0,0,120,0,20,priority,1,1,0,0.0,Normal
2026-01-02T23:00,SYN-AMVLP-01,AMVLP,new AMSID Pair,0,0,0,5.0,0,0,registration,1,0,120,0,20,priority,1,0,0,-100.0,Normal
2026-01-02T23:00,SYN-AMVLP-01,AMVLP,historic resubmission,1,1,0,5.1,0,0,registration,1,1,120,0,20,standard,0,0,0,0.0,Normal
2026-01-02T23:00,SYN-VLP-02,VLP,new MSID Pair,1,1,0,6.2,0,0,registration,1,1,120,0,20,priority,1,1,0,0.0,Normal
2026-01-02T23:00,SYN-VLP-02,VLP,new AMSID Pair,1,1,0,7.4,0,0,registration,0,1,120,0,20,priority,1,0,0,0.0,Normal
2026-01-02T23:00,SYN-VLP-02,VLP,historic resubmission,0,0,0,6.4,0,0,registration,1,0,120,0,20,standard,0,0,0,-100.0,Normal
2026-01-02T23:00,SYN-VTP-02,VTP,new MSID Pair,0,0,0,7.2,0,0,registration,0,0,120,0,20,priority,1,1,0,0.0,Normal
2026-01-02T23:00,SYN-VTP-02,VTP,new AMSID Pair,0,0,0,7.8,0,0,registration,0,0,120,0,20,priority,1,0,0,0.0,Normal
2026-01-02T23:00,SYN-VTP-02,VTP,historic resubmission,0,0,0,7.5,0,0,registration,1,0,120,0,20,standard,0,0,0,-100.0,Normal
2026-01-02T23:00,SYN-SUP-01,Supplier,new MSID Pair,0,0,0,8.3,0,0,registration,0,0,120,0,20,priority,1,1,0,0.0,Normal
2026-01-02T23:00,SYN-SUP-01,Supplier,new AMSID Pair,1,1,0,8.0,1,1,registration,1,1,120,0,20,priority,1,0,0,0.0,Normal
2026-01-02T23:00,SYN-SUP-01,Supplier,historic resubmission,1,1,0,5.0,0,0,registration,0,1,120,0,20,standard,0,0,0,0.0,Normal
2026-01-03T00:00,SYN-VLP-01,VLP,new MSID Pair,2,2,0,6.5,0,0,registration,1,2,120,0,20,priority,1,1,0,100.0,Normal
2026-01-03T00:00,SYN-VLP-01,VLP,new AMSID Pair,0,0,0,8.6,0,0,registration,0,0,120,0,20,priority,1,0,0,0.0,Normal
2026-01-03T00:00,SYN-VLP-01,VLP,historic resubmission,0,0,0,6.3,0,0,registration,0,0,120,0,20,standard,0,0,0,0.0,Normal
2026-01-03T00:00,SYN-VTP-01,VTP,new MSID Pair,0,0,0,8.1,0,0,registration,1,0,120,0,20,priority,1,1,0,-100.0,Normal
2026-01-03T00:00,SYN-VTP-01,VTP,new AMSID Pair,1,1,0,5.7,0,0,registration,0,1,120,0,20,priority,1,0,0,0.0,Normal
2026-01-03T00:00,SYN-VTP-01,VTP,historic resubmission,0,0,0,6.6,0,0,registration,0,0,120,0,20,standard,0,0,0,0.0,Normal
2026-01-03T00:00,SYN-AMVLP-01,AMVLP,new MSID Pair,1,1,0,7.5,0,0,registration,0,1,120,0,20,priority,1,1,0,0.0,Normal
2026-01-03T00:00,SYN-AMVLP-01,AMVLP,new AMSID Pair,2,2,0,8.5,0,0,registration,2,2,120,0,20,priority,1,0,0,0.0,Normal
2026-01-03T00:00,SYN-AMVLP-01,AMVLP,historic resubmission,2,2,0,8.5,0,0,registration,1,2,120,0,20,standard,0,0,0,100.0,Normal
2026-01-03T00:00,SYN-VLP-02,VLP,new MSID Pair,0,0,0,6.7,0,0,registration,1,0,120,0,20,priority,1,1,0,-100.0,Normal
2026-01-03T00:00,SYN-VLP-02,VLP,new AMSID Pair,1,1,0,6.8,0,0,registration,0,1,120,0,20,priority,1,0,0,0.0,Normal
2026-01-03T00:00,SYN-VLP-02,VLP,historic resubmission,0,0,0,5.0,0,0,registration,0,0,120,0,20,standard,0,0,0,0.0,Normal
2026-01-03T00:00,SYN-VTP-02,VTP,new MSID Pair,0,0,0,8.6,0,0,registration,1,0,120,0,20,priority,1,1,0,-100.0,Normal
2026-01-03T00:00,SYN-VTP-02,VTP,new AMSID Pair,1,1,0,7.6,0,0,registration,0,1,120,0,20,priority,1,0,0,0.0,Normal
2026-01-03T00:00,SYN-VTP-02,VTP,historic resubmission,1,1,0,7.1,0,0,registration,0,1,120,0,20,standard,0,0,0,0.0,Normal
2026-01-03T00:00,SYN-SUP-01,Supplier,new MSID Pair,0,0,0,5.7,0,0,registration,0,0,120,0,20,priority,1,1,0,0.0,Normal
2026-01-03T00:00,SYN-SUP-01,Supplier,new AMSID Pair,0,0,0,8.3,0,0,registration,0,0,120,0,20,priority,1,0,0,0.0,Normal
2026-01-03T00:00,SYN-SUP-01,Supplier,historic resubmission,1,1,0,8.4,0,0,registration,1,1,120,0,20,standard,0,0,0,0.0,Normal
2026-01-03T01:00,SYN-VLP-01,VLP,new MSID Pair,1,1,0,5.7,0,0,registration,0,1,120,0,20,priority,1,1,0,0.0,Normal
2026-01-03T01:00,SYN-VLP-01,VLP,new AMSID Pair,0,0,0,8.5,0,0,registration,0,0,120,0,20,priority,1,0,0,0.0,Normal
2026-01-03T01:00,SYN-VLP-01,VLP,historic resubmission,0,0,0,8.8,0,0,registration,0,0,120,0,20,standard,0,0,0,0.0,Normal
2026-01-03T01:00,SYN-VTP-01,VTP,new MSID Pair,0,0,0,8.2,0,0,registration,0,0,120,0,20,priority,1,1,0,0.0,Normal
2026-01-03T01:00,SYN-VTP-01,VTP,new AMSID Pair,0,0,0,7.8,0,0,registration,1,0,120,0,20,priority,1,0,0,-100.0,Normal
2026-01-03T01:00,SYN-VTP-01,VTP,historic resubmission,0,0,0,6.7,0,0,registration,0,0,120,0,20,standard,0,0,0,0.0,Normal
2026-01-03T01:00,SYN-AMVLP-01,AMVLP,new MSID Pair,1,1,0,5.7,0,0,registration,0,1,120,0,20,priority,1,1,0,0.0,Normal
2026-01-03T01:00,SYN-AMVLP-01,AMVLP,new AMSID Pair,0,0,0,7.7,0,0,registration,1,0,120,0,20,priority,1,0,0,-100.0,Normal
2026-01-03T01:00,SYN-AMVLP-01,AMVLP,historic resubmission,0,0,0,6.5,0,0,registration,0,0,120,0,20,standard,0,0,0,0.0,Normal
2026-01-03T01:00,SYN-VLP-02,VLP,new MSID Pair,0,0,0,8.2,0,0,registration,1,0,120,0,20,priority,1,1,0,-100.0,Normal
2026-01-03T01:00,SYN-VLP-02,VLP,new AMSID Pair,0,0,0,7.6,0,0,registration,0,0,120,0,20,priority,1,0,0,0.0,Normal
2026-01-03T01:00,SYN-VLP-02,VLP,historic resubmission,0,0,0,5.6,0,0,registration,1,0,120,0,20,standard,0,0,0,-100.0,Normal
2026-01-03T01:00,SYN-VTP-02,VTP,new MSID Pair,1,1,0,6.7,0,0,registration,0,1,120,0,20,priority,1,1,0,0.0,Normal
2026-01-03T01:00,SYN-VTP-02,VTP,new AMSID Pair,1,1,0,6.7,0,0,registration,0,1,120,0,20,priority,1,0,0,0.0,Normal
2026-01-03T01:00,SYN-VTP-02,VTP,historic resubmission,1,1,0,6.9,0,0,registration,0,1,120,0,20,standard,0,0,0,0.0,Normal
2026-01-03T01:00,SYN-SUP-01,Supplier,new MSID Pair,1,1,0,5.3,0,0,registration,1,1,120,0,20,priority,1,1,0,0.0,Normal
2026-01-03T01:00,SYN-SUP-01,Supplier,new AMSID Pair,0,0,0,8.9,0,0,registration,0,0,120,0,20,priority,1,0,0,0.0,Normal
2026-01-03T01:00,SYN-SUP-01,Supplier,historic resubmission,1,1,0,7.3,0,0,registration,1,1,120,0,20,standard,0,0,0,0.0,Normal
2026-01-03T02:00,SYN-VLP-01,VLP,new MSID Pair,2,2,0,6.0,0,0,registration,1,2,120,0,20,priority,1,1,0,100.0,Normal
2026-01-03T02:00,SYN-VLP-01,VLP,new AMSID Pair,0,0,0,8.9,0,0,registration,0,0,120,0,20,priority,1,0,0,0.0,Normal
2026-01-03T02:00,SYN-VLP-01,VLP,historic resubmission,0,0,0,5.6,0,0,registration,0,0,120,0,20,standard,0,0,0,0.0,Normal
2026-01-03T02:00,SYN-VTP-01,VTP,new MSID Pair,0,0,0,6.3,0,0,registration,1,0,120,0,20,priority,1,1,0,-100.0,Normal
2026-01-03T02:00,SYN-VTP-01,VTP,new AMSID Pair,0,0,0,8.6,0,0,registration,0,0,120,0,20,priority,1,0,0,0.0,Normal
2026-01-03T02:00,SYN-VTP-01,VTP,historic resubmission,1,1,0,7.7,0,0,registration,0,1,120,0,20,standard,0,0,0,0.0,Normal
2026-01-03T02:00,SYN-AMVLP-01,AMVLP,new MSID Pair,0,0,0,7.7,0,0,registration,0,0,120,0,20,priority,1,1,0,0.0,Normal
2026-01-03T02:00,SYN-AMVLP-01,AMVLP,new AMSID Pair,1,1,0,8.8,0,0,registration,1,1,120,0,20,priority,1,0,0,0.0,Normal
2026-01-03T02:00,SYN-AMVLP-01,AMVLP,historic resubmission,0,0,0,6.8,0,0,registration,0,0,120,0,20,standard,0,0,0,0.0,Normal
2026-01-03T02:00,SYN-VLP-02,VLP,new MSID Pair,1,1,0,7.1,0,0,registration,0,1,120,0,20,priority,1,1,0,0.0,Normal
2026-01-03T02:00,SYN-VLP-02,VLP,new AMSID Pair,1,1,0,6.8,0,0,registration,1,1,120,0,20,priority,1,0,0,0.0,Normal
2026-01-03T02:00,SYN-VLP-02,VLP,historic resubmission,0,0,0,7.3,0,0,registration,0,0,120,0,20,standard,0,0,0,0.0,Normal
2026-01-03T02:00,SYN-VTP-02,VTP,new MSID Pair,1,1,0,8.6,0,0,registration,0,1,120,0,20,priority,1,1,0,0.0,Normal
2026-01-03T02:00,SYN-VTP-02,VTP,new AMSID Pair,0,0,0,7.3,0,0,registration,0,0,120,0,20,priority,1,0,0,0.0,Normal
2026-01-03T02:00,SYN-VTP-02,VTP,historic resubmission,0,0,0,5.3,0,0,registration,0,0,120,0,20,standard,0,0,0,0.0,Normal
2026-01-03T02:00,SYN-SUP-01,Supplier,new MSID Pair,1,1,0,8.3,0,0,registration,0,1,120,0,20,priority,1,1,0,0.0,Normal
2026-01-03T02:00,SYN-SUP-01,Supplier,new AMSID Pair,0,0,0,6.8,0,0,registration,0,0,120,0,20,priority,1,0,0,0.0,Normal
2026-01-03T02:00,SYN-SUP-01,Supplier,historic resubmission,1,1,0,7.7,0,0,registration,0,1,120,0,20,standard,0,0,0,0.0,Normal
2026-01-03T03:00,SYN-VLP-01,VLP,new MSID Pair,0,0,0,5.4,0,0,registration,1,0,120,0,20,priority,1,1,0,-100.0,Normal
2026-01-03T03:00,SYN-VLP-01,VLP,new AMSID Pair,0,0,0,7.4,0,0,registration,0,0,120,0,20,priority,1,0,0,0.0,Normal
2026-01-03T03:00,SYN-VLP-01,VLP,historic resubmission,1,1,0,5.7,0,0,registration,0,1,120,0,20,standard,0,0,0,0.0,Normal
2026-01-03T03:00,SYN-VTP-01,VTP,new MSID Pair,0,0,0,5.3,0,0,registration,0,0,120,0,20,priority,1,1,0,0.0,Normal
2026-01-03T03:00,SYN-VTP-01,VTP,new AMSID Pair,0,0,0,7.3,0,0,registration,1,0,120,0,20,priority,1,0,0,-100.0,Normal
2026-01-03T03:00,SYN-VTP-01,VTP,historic resubmission,1,1,0,9.0,0,0,registration,1,1,120,0,20,standard,0,0,0,0.0,Normal
2026-01-03T03:00,SYN-AMVLP-01,AMVLP,new MSID Pair,0,0,0,7.1,0,0,registration,1,0,120,0,20,priority,1,1,0,-100.0,Normal
2026-01-03T03:00,SYN-AMVLP-01,AMVLP,new AMSID Pair,2,2,0,6.6,0,0,registration,1,2,120,0,20,priority,1,0,0,100.0,Normal
2026-01-03T03:00,SYN-AMVLP-01,AMVLP,historic resubmission,0,0,0,6.5,0,0,registration,0,0,120,0,20,standard,0,0,0,0.0,Normal
2026-01-03T03:00,SYN-VLP-02,VLP,new MSID Pair,0,0,0,8.0,0,0,registration,2,0,120,0,20,priority,1,1,0,-100.0,Normal
2026-01-03T03:00,SYN-VLP-02,VLP,new AMSID Pair,0,0,0,8.2,0,0,registration,0,0,120,0,20,priority,1,0,0,0.0,Normal
2026-01-03T03:00,SYN-VLP-02,VLP,historic resubmission,1,1,0,6.4,0,0,registration,0,1,120,0,20,standard,0,0,0,0.0,Normal
2026-01-03T03:00,SYN-VTP-02,VTP,new MSID Pair,0,0,0,5.9,0,0,registration,1,0,120,0,20,priority,1,1,0,-100.0,Normal
2026-01-03T03:00,SYN-VTP-02,VTP,new AMSID Pair,1,1,0,6.4,0,0,registration,0,1,120,0,20,priority,1,0,0,0.0,Normal
2026-01-03T03:00,SYN-VTP-02,VTP,historic resubmission,0,0,0,6.5,0,0,registration,0,0,120,0,20,standard,0,0,0,0.0,Normal
2026-01-03T03:00,SYN-SUP-01,Supplier,new MSID Pair,1,1,0,7.6,1,1,registration,1,1,120,0,20,priority,1,1,0,0.0,Normal
2026-01-03T03:00,SYN-SUP-01,Supplier,new AMSID Pair,0,0,0,7.1,0,0,registration,0,0,120,0,20,priority,1,0,0,0.0,Normal
2026-01-03T03:00,SYN-SUP-01,Supplier,historic resubmission,0,0,0,8.6,0,0,registration,1,0,120,0,20,standard,0,0,0,-100.0,Normal
2026-01-03T04:00,SYN-VLP-01,VLP,new MSID Pair,1,1,0,5.4,0,0,registration,2,1,120,0,20,priority,1,1,0,-50.0,Normal
2026-01-03T04:00,SYN-VLP-01,VLP,new AMSID Pair,1,1,0,7.6,0,0,registration,0,1,120,0,20,priority,1,0,0,0.0,Normal
2026-01-03T04:00,SYN-VLP-01,VLP,historic resubmission,0,0,0,5.8,0,0,registration,0,0,120,0,20,standard,0,0,0,0.0,Normal
2026-01-03T04:00,SYN-VTP-01,VTP,new MSID Pair,0,0,0,7.3,0,0,registration,0,0,120,0,20,priority,1,1,0,0.0,Normal
2026-01-03T04:00,SYN-VTP-01,VTP,new AMSID Pair,0,0,0,8.2,0,0,registration,0,0,120,0,20,priority,1,0,0,0.0,Normal
2026-01-03T04:00,SYN-VTP-01,VTP,historic resubmission,0,0,0,6.9,0,0,registration,0,0,120,0,20,standard,0,0,0,0.0,Normal
2026-01-03T04:00,SYN-AMVLP-01,AMVLP,new MSID Pair,0,0,0,8.6,0,0,registration,0,0,120,0,20,priority,1,1,0,0.0,Normal
2026-01-03T04:00,SYN-AMVLP-01,AMVLP,new AMSID Pair,0,0,0,9.0,0,0,registration,1,0,120,0,20,priority,1,0,0,-100.0,Normal
2026-01-03T04:00,SYN-AMVLP-01,AMVLP,historic resubmission,0,0,0,5.9,0,0,registration,1,0,120,0,20,standard,0,0,0,-100.0,Normal
2026-01-03T04:00,SYN-VLP-02,VLP,new MSID Pair,0,0,0,8.2,0,0,registration,0,0,120,0,20,priority,1,1,0,0.0,Normal
2026-01-03T04:00,SYN-VLP-02,VLP,new AMSID Pair,0,0,0,8.4,0,0,registration,0,0,120,0,20,priority,1,0,0,0.0,Normal
2026-01-03T04:00,SYN-VLP-02,VLP,historic resubmission,0,0,0,6.1,0,0,registration,0,0,120,0,20,standard,0,0,0,0.0,Normal
2026-01-03T04:00,SYN-VTP-02,VTP,new MSID Pair,0,0,0,6.8,0,0,registration,0,0,120,0,20,priority,1,1,0,0.0,Normal
2026-01-03T04:00,SYN-VTP-02,VTP,new AMSID Pair,0,0,0,6.7,0,0,registration,0,0,120,0,20,priority,1,0,0,0.0,Normal
2026-01-03T04:00,SYN-VTP-02,VTP,historic resubmission,1,1,0,7.5,0,0,registration,1,1,120,0,20,standard,0,0,0,0.0,Normal
2026-01-03T04:00,SYN-SUP-01,Supplier,new MSID Pair,0,0,0,5.0,0,0,registration,0,0,120,0,20,priority,1,1,0,0.0,Normal
2026-01-03T04:00,SYN-SUP-01,Supplier,new AMSID Pair,1,1,0,7.5,0,0,registration,0,1,120,0,20,priority,1,0,0,0.0,Normal
2026-01-03T04:00,SYN-SUP-01,Supplier,historic resubmission,0,0,0,7.7,0,0,registration,0,0,120,0,20,standard,0,0,0,0.0,Normal
2026-01-03T05:00,SYN-VLP-01,VLP,new MSID Pair,1,1,0,5.2,0,0,registration,1,1,120,0,20,priority,1,1,0,0.0,Normal
2026-01-03T05:00,SYN-VLP-01,VLP,new AMSID Pair,0,0,0,6.4,0,0,registration,0,0,120,0,20,priority,1,0,0,0.0,Normal
2026-01-03T05:00,SYN-VLP-01,VLP,historic resubmission,0,0,0,5.4,0,0,registration,0,0,120,0,20,standard,0,0,0,0.0,Normal
2026-01-03T05:00,SYN-VTP-01,VTP,new MSID Pair,1,1,0,8.5,0,0,registration,0,1,120,0,20,priority,1,1,0,0.0,Normal
2026-01-03T05:00,SYN-VTP-01,VTP,new AMSID Pair,1,1,0,6.2,0,0,registration,0,1,120,0,20,priority,1,0,0,0.0,Normal
2026-01-03T05:00,SYN-VTP-01,VTP,historic resubmission,0,0,0,6.9,0,0,registration,0,0,120,0,20,standard,0,0,0,0.0,Normal
2026-01-03T05:00,SYN-AMVLP-01,AMVLP,new MSID Pair,1,1,0,8.3,0,0,registration,1,1,120,0,20,priority,1,1,0,0.0,Normal
2026-01-03T05:00,SYN-AMVLP-01,AMVLP,new AMSID Pair,1,1,0,5.8,0,0,registration,1,1,120,0,20,priority,1,0,0,0.0,Normal
2026-01-03T05:00,SYN-AMVLP-01,AMVLP,historic resubmission,2,2,0,8.8,0,0,registration,0,2,120,0,20,standard,0,0,0,0.0,Normal
2026-01-03T05:00,SYN-VLP-02,VLP,new MSID Pair,0,0,0,7.7,0,0,registration,1,0,120,0,20,priority,1,1,0,-100.0,Normal
2026-01-03T05:00,SYN-VLP-02,VLP,new AMSID Pair,1,1,0,6.2,0,0,registration,0,1,120,0,20,priority,1,0,0,0.0,Normal
2026-01-03T05:00,SYN-VLP-02,VLP,historic resubmission,0,0,0,6.0,0,0,registration,0,0,120,0,20,standard,0,0,0,0.0,Normal
2026-01-03T05:00,SYN-VTP-02,VTP,new MSID Pair,0,0,0,8.8,0,0,registration,0,0,120,0,20,priority,1,1,0,0.0,Normal
2026-01-03T05:00,SYN-VTP-02,VTP,new AMSID Pair,0,0,0,8.0,0,0,registration,1,0,120,0,20,priority,1,0,0,-100.0,Normal
2026-01-03T05:00,SYN-VTP-02,VTP,historic resubmission,0,0,0,6.1,0,0,registration,0,0,120,0,20,standard,0,0,0,0.0,Normal
2026-01-03T05:00,SYN-SUP-01,Supplier,new MSID Pair,0,0,0,8.2,0,0,registration,0,0,120,0,20,priority,1,1,0,0.0,Normal
2026-01-03T05:00,SYN-SUP-01,Supplier,new AMSID Pair,0,0,0,7.5,0,0,registration,0,0,120,0,20,priority,1,0,0,0.0,Normal
2026-01-03T05:00,SYN-SUP-01,Supplier,historic resubmission,0,0,0,5.5,0,0,registration,0,0,120,0,20,standard,0,0,0,0.0,Normal
2026-01-03T06:00,SYN-VLP-01,VLP,new MSID Pair,3,3,0,6.3,0,0,registration,4,3,120,0,20,priority,1,1,0,-25.0,Normal
2026-01-03T06:00,SYN-VLP-01,VLP,new AMSID Pair,0,0,0,7.0,0,0,registration,0,0,120,0,20,priority,1,0,0,0.0,Normal
2026-01-03T06:00,SYN-VLP-01,VLP,historic resubmission,0,0,0,8.7,0,0,registration,0,0,120,0,20,standard,0,0,0,0.0,Normal
2026-01-03T06:00,SYN-VTP-01,VTP,new MSID Pair,0,0,0,5.5,0,0,registration,1,0,120,0,20,priority,1,1,0,-100.0,Normal
2026-01-03T06:00,SYN-VTP-01,VTP,new AMSID Pair,2,2,0,5.6,0,0,registration,2,2,120,0,20,priority,1,0,0,0.0,Normal
2026-01-03T06:00,SYN-VTP-01,VTP,historic resubmission,0,0,0,7.8,0,0,registration,1,0,120,0,20,standard,0,0,0,-100.0,Normal
2026-01-03T06:00,SYN-AMVLP-01,AMVLP,new MSID Pair,0,0,0,5.1,0,0,registration,0,0,120,0,20,priority,1,1,0,0.0,Normal
2026-01-03T06:00,SYN-AMVLP-01,AMVLP,new AMSID Pair,2,2,0,6.2,0,0,registration,2,2,120,0,20,priority,1,0,0,0.0,Normal
2026-01-03T06:00,SYN-AMVLP-01,AMVLP,historic resubmission,0,0,0,6.2,0,0,registration,0,0,120,0,20,standard,0,0,0,0.0,Normal
2026-01-03T06:00,SYN-VLP-02,VLP,new MSID Pair,2,2,0,8.2,0,0,registration,1,2,120,0,20,priority,1,1,0,100.0,Normal
2026-01-03T06:00,SYN-VLP-02,VLP,new AMSID Pair,1,1,0,8.7,0,0,registration,1,1,120,0,20,priority,1,0,0,0.0,Normal
2026-01-03T06:00,SYN-VLP-02,VLP,historic resubmission,1,1,0,6.3,0,0,registration,0,1,120,0,20,standard,0,0,0,0.0,Normal
2026-01-03T06:00,SYN-VTP-02,VTP,new MSID Pair,0,0,0,8.5,0,0,registration,0,0,120,0,20,priority,1,1,0,0.0,Normal
2026-01-03T06:00,SYN-VTP-02,VTP,new AMSID Pair,1,1,0,6.9,0,0,registration,2,1,120,0,20,priority,1,0,0,-50.0,Normal
2026-01-03T06:00,SYN-VTP-02,VTP,historic resubmission,0,0,0,8.5,0,0,registration,1,0,120,0,20,standard,0,0,0,-100.0,Normal
2026-01-03T06:00,SYN-SUP-01,Supplier,new MSID Pair,1,1,0,5.7,0,0,registration,0,1,120,0,20,priority,1,1,0,0.0,Normal
2026-01-03T06:00,SYN-SUP-01,Supplier,new AMSID Pair,1,1,0,8.1,0,0,registration,0,1,120,0,20,priority,1,0,0,0.0,Normal
2026-01-03T06:00,SYN-SUP-01,Supplier,historic resubmission,1,1,0,6.2,0,0,registration,0,1,120,0,20,standard,0,0,0,0.0,Normal
2026-01-03T07:00,SYN-VLP-01,VLP,new MSID Pair,2,2,0,7.2,0,0,registration,2,2,120,0,20,priority,1,1,0,0.0,Normal
2026-01-03T07:00,SYN-VLP-01,VLP,new AMSID Pair,0,0,0,6.6,0,0,registration,0,0,120,0,20,priority,1,0,0,0.0,Normal
2026-01-03T07:00,SYN-VLP-01,VLP,historic resubmission,0,0,0,8.3,0,0,registration,1,0,120,0,20,standard,0,0,0,-100.0,Normal
2026-01-03T07:00,SYN-VTP-01,VTP,new MSID Pair,0,0,0,5.5,0,0,registration,1,0,120,0,20,priority,1,1,0,-100.0,Normal
2026-01-03T07:00,SYN-VTP-01,VTP,new AMSID Pair,1,1,0,5.4,0,0,registration,1,1,120,0,20,priority,1,0,0,0.0,Normal
2026-01-03T07:00,SYN-VTP-01,VTP,historic resubmission,0,0,0,6.2,0,0,registration,0,0,120,0,20,standard,0,0,0,0.0,Normal
2026-01-03T07:00,SYN-AMVLP-01,AMVLP,new MSID Pair,1,1,0,7.9,0,0,registration,0,1,120,0,20,priority,1,1,0,0.0,Normal
2026-01-03T07:00,SYN-AMVLP-01,AMVLP,new AMSID Pair,2,2,0,8.4,0,0,registration,2,2,120,0,20,priority,1,0,0,0.0,Normal
2026-01-03T07:00,SYN-AMVLP-01,AMVLP,historic resubmission,0,0,0,8.8,0,0,registration,0,0,120,0,20,standard,0,0,0,0.0,Normal
2026-01-03T07:00,SYN-VLP-02,VLP,new MSID Pair,2,2,0,7.2,0,0,registration,1,2,120,0,20,priority,1,1,0,100.0,Normal
2026-01-03T07:00,SYN-VLP-02,VLP,new AMSID Pair,0,0,0,8.5,0,0,registration,0,0,120,0,20,priority,1,0,0,0.0,Normal
2026-01-03T07:00,SYN-VLP-02,VLP,historic resubmission,1,1,0,5.3,0,0,registration,0,1,120,0,20,standard,0,0,0,0.0,Normal
2026-01-03T07:00,SYN-VTP-02,VTP,new MSID Pair,1,1,0,8.7,0,0,registration,0,1,120,0,20,priority,1,1,0,0.0,Normal
2026-01-03T07:00,SYN-VTP-02,VTP,new AMSID Pair,0,0,0,5.8,0,0,registration,1,0,120,0,20,priority,1,0,0,-100.0,Normal
2026-01-03T07:00,SYN-VTP-02,VTP,historic resubmission,1,1,0,5.4,0,0,registration,0,1,120,0,20,standard,0,0,0,0.0,Normal
2026-01-03T07:00,SYN-SUP-01,Supplier,new MSID Pair,1,1,0,7.9,0,0,registration,0,1,120,0,20,priority,1,1,0,0.0,Normal
2026-01-03T07:00,SYN-SUP-01,Supplier,new AMSID Pair,0,0,0,5.4,0,0,registration,0,0,120,0,20,priority,1,0,0,0.0,Normal
2026-01-03T07:00,SYN-SUP-01,Supplier,historic resubmission,1,1,0,5.9,0,0,registration,1,1,120,0,20,standard,0,0,0,0.0,Normal
2026-01-03T08:00,SYN-VLP-01,VLP,new MSID Pair,3,3,0,8.4,0,0,registration,1,3,120,0,20,priority,1,1,0,200.0,Normal
2026-01-03T08:00,SYN-VLP-01,VLP,new AMSID Pair,0,0,0,7.8,0,0,registration,0,0,120,0,20,priority,1,0,0,0.0,Normal
2026-01-03T08:00,SYN-VLP-01,VLP,historic resubmission,1,1,0,8.7,0,0,registration,1,1,120,0,20,standard,0,0,0,0.0,Normal
2026-01-03T08:00,SYN-VTP-01,VTP,new MSID Pair,0,0,0,6.9,0,0,registration,1,0,120,0,20,priority,1,1,0,-100.0,Normal
2026-01-03T08:00,SYN-VTP-01,VTP,new AMSID Pair,0,0,0,8.4,0,0,registration,1,0,120,0,20,priority,1,0,0,-100.0,Normal
2026-01-03T08:00,SYN-VTP-01,VTP,historic resubmission,1,1,0,8.0,0,0,registration,1,1,120,0,20,standard,0,0,0,0.0,Normal
2026-01-03T08:00,SYN-AMVLP-01,AMVLP,new MSID Pair,0,0,0,6.0,0,0,registration,1,0,120,0,20,priority,1,1,0,-100.0,Normal
2026-01-03T08:00,SYN-AMVLP-01,AMVLP,new AMSID Pair,3,3,0,6.5,0,0,registration,3,3,120,0,20,priority,1,0,0,0.0,Normal
2026-01-03T08:00,SYN-AMVLP-01,AMVLP,historic resubmission,1,1,0,7.1,0,0,registration,2,1,120,0,20,standard,0,0,0,-50.0,Normal
2026-01-03T08:00,SYN-VLP-02,VLP,new MSID Pair,2,2,0,8.0,0,0,registration,1,2,120,0,20,priority,1,1,0,100.0,Normal
2026-01-03T08:00,SYN-VLP-02,VLP,new AMSID Pair,0,0,0,7.0,0,0,registration,2,0,120,0,20,priority,1,0,0,-100.0,Normal
2026-01-03T08:00,SYN-VLP-02,VLP,historic resubmission,0,0,0,6.3,0,0,registration,0,0,120,0,20,standard,0,0,0,0.0,Normal
2026-01-03T08:00,SYN-VTP-02,VTP,new MSID Pair,1,1,0,6.8,0,0,registration,1,1,120,0,20,priority,1,1,0,0.0,Normal
2026-01-03T08:00,SYN-VTP-02,VTP,new AMSID Pair,1,1,0,8.6,0,0,registration,1,1,120,0,20,priority,1,0,0,0.0,Normal
2026-01-03T08:00,SYN-VTP-02,VTP,historic resubmission,0,0,0,6.8,0,0,registration,0,0,120,0,20,standard,0,0,0,0.0,Normal
2026-01-03T08:00,SYN-SUP-01,Supplier,new MSID Pair,0,0,0,5.5,0,0,registration,1,0,120,0,20,priority,1,1,0,-100.0,Normal
2026-01-03T08:00,SYN-SUP-01,Supplier,new AMSID Pair,1,1,0,5.5,0,0,registration,0,1,120,0,20,priority,1,0,0,0.0,Normal
2026-01-03T08:00,SYN-SUP-01,Supplier,historic resubmission,1,1,0,5.1,0,0,registration,1,1,120,0,20,standard,0,0,0,0.0,Normal
2026-01-03T09:00,SYN-VLP-01,VLP,new MSID Pair,4,4,0,6.5,0,0,registration,3,4,120,0,20,priority,1,1,0,33.33,Normal
2026-01-03T09:00,SYN-VLP-01,VLP,new AMSID Pair,0,0,0,8.5,0,0,registration,0,0,120,0,20,priority,1,0,0,0.0,Normal
2026-01-03T09:00,SYN-VLP-01,VLP,historic resubmission,0,0,0,5.3,0,0,registration,0,0,120,0,20,standard,0,0,0,0.0,Normal
2026-01-03T09:00,SYN-VTP-01,VTP,new MSID Pair,1,1,0,8.9,0,0,registration,1,1,120,0,20,priority,1,1,0,0.0,Normal
2026-01-03T09:00,SYN-VTP-01,VTP,new AMSID Pair,1,1,0,8.6,0,0,registration,1,1,120,0,20,priority,1,0,0,0.0,Normal
2026-01-03T09:00,SYN-VTP-01,VTP,historic resubmission,1,1,0,7.5,0,0,registration,2,1,120,0,20,standard,0,0,0,-50.0,Normal
2026-01-03T09:00,SYN-AMVLP-01,AMVLP,new MSID Pair,0,0,0,8.7,0,0,registration,1,0,120,0,20,priority,1,1,0,-100.0,Normal
2026-01-03T09:00,SYN-AMVLP-01,AMVLP,new AMSID Pair,3,3,0,8.5,0,0,registration,4,3,120,0,20,priority,1,0,0,-25.0,Normal
2026-01-03T09:00,SYN-AMVLP-01,AMVLP,historic resubmission,0,0,0,7.3,0,0,registration,0,0,120,0,20,standard,0,0,0,0.0,Normal
2026-01-03T09:00,SYN-VLP-02,VLP,new MSID Pair,2,2,0,8.1,0,0,registration,2,2,120,0,20,priority,1,1,0,0.0,Normal
2026-01-03T09:00,SYN-VLP-02,VLP,new AMSID Pair,1,1,0,6.3,0,0,registration,0,1,120,0,20,priority,1,0,0,0.0,Normal
2026-01-03T09:00,SYN-VLP-02,VLP,historic resubmission,1,1,0,6.5,0,0,registration,1,1,120,0,20,standard,0,0,0,0.0,Normal
2026-01-03T09:00,SYN-VTP-02,VTP,new MSID Pair,0,0,0,8.6,0,0,registration,1,0,120,0,20,priority,1,1,0,-100.0,Normal
2026-01-03T09:00,SYN-VTP-02,VTP,new AMSID Pair,1,1,0,6.5,0,0,registration,3,1,120,0,20,priority,1,0,0,-66.67,Normal
2026-01-03T09:00,SYN-VTP-02,VTP,historic resubmission,0,0,0,7.7,0,0,registration,1,0,120,0,20,standard,0,0,0,-100.0,Normal
2026-01-03T09:00,SYN-SUP-01,Supplier,new MSID Pair,1,1,0,6.3,0,0,registration,1,1,120,0,20,priority,1,1,0,0.0,Normal
2026-01-03T09:00,SYN-SUP-01,Supplier,new AMSID Pair,0,0,0,8.1,0,0,registration,1,0,120,0,20,priority,1,0,0,-100.0,Normal
2026-01-03T09:00,SYN-SUP-01,Supplier,historic resubmission,1,1,0,5.4,0,0,registration,2,1,120,0,20,standard,0,0,0,-50.0,Normal
2026-01-03T10:00,SYN-VLP-01,VLP,new MSID Pair,4,4,0,7.3,0,0,registration,4,4,120,0,20,priority,1,1,0,0.0,Normal
2026-01-03T10:00,SYN-VLP-01,VLP,new AMSID Pair,0,0,0,8.6,0,0,registration,0,0,120,0,20,priority,1,0,0,0.0,Normal
2026-01-03T10:00,SYN-VLP-01,VLP,historic resubmission,1,1,0,8.3,0,0,registration,0,1,120,0,20,standard,0,0,0,0.0,Normal
2026-01-03T10:00,SYN-VTP-01,VTP,new MSID Pair,2,2,0,7.2,0,0,registration,0,2,120,0,20,priority,1,1,0,0.0,Normal
2026-01-03T10:00,SYN-VTP-01,VTP,new AMSID Pair,1,1,0,8.7,0,0,registration,3,1,120,0,20,priority,1,0,0,-66.67,Normal
2026-01-03T10:00,SYN-VTP-01,VTP,historic resubmission,0,0,0,6.5,0,0,registration,1,0,120,0,20,standard,0,0,0,-100.0,Normal
2026-01-03T10:00,SYN-AMVLP-01,AMVLP,new MSID Pair,0,0,0,6.5,0,0,registration,1,0,120,0,20,priority,1,1,0,-100.0,Normal
2026-01-03T10:00,SYN-AMVLP-01,AMVLP,new AMSID Pair,4,4,0,8.9,0,0,registration,4,4,120,0,20,priority,1,0,0,0.0,Normal
2026-01-03T10:00,SYN-AMVLP-01,AMVLP,historic resubmission,0,0,0,5.6,0,0,registration,1,0,120,0,20,standard,0,0,0,-100.0,Normal
2026-01-03T10:00,SYN-VLP-02,VLP,new MSID Pair,2,2,0,7.9,0,0,registration,2,2,120,0,20,priority,1,1,0,0.0,Normal
2026-01-03T10:00,SYN-VLP-02,VLP,new AMSID Pair,1,1,0,5.1,0,0,registration,1,1,120,0,20,priority,1,0,0,0.0,Normal
2026-01-03T10:00,SYN-VLP-02,VLP,historic resubmission,0,0,0,6.1,0,0,registration,1,0,120,0,20,standard,0,0,0,-100.0,Normal
2026-01-03T10:00,SYN-VTP-02,VTP,new MSID Pair,0,0,0,8.7,0,0,registration,1,0,120,0,20,priority,1,1,0,-100.0,Normal
2026-01-03T10:00,SYN-VTP-02,VTP,new AMSID Pair,1,1,0,6.9,0,0,registration,1,1,120,0,20,priority,1,0,0,0.0,Normal
2026-01-03T10:00,SYN-VTP-02,VTP,historic resubmission,2,2,0,5.6,0,0,registration,2,2,120,0,20,standard,0,0,0,0.0,Normal
2026-01-03T10:00,SYN-SUP-01,Supplier,new MSID Pair,0,0,0,5.9,0,0,registration,0,0,120,0,20,priority,1,1,0,0.0,Normal
2026-01-03T10:00,SYN-SUP-01,Supplier,new AMSID Pair,0,0,0,8.2,0,0,registration,0,0,120,0,20,priority,1,0,0,0.0,Normal
2026-01-03T10:00,SYN-SUP-01,Supplier,historic resubmission,2,2,0,6.4,0,0,registration,1,2,120,0,20,standard,0,0,0,100.0,Normal
2026-01-03T11:00,SYN-VLP-01,VLP,new MSID Pair,3,3,0,6.0,0,1,registration,4,3,120,0,20,priority,1,1,0,-25.0,Normal
2026-01-03T11:00,SYN-VLP-01,VLP,new AMSID Pair,1,1,0,5.5,0,0,registration,0,1,120,0,20,priority,1,0,0,0.0,Normal
2026-01-03T11:00,SYN-VLP-01,VLP,historic resubmission,0,0,0,5.0,0,0,registration,0,0,120,0,20,standard,0,0,0,0.0,Normal
2026-01-03T11:00,SYN-VTP-01,VTP,new MSID Pair,0,0,0,8.6,0,0,registration,2,0,120,0,20,priority,1,1,0,-100.0,Normal
2026-01-03T11:00,SYN-VTP-01,VTP,new AMSID Pair,2,2,0,6.2,0,0,registration,2,2,120,0,20,priority,1,0,0,0.0,Normal
2026-01-03T11:00,SYN-VTP-01,VTP,historic resubmission,0,0,0,6.7,0,0,registration,0,0,120,0,20,standard,0,0,0,0.0,Normal
2026-01-03T11:00,SYN-AMVLP-01,AMVLP,new MSID Pair,1,1,0,7.8,0,0,registration,1,1,120,0,20,priority,1,1,0,0.0,Normal
2026-01-03T11:00,SYN-AMVLP-01,AMVLP,new AMSID Pair,3,3,0,5.6,0,1,registration,5,3,120,0,20,priority,1,0,0,-40.0,Normal
2026-01-03T11:00,SYN-AMVLP-01,AMVLP,historic resubmission,1,1,0,7.7,0,0,registration,0,1,120,0,20,standard,0,0,0,0.0,Normal
2026-01-03T11:00,SYN-VLP-02,VLP,new MSID Pair,2,2,0,7.7,0,0,registration,3,2,120,0,20,priority,1,1,0,-33.33,Normal
2026-01-03T11:00,SYN-VLP-02,VLP,new AMSID Pair,2,2,0,9.0,0,0,registration,1,2,120,0,20,priority,1,0,0,100.0,Normal
2026-01-03T11:00,SYN-VLP-02,VLP,historic resubmission,2,1,1,6.1,0,0,registration,0,2,120,0,20,standard,0,0,1,0.0,Normal
2026-01-03T11:00,SYN-VTP-02,VTP,new MSID Pair,1,1,0,8.6,0,0,registration,1,1,120,0,20,priority,1,1,0,0.0,Normal
2026-01-03T11:00,SYN-VTP-02,VTP,new AMSID Pair,2,2,0,5.9,0,0,registration,1,2,120,0,20,priority,1,0,0,100.0,Normal
2026-01-03T11:00,SYN-VTP-02,VTP,historic resubmission,1,0,1,7.8,0,0,registration,1,1,120,0,20,standard,0,0,1,0.0,Normal
2026-01-03T11:00,SYN-SUP-01,Supplier,new MSID Pair,0,0,0,6.3,0,0,registration,0,0,120,0,20,priority,1,1,0,0.0,Normal
2026-01-03T11:00,SYN-SUP-01,Supplier,new AMSID Pair,0,0,0,6.9,0,0,registration,0,0,120,0,20,priority,1,0,0,0.0,Normal
2026-01-03T11:00,SYN-SUP-01,Supplier,historic resubmission,2,1,1,5.2,0,0,registration,0,2,120,0,20,standard,0,0,1,0.0,Normal
2026-01-03T12:00,SYN-VLP-01,VLP,new MSID Pair,3,3,0,6.9,0,0,registration,3,3,120,0,20,priority,1,1,0,0.0,Normal
2026-01-03T12:00,SYN-VLP-01,VLP,new AMSID Pair,0,0,0,7.7,0,0,registration,1,0,120,0,20,priority,1,0,0,-100.0,Normal
2026-01-03T12:00,SYN-VLP-01,VLP,historic resubmission,1,0,1,5.7,0,0,registration,1,1,120,0,20,standard,0,0,1,0.0,Normal
2026-01-03T12:00,SYN-VTP-01,VTP,new MSID Pair,3,3,0,9.0,0,0,registration,1,3,120,0,20,priority,1,1,0,200.0,Normal
2026-01-03T12:00,SYN-VTP-01,VTP,new AMSID Pair,2,2,0,7.2,0,0,registration,2,2,120,0,20,priority,1,0,0,0.0,Normal
2026-01-03T12:00,SYN-VTP-01,VTP,historic resubmission,0,0,0,6.9,0,0,registration,0,0,120,0,20,standard,0,0,0,0.0,Normal
2026-01-03T12:00,SYN-AMVLP-01,AMVLP,new MSID Pair,0,0,0,5.6,0,0,registration,0,0,120,0,20,priority,1,1,0,0.0,Normal
2026-01-03T12:00,SYN-AMVLP-01,AMVLP,new AMSID Pair,4,3,1,8.5,0,0,registration,4,4,120,0,20,priority,1,0,1,0.0,Normal
2026-01-03T12:00,SYN-AMVLP-01,AMVLP,historic resubmission,1,0,1,5.5,0,0,registration,1,1,120,0,20,standard,0,0,1,0.0,Normal
2026-01-03T12:00,SYN-VLP-02,VLP,new MSID Pair,1,1,0,8.7,0,0,registration,2,1,120,0,20,priority,1,1,0,-50.0,Normal
2026-01-03T12:00,SYN-VLP-02,VLP,new AMSID Pair,1,1,0,8.0,0,0,registration,1,1,120,0,20,priority,1,0,0,0.0,Normal
2026-01-03T12:00,SYN-VLP-02,VLP,historic resubmission,0,0,1,5.2,0,0,registration,1,0,120,0,20,standard,0,0,0,-100.0,Normal
2026-01-03T12:00,SYN-VTP-02,VTP,new MSID Pair,2,2,0,7.0,0,0,registration,0,2,120,0,20,priority,1,1,0,0.0,Normal
2026-01-03T12:00,SYN-VTP-02,VTP,new AMSID Pair,2,2,0,5.7,0,0,registration,2,2,120,0,20,priority,1,0,0,0.0,Normal
2026-01-03T12:00,SYN-VTP-02,VTP,historic resubmission,1,1,1,9.1,0,0,registration,1,1,120,0,20,standard,0,0,0,0.0,Normal
2026-01-03T12:00,SYN-SUP-01,Supplier,new MSID Pair,0,0,0,5.6,0,0,registration,0,0,120,0,20,priority,1,1,0,0.0,Normal
2026-01-03T12:00,SYN-SUP-01,Supplier,new AMSID Pair,1,1,0,8.0,0,0,registration,0,1,120,0,20,priority,1,0,0,0.0,Normal
2026-01-03T12:00,SYN-SUP-01,Supplier,historic resubmission,2,1,2,7.8,0,0,registration,1,2,120,0,20,standard,0,0,1,100.0,Normal
2026-01-03T13:00,SYN-VLP-01,VLP,new MSID Pair,3,3,0,8.4,0,0,registration,3,3,120,0,20,priority,1,1,0,0.0,Normal
2026-01-03T13:00,SYN-VLP-01,VLP,new AMSID Pair,0,0,0,6.3,0,0,registration,0,0,120,0,20,priority,1,0,0,0.0,Normal
2026-01-03T13:00,SYN-VLP-01,VLP,historic resubmission,0,1,0,7.6,0,0,registration,0,0,120,0,20,standard,0,0,-1,0.0,Normal
2026-01-03T13:00,SYN-VTP-01,VTP,new MSID Pair,1,1,0,8.7,0,0,registration,2,1,120,0,20,priority,1,1,0,-50.0,Normal
2026-01-03T13:00,SYN-VTP-01,VTP,new AMSID Pair,1,1,0,7.1,0,0,registration,2,1,120,0,20,priority,1,0,0,-50.0,Normal
2026-01-03T13:00,SYN-VTP-01,VTP,historic resubmission,1,0,1,8.2,0,0,registration,0,1,120,0,20,standard,0,0,1,0.0,Normal
2026-01-03T13:00,SYN-AMVLP-01,AMVLP,new MSID Pair,1,1,0,5.9,0,0,registration,0,1,120,0,20,priority,1,1,0,0.0,Normal
2026-01-03T13:00,SYN-AMVLP-01,AMVLP,new AMSID Pair,3,4,0,5.9,0,0,registration,5,3,120,0,20,priority,1,0,-1,-40.0,Normal
2026-01-03T13:00,SYN-AMVLP-01,AMVLP,historic resubmission,1,1,1,9.1,0,0,registration,1,1,120,0,20,standard,0,0,0,0.0,Normal
2026-01-03T13:00,SYN-VLP-02,VLP,new MSID Pair,2,2,0,8.2,0,0,registration,2,2,120,0,20,priority,1,1,0,0.0,Normal
2026-01-03T13:00,SYN-VLP-02,VLP,new AMSID Pair,1,1,0,7.8,0,0,registration,1,1,120,0,20,priority,1,0,0,0.0,Normal
2026-01-03T13:00,SYN-VLP-02,VLP,historic resubmission,0,1,0,7.6,0,0,registration,1,0,120,0,20,standard,0,0,-1,-100.0,Normal
2026-01-03T13:00,SYN-VTP-02,VTP,new MSID Pair,0,0,0,7.8,0,0,registration,1,0,120,0,20,priority,1,1,0,-100.0,Normal
2026-01-03T13:00,SYN-VTP-02,VTP,new AMSID Pair,1,1,0,6.6,0,0,registration,1,1,120,0,20,priority,1,0,0,0.0,Normal
2026-01-03T13:00,SYN-VTP-02,VTP,historic resubmission,0,1,0,6.2,0,0,registration,1,0,120,0,20,standard,0,0,-1,-100.0,Normal
2026-01-03T13:00,SYN-SUP-01,Supplier,new MSID Pair,0,0,0,8.4,0,0,registration,1,0,120,0,20,priority,1,1,0,-100.0,Normal
2026-01-03T13:00,SYN-SUP-01,Supplier,new AMSID Pair,0,0,0,5.6,0,0,registration,0,0,120,0,20,priority,1,0,0,0.0,Normal
2026-01-03T13:00,SYN-SUP-01,Supplier,historic resubmission,2,2,2,8.9,0,0,registration,1,2,120,0,20,standard,0,0,0,100.0,Normal
2026-01-03T14:00,SYN-VLP-01,VLP,new MSID Pair,3,3,0,8.9,0,0,registration,4,3,120,0,20,priority,1,1,0,-25.0,Normal
2026-01-03T14:00,SYN-VLP-01,VLP,new AMSID Pair,0,0,0,7.2,0,0,registration,1,0,120,0,20,priority,1,0,0,-100.0,Normal
2026-01-03T14:00,SYN-VLP-01,VLP,historic resubmission,0,0,0,6.0,0,0,registration,0,0,120,0,20,standard,0,0,0,0.0,Normal
2026-01-03T14:00,SYN-VTP-01,VTP,new MSID Pair,1,1,0,8.4,0,0,registration,2,1,120,0,20,priority,1,1,0,-50.0,Normal
2026-01-03T14:00,SYN-VTP-01,VTP,new AMSID Pair,1,1,0,6.2,0,0,registration,2,1,120,0,20,priority,1,0,0,-50.0,Normal
2026-01-03T14:00,SYN-VTP-01,VTP,historic resubmission,1,2,0,8.7,0,0,registration,2,1,120,0,20,standard,0,0,-1,-50.0,Normal
2026-01-03T14:00,SYN-AMVLP-01,AMVLP,new MSID Pair,0,0,0,7.3,0,0,registration,0,0,120,0,20,priority,1,1,0,0.0,Normal
2026-01-03T14:00,SYN-AMVLP-01,AMVLP,new AMSID Pair,3,3,0,5.6,0,0,registration,5,3,120,0,20,priority,1,0,0,-40.0,Normal
2026-01-03T14:00,SYN-AMVLP-01,AMVLP,historic resubmission,0,1,0,8.1,0,0,registration,1,0,120,0,20,standard,0,0,-1,-100.0,Normal
2026-01-03T14:00,SYN-VLP-02,VLP,new MSID Pair,3,3,0,7.6,0,0,registration,3,3,120,0,20,priority,1,1,0,0.0,Normal
2026-01-03T14:00,SYN-VLP-02,VLP,new AMSID Pair,1,1,0,7.8,0,0,registration,1,1,120,0,20,priority,1,0,0,0.0,Normal
2026-01-03T14:00,SYN-VLP-02,VLP,historic resubmission,0,0,0,9.1,0,0,registration,0,0,120,0,20,standard,0,0,0,0.0,Normal
2026-01-03T14:00,SYN-VTP-02,VTP,new MSID Pair,1,1,0,5.8,0,0,registration,0,1,120,0,20,priority,1,1,0,0.0,Normal
2026-01-03T14:00,SYN-VTP-02,VTP,new AMSID Pair,2,2,0,8.7,1,1,registration,2,2,120,0,20,priority,1,0,0,0.0,Normal
2026-01-03T14:00,SYN-VTP-02,VTP,historic resubmission,0,0,0,7.2,0,0,registration,0,0,120,0,20,standard,0,0,0,0.0,Normal
2026-01-03T14:00,SYN-SUP-01,Supplier,new MSID Pair,0,0,0,5.3,0,0,registration,1,0,120,0,20,priority,1,1,0,-100.0,Normal
2026-01-03T14:00,SYN-SUP-01,Supplier,new AMSID Pair,0,0,0,5.3,0,0,registration,0,0,120,0,20,priority,1,0,0,0.0,Normal
2026-01-03T14:00,SYN-SUP-01,Supplier,historic resubmission,0,2,0,8.9,0,0,registration,2,0,120,0,20,standard,0,0,-2,-100.0,Normal
2026-01-03T15:00,SYN-VLP-01,VLP,new MSID Pair,1,1,0,5.2,0,0,registration,4,1,120,0,20,priority,1,1,0,-75.0,Normal
2026-01-03T15:00,SYN-VLP-01,VLP,new AMSID Pair,0,0,0,7.3,0,0,registration,0,0,120,0,20,priority,1,0,0,0.0,Normal
2026-01-03T15:00,SYN-VLP-01,VLP,historic resubmission,1,1,0,7.4,0,0,registration,0,1,120,0,20,standard,0,0,0,0.0,Normal
2026-01-03T15:00,SYN-VTP-01,VTP,new MSID Pair,0,0,0,5.1,0,0,registration,2,0,120,0,20,priority,1,1,0,-100.0,Normal
2026-01-03T15:00,SYN-VTP-01,VTP,new AMSID Pair,1,1,0,7.3,0,0,registration,2,1,120,0,20,priority,1,0,0,-50.0,Normal
2026-01-03T15:00,SYN-VTP-01,VTP,historic resubmission,1,1,0,8.3,0,0,registration,0,1,120,0,20,standard,0,0,0,0.0,Normal
2026-01-03T15:00,SYN-AMVLP-01,AMVLP,new MSID Pair,0,0,0,7.1,0,0,registration,0,0,120,0,20,priority,1,1,0,0.0,Normal
2026-01-03T15:00,SYN-AMVLP-01,AMVLP,new AMSID Pair,3,3,0,5.1,0,1,registration,4,3,120,0,20,priority,1,0,0,-25.0,Normal
2026-01-03T15:00,SYN-AMVLP-01,AMVLP,historic resubmission,0,0,0,8.5,0,0,registration,2,0,120,0,20,standard,0,0,0,-100.0,Normal
2026-01-03T15:00,SYN-VLP-02,VLP,new MSID Pair,2,2,0,6.6,0,0,registration,2,2,120,0,20,priority,1,1,0,0.0,Normal
2026-01-03T15:00,SYN-VLP-02,VLP,new AMSID Pair,1,1,0,7.3,0,0,registration,1,1,120,0,20,priority,1,0,0,0.0,Normal
2026-01-03T15:00,SYN-VLP-02,VLP,historic resubmission,0,0,0,7.6,0,0,registration,1,0,120,0,20,standard,0,0,0,-100.0,Normal
2026-01-03T15:00,SYN-VTP-02,VTP,new MSID Pair,2,2,0,8.6,0,0,registration,1,2,120,0,20,priority,1,1,0,100.0,Normal
2026-01-03T15:00,SYN-VTP-02,VTP,new AMSID Pair,2,2,0,7.3,0,0,registration,2,2,120,0,20,priority,1,0,0,0.0,Normal
2026-01-03T15:00,SYN-VTP-02,VTP,historic resubmission,0,0,0,8.3,0,0,registration,1,0,120,0,20,standard,0,0,0,-100.0,Normal
2026-01-03T15:00,SYN-SUP-01,Supplier,new MSID Pair,1,1,0,7.7,0,0,registration,1,1,120,0,20,priority,1,1,0,0.0,Normal
2026-01-03T15:00,SYN-SUP-01,Supplier,new AMSID Pair,1,1,0,7.0,0,0,registration,0,1,120,0,20,priority,1,0,0,0.0,Normal
2026-01-03T15:00,SYN-SUP-01,Supplier,historic resubmission,1,1,0,7.8,0,0,registration,2,1,120,0,20,standard,0,0,0,-50.0,Normal
2026-01-03T16:00,SYN-VLP-01,VLP,new MSID Pair,3,3,0,6.9,0,0,registration,3,3,120,0,20,priority,1,1,0,0.0,Normal
2026-01-03T16:00,SYN-VLP-01,VLP,new AMSID Pair,0,0,0,5.3,0,0,registration,1,0,120,0,20,priority,1,0,0,-100.0,Normal
2026-01-03T16:00,SYN-VLP-01,VLP,historic resubmission,1,1,0,7.2,0,0,registration,0,1,120,0,20,standard,0,0,0,0.0,Normal
2026-01-03T16:00,SYN-VTP-01,VTP,new MSID Pair,1,1,0,8.6,0,0,registration,2,1,120,0,20,priority,1,1,0,-50.0,Normal
2026-01-03T16:00,SYN-VTP-01,VTP,new AMSID Pair,2,2,0,6.7,0,0,registration,1,2,120,0,20,priority,1,0,0,100.0,Normal
2026-01-03T16:00,SYN-VTP-01,VTP,historic resubmission,0,0,0,5.4,0,0,registration,0,0,120,0,20,standard,0,0,0,0.0,Normal
2026-01-03T16:00,SYN-AMVLP-01,AMVLP,new MSID Pair,1,1,0,7.1,0,0,registration,1,1,120,0,20,priority,1,1,0,0.0,Normal
2026-01-03T16:00,SYN-AMVLP-01,AMVLP,new AMSID Pair,3,3,0,5.3,0,0,registration,3,3,120,0,20,priority,1,0,0,0.0,Normal
2026-01-03T16:00,SYN-AMVLP-01,AMVLP,historic resubmission,0,0,0,8.6,0,0,registration,0,0,120,0,20,standard,0,0,0,0.0,Normal
2026-01-03T16:00,SYN-VLP-02,VLP,new MSID Pair,2,2,0,7.6,0,0,registration,2,2,120,0,20,priority,1,1,0,0.0,Normal
2026-01-03T16:00,SYN-VLP-02,VLP,new AMSID Pair,1,1,0,7.8,0,0,registration,0,1,120,0,20,priority,1,0,0,0.0,Normal
2026-01-03T16:00,SYN-VLP-02,VLP,historic resubmission,0,0,0,7.1,0,0,registration,0,0,120,0,20,standard,0,0,0,0.0,Normal
2026-01-03T16:00,SYN-VTP-02,VTP,new MSID Pair,1,1,0,8.9,0,0,registration,2,1,120,0,20,priority,1,1,0,-50.0,Normal
2026-01-03T16:00,SYN-VTP-02,VTP,new AMSID Pair,2,2,0,7.6,0,0,registration,2,2,120,0,20,priority,1,0,0,0.0,Normal
2026-01-03T16:00,SYN-VTP-02,VTP,historic resubmission,0,0,0,6.8,0,0,registration,0,0,120,0,20,standard,0,0,0,0.0,Normal
2026-01-03T16:00,SYN-SUP-01,Supplier,new MSID Pair,1,1,0,7.8,0,0,registration,0,1,120,0,20,priority,1,1,0,0.0,Normal
2026-01-03T16:00,SYN-SUP-01,Supplier,new AMSID Pair,0,0,0,8.6,0,0,registration,0,0,120,0,20,priority,1,0,0,0.0,Normal
2026-01-03T16:00,SYN-SUP-01,Supplier,historic resubmission,0,0,0,8.9,0,0,registration,0,0,120,0,20,standard,0,0,0,0.0,Normal
2026-01-03T17:00,SYN-VLP-01,VLP,new MSID Pair,3,3,0,6.7,0,0,registration,2,3,120,0,20,priority,1,1,0,50.0,Normal
2026-01-03T17:00,SYN-VLP-01,VLP,new AMSID Pair,2,2,0,8.6,0,0,registration,0,2,120,0,20,priority,1,0,0,0.0,Normal
2026-01-03T17:00,SYN-VLP-01,VLP,historic resubmission,1,1,0,7.0,0,0,registration,1,1,120,0,20,standard,0,0,0,0.0,Normal
2026-01-03T17:00,SYN-VTP-01,VTP,new MSID Pair,0,0,0,7.7,0,0,registration,1,0,120,0,20,priority,1,1,0,-100.0,Normal
2026-01-03T17:00,SYN-VTP-01,VTP,new AMSID Pair,2,2,0,5.7,0,0,registration,2,2,120,0,20,priority,1,0,0,0.0,Normal
2026-01-03T17:00,SYN-VTP-01,VTP,historic resubmission,1,1,0,5.9,0,0,registration,0,1,120,0,20,standard,0,0,0,0.0,Normal
2026-01-03T17:00,SYN-AMVLP-01,AMVLP,new MSID Pair,0,0,0,6.4,0,0,registration,1,0,120,0,20,priority,1,1,0,-100.0,Normal
2026-01-03T17:00,SYN-AMVLP-01,AMVLP,new AMSID Pair,3,3,0,7.5,1,1,registration,2,3,120,0,20,priority,1,0,0,50.0,Normal
2026-01-03T17:00,SYN-AMVLP-01,AMVLP,historic resubmission,0,0,0,5.8,0,0,registration,0,0,120,0,20,standard,0,0,0,0.0,Normal
2026-01-03T17:00,SYN-VLP-02,VLP,new MSID Pair,2,2,0,8.9,0,1,registration,1,2,120,0,20,priority,1,1,0,100.0,Normal
2026-01-03T17:00,SYN-VLP-02,VLP,new AMSID Pair,0,0,0,5.4,0,0,registration,1,0,120,0,20,priority,1,0,0,-100.0,Normal
2026-01-03T17:00,SYN-VLP-02,VLP,historic resubmission,1,1,0,8.6,0,0,registration,0,1,120,0,20,standard,0,0,0,0.0,Normal
2026-01-03T17:00,SYN-VTP-02,VTP,new MSID Pair,0,0,0,8.2,0,0,registration,2,0,120,0,20,priority,1,1,0,-100.0,Normal
2026-01-03T17:00,SYN-VTP-02,VTP,new AMSID Pair,1,1,0,8.4,0,0,registration,1,1,120,0,20,priority,1,0,0,0.0,Normal
2026-01-03T17:00,SYN-VTP-02,VTP,historic resubmission,0,0,0,7.8,0,0,registration,0,0,120,0,20,standard,0,0,0,0.0,Normal
2026-01-03T17:00,SYN-SUP-01,Supplier,new MSID Pair,1,1,0,5.7,0,0,registration,0,1,120,0,20,priority,1,1,0,0.0,Normal
2026-01-03T17:00,SYN-SUP-01,Supplier,new AMSID Pair,0,0,0,7.8,0,0,registration,0,0,120,0,20,priority,1,0,0,0.0,Normal
2026-01-03T17:00,SYN-SUP-01,Supplier,historic resubmission,0,0,0,5.7,0,0,registration,1,0,120,0,20,standard,0,0,0,-100.0,Normal
2026-01-03T18:00,SYN-VLP-01,VLP,new MSID Pair,3,3,0,5.4,0,0,registration,2,3,120,0,20,priority,1,1,0,50.0,Normal
2026-01-03T18:00,SYN-VLP-01,VLP,new AMSID Pair,1,1,0,5.4,0,0,registration,0,1,120,0,20,priority,1,0,0,0.0,Normal
2026-01-03T18:00,SYN-VLP-01,VLP,historic resubmission,1,1,0,8.8,0,0,registration,0,1,120,0,20,standard,0,0,0,0.0,Normal
2026-01-03T18:00,SYN-VTP-01,VTP,new MSID Pair,0,0,0,7.3,0,0,registration,1,0,120,0,20,priority,1,1,0,-100.0,Normal
2026-01-03T18:00,SYN-VTP-01,VTP,new AMSID Pair,2,2,0,7.6,0,0,registration,1,2,120,0,20,priority,1,0,0,100.0,Normal
2026-01-03T18:00,SYN-VTP-01,VTP,historic resubmission,1,1,0,7.8,0,0,registration,0,1,120,0,20,standard,0,0,0,0.0,Normal
2026-01-03T18:00,SYN-AMVLP-01,AMVLP,new MSID Pair,0,0,0,7.9,0,0,registration,1,0,120,0,20,priority,1,1,0,-100.0,Normal
2026-01-03T18:00,SYN-AMVLP-01,AMVLP,new AMSID Pair,3,3,0,7.9,0,0,registration,3,3,120,0,20,priority,1,0,0,0.0,Normal
2026-01-03T18:00,SYN-AMVLP-01,AMVLP,historic resubmission,1,0,1,7.5,0,0,registration,0,1,120,0,20,standard,0,0,1,0.0,Normal
2026-01-03T18:00,SYN-VLP-02,VLP,new MSID Pair,2,2,0,7.8,1,1,registration,2,2,120,0,20,priority,1,1,0,0.0,Normal
2026-01-03T18:00,SYN-VLP-02,VLP,new AMSID Pair,0,0,0,5.1,0,0,registration,0,0,120,0,20,priority,1,0,0,0.0,Normal
2026-01-03T18:00,SYN-VLP-02,VLP,historic resubmission,1,0,1,8.8,0,0,registration,0,1,120,0,20,standard,0,0,1,0.0,Normal
2026-01-03T18:00,SYN-VTP-02,VTP,new MSID Pair,2,2,0,6.3,0,0,registration,1,2,120,0,20,priority,1,1,0,100.0,Normal
2026-01-03T18:00,SYN-VTP-02,VTP,new AMSID Pair,1,1,0,7.4,0,0,registration,1,1,120,0,20,priority,1,0,0,0.0,Normal
2026-01-03T18:00,SYN-VTP-02,VTP,historic resubmission,1,1,0,5.6,0,0,registration,1,1,120,0,20,standard,0,0,0,0.0,Normal
2026-01-03T18:00,SYN-SUP-01,Supplier,new MSID Pair,1,1,0,8.6,0,0,registration,0,1,120,0,20,priority,1,1,0,0.0,Normal
2026-01-03T18:00,SYN-SUP-01,Supplier,new AMSID Pair,1,1,0,8.1,0,0,registration,0,1,120,0,20,priority,1,0,0,0.0,Normal
2026-01-03T18:00,SYN-SUP-01,Supplier,historic resubmission,1,1,0,7.9,0,0,registration,0,1,120,0,20,standard,0,0,0,0.0,Normal
2026-01-03T19:00,SYN-VLP-01,VLP,new MSID Pair,2,2,0,5.2,0,0,registration,2,2,120,0,20,priority,1,1,0,0.0,Normal
2026-01-03T19:00,SYN-VLP-01,VLP,new AMSID Pair,0,0,0,7.8,0,0,registration,2,0,120,0,20,priority,1,0,0,-100.0,Normal
2026-01-03T19:00,SYN-VLP-01,VLP,historic resubmission,0,0,0,7.9,0,0,registration,0,0,120,0,20,standard,0,0,0,0.0,Normal
2026-01-03T19:00,SYN-VTP-01,VTP,new MSID Pair,0,0,0,5.6,0,0,registration,1,0,120,0,20,priority,1,1,0,-100.0,Normal
2026-01-03T19:00,SYN-VTP-01,VTP,new AMSID Pair,1,1,0,6.3,0,0,registration,1,1,120,0,20,priority,1,0,0,0.0,Normal
2026-01-03T19:00,SYN-VTP-01,VTP,historic resubmission,1,1,0,7.8,0,0,registration,0,1,120,0,20,standard,0,0,0,0.0,Normal
2026-01-03T19:00,SYN-AMVLP-01,AMVLP,new MSID Pair,0,0,0,7.0,0,0,registration,2,0,120,0,20,priority,1,1,0,-100.0,Normal
2026-01-03T19:00,SYN-AMVLP-01,AMVLP,new AMSID Pair,2,2,0,7.2,0,0,registration,3,2,120,0,20,priority,1,0,0,-33.33,Normal
2026-01-03T19:00,SYN-AMVLP-01,AMVLP,historic resubmission,0,1,0,7.2,0,0,registration,0,0,120,0,20,standard,0,0,-1,0.0,Normal
2026-01-03T19:00,SYN-VLP-02,VLP,new MSID Pair,1,1,0,6.8,1,1,registration,1,1,120,0,20,priority,1,1,0,0.0,Normal
2026-01-03T19:00,SYN-VLP-02,VLP,new AMSID Pair,0,0,0,8.5,0,0,registration,0,0,120,0,20,priority,1,0,0,0.0,Normal
2026-01-03T19:00,SYN-VLP-02,VLP,historic resubmission,0,1,0,7.6,0,0,registration,0,0,120,0,20,standard,0,0,-1,0.0,Normal
2026-01-03T19:00,SYN-VTP-02,VTP,new MSID Pair,0,0,0,7.9,0,0,registration,0,0,120,0,20,priority,1,1,0,0.0,Normal
2026-01-03T19:00,SYN-VTP-02,VTP,new AMSID Pair,2,2,0,8.8,0,0,registration,1,2,120,0,20,priority,1,0,0,100.0,Normal
2026-01-03T19:00,SYN-VTP-02,VTP,historic resubmission,0,0,0,6.9,0,0,registration,1,0,120,0,20,standard,0,0,0,-100.0,Normal
2026-01-03T19:00,SYN-SUP-01,Supplier,new MSID Pair,0,0,0,5.5,0,0,registration,0,0,120,0,20,priority,1,1,0,0.0,Normal
2026-01-03T19:00,SYN-SUP-01,Supplier,new AMSID Pair,0,0,0,5.5,0,0,registration,0,0,120,0,20,priority,1,0,0,0.0,Normal
2026-01-03T19:00,SYN-SUP-01,Supplier,historic resubmission,1,1,0,8.3,0,0,registration,0,1,120,0,20,standard,0,0,0,0.0,Normal
2026-01-03T20:00,SYN-VLP-01,VLP,new MSID Pair,2,2,0,8.4,0,0,registration,2,2,120,0,20,priority,1,1,0,0.0,Normal
2026-01-03T20:00,SYN-VLP-01,VLP,new AMSID Pair,1,1,0,6.7,0,0,registration,0,1,120,0,20,priority,1,0,0,0.0,Normal
2026-01-03T20:00,SYN-VLP-01,VLP,historic resubmission,0,0,0,6.5,0,0,registration,0,0,120,0,20,standard,0,0,0,0.0,Normal
2026-01-03T20:00,SYN-VTP-01,VTP,new MSID Pair,1,1,0,6.2,0,0,registration,1,1,120,0,20,priority,1,1,0,0.0,Normal
2026-01-03T20:00,SYN-VTP-01,VTP,new AMSID Pair,0,0,0,8.7,0,0,registration,2,0,120,0,20,priority,1,0,0,-100.0,Normal
2026-01-03T20:00,SYN-VTP-01,VTP,historic resubmission,1,1,0,5.7,0,0,registration,1,1,120,0,20,standard,0,0,0,0.0,Normal
2026-01-03T20:00,SYN-AMVLP-01,AMVLP,new MSID Pair,0,0,0,7.5,0,0,registration,1,0,120,0,20,priority,1,1,0,-100.0,Normal
2026-01-03T20:00,SYN-AMVLP-01,AMVLP,new AMSID Pair,2,2,0,8.7,0,0,registration,2,2,120,0,20,priority,1,0,0,0.0,Normal
2026-01-03T20:00,SYN-AMVLP-01,AMVLP,historic resubmission,1,1,0,6.8,0,0,registration,0,1,120,0,20,standard,0,0,0,0.0,Normal
2026-01-03T20:00,SYN-VLP-02,VLP,new MSID Pair,0,0,0,6.0,0,0,registration,2,0,120,0,20,priority,1,1,0,-100.0,Normal
2026-01-03T20:00,SYN-VLP-02,VLP,new AMSID Pair,0,0,0,8.1,0,0,registration,1,0,120,0,20,priority,1,0,0,-100.0,Normal
2026-01-03T20:00,SYN-VLP-02,VLP,historic resubmission,0,0,0,7.7,0,0,registration,0,0,120,0,20,standard,0,0,0,0.0,Normal
2026-01-03T20:00,SYN-VTP-02,VTP,new MSID Pair,2,2,0,5.5,0,0,registration,1,2,120,0,20,priority,1,1,0,100.0,Normal
2026-01-03T20:00,SYN-VTP-02,VTP,new AMSID Pair,1,1,0,7.3,0,0,registration,2,1,120,0,20,priority,1,0,0,-50.0,Normal
2026-01-03T20:00,SYN-VTP-02,VTP,historic resubmission,1,1,0,6.8,0,0,registration,0,1,120,0,20,standard,0,0,0,0.0,Normal
2026-01-03T20:00,SYN-SUP-01,Supplier,new MSID Pair,0,0,0,8.6,0,0,registration,1,0,120,0,20,priority,1,1,0,-100.0,Normal
2026-01-03T20:00,SYN-SUP-01,Supplier,new AMSID Pair,0,0,0,5.4,0,0,registration,0,0,120,0,20,priority,1,0,0,0.0,Normal
2026-01-03T20:00,SYN-SUP-01,Supplier,historic resubmission,1,1,0,5.4,0,0,registration,1,1,120,0,20,standard,0,0,0,0.0,Normal
2026-01-03T21:00,SYN-VLP-01,VLP,new MSID Pair,1,1,0,5.2,0,0,registration,1,1,120,0,20,priority,1,1,0,0.0,Normal
2026-01-03T21:00,SYN-VLP-01,VLP,new AMSID Pair,0,0,0,7.6,0,0,registration,0,0,120,0,20,priority,1,0,0,0.0,Normal
2026-01-03T21:00,SYN-VLP-01,VLP,historic resubmission,1,1,0,6.8,0,0,registration,1,1,120,0,20,standard,0,0,0,0.0,Normal
2026-01-03T21:00,SYN-VTP-01,VTP,new MSID Pair,1,1,0,6.5,0,0,registration,1,1,120,0,20,priority,1,1,0,0.0,Normal
2026-01-03T21:00,SYN-VTP-01,VTP,new AMSID Pair,1,1,0,6.9,0,0,registration,0,1,120,0,20,priority,1,0,0,0.0,Normal
2026-01-03T21:00,SYN-VTP-01,VTP,historic resubmission,0,0,0,6.3,0,0,registration,0,0,120,0,20,standard,0,0,0,0.0,Normal
2026-01-03T21:00,SYN-AMVLP-01,AMVLP,new MSID Pair,1,1,0,6.2,0,0,registration,0,1,120,0,20,priority,1,1,0,0.0,Normal
2026-01-03T21:00,SYN-AMVLP-01,AMVLP,new AMSID Pair,2,2,0,5.7,0,0,registration,1,2,120,0,20,priority,1,0,0,100.0,Normal
2026-01-03T21:00,SYN-AMVLP-01,AMVLP,historic resubmission,1,1,0,6.9,0,0,registration,0,1,120,0,20,standard,0,0,0,0.0,Normal
2026-01-03T21:00,SYN-VLP-02,VLP,new MSID Pair,1,1,0,8.5,0,0,registration,1,1,120,0,20,priority,1,1,0,0.0,Normal
2026-01-03T21:00,SYN-VLP-02,VLP,new AMSID Pair,1,1,0,6.9,0,0,registration,1,1,120,0,20,priority,1,0,0,0.0,Normal
2026-01-03T21:00,SYN-VLP-02,VLP,historic resubmission,0,0,0,5.4,0,0,registration,0,0,120,0,20,standard,0,0,0,0.0,Normal
2026-01-03T21:00,SYN-VTP-02,VTP,new MSID Pair,1,1,0,7.2,0,0,registration,0,1,120,0,20,priority,1,1,0,0.0,Normal
2026-01-03T21:00,SYN-VTP-02,VTP,new AMSID Pair,1,1,0,6.2,0,0,registration,0,1,120,0,20,priority,1,0,0,0.0,Normal
2026-01-03T21:00,SYN-VTP-02,VTP,historic resubmission,1,1,0,7.8,0,0,registration,1,1,120,0,20,standard,0,0,0,0.0,Normal
2026-01-03T21:00,SYN-SUP-01,Supplier,new MSID Pair,1,1,0,5.1,0,0,registration,0,1,120,0,20,priority,1,1,0,0.0,Normal
2026-01-03T21:00,SYN-SUP-01,Supplier,new AMSID Pair,1,1,0,8.9,0,0,registration,2,1,120,0,20,priority,1,0,0,-50.0,Normal
2026-01-03T21:00,SYN-SUP-01,Supplier,historic resubmission,0,0,0,8.3,0,0,registration,0,0,120,0,20,standard,0,0,0,0.0,Normal
2026-01-03T22:00,SYN-VLP-01,VLP,new MSID Pair,2,2,0,8.8,0,0,registration,3,2,120,0,20,priority,1,1,0,-33.33,Normal
2026-01-03T22:00,SYN-VLP-01,VLP,new AMSID Pair,0,0,0,6.3,0,0,registration,0,0,120,0,20,priority,1,0,0,0.0,Normal
2026-01-03T22:00,SYN-VLP-01,VLP,historic resubmission,0,0,0,5.8,0,0,registration,0,0,120,0,20,standard,0,0,0,0.0,Normal
2026-01-03T22:00,SYN-VTP-01,VTP,new MSID Pair,1,1,0,5.4,0,0,registration,1,1,120,0,20,priority,1,1,0,0.0,Normal
2026-01-03T22:00,SYN-VTP-01,VTP,new AMSID Pair,2,2,0,8.5,0,0,registration,0,2,120,0,20,priority,1,0,0,0.0,Normal
2026-01-03T22:00,SYN-VTP-01,VTP,historic resubmission,1,1,0,7.6,0,0,registration,0,1,120,0,20,standard,0,0,0,0.0,Normal
2026-01-03T22:00,SYN-AMVLP-01,AMVLP,new MSID Pair,0,0,0,7.2,0,0,registration,1,0,120,0,20,priority,1,1,0,-100.0,Normal
2026-01-03T22:00,SYN-AMVLP-01,AMVLP,new AMSID Pair,1,1,0,7.9,0,0,registration,2,1,120,0,20,priority,1,0,0,-50.0,Normal
2026-01-03T22:00,SYN-AMVLP-01,AMVLP,historic resubmission,0,0,0,7.2,0,0,registration,0,0,120,0,20,standard,0,0,0,0.0,Normal
2026-01-03T22:00,SYN-VLP-02,VLP,new MSID Pair,2,2,0,5.7,0,0,registration,1,2,120,0,20,priority,1,1,0,100.0,Normal
2026-01-03T22:00,SYN-VLP-02,VLP,new AMSID Pair,1,1,0,8.4,0,1,registration,1,1,120,0,20,priority,1,0,0,0.0,Normal
2026-01-03T22:00,SYN-VLP-02,VLP,historic resubmission,0,0,0,7.0,0,0,registration,0,0,120,0,20,standard,0,0,0,0.0,Normal
2026-01-03T22:00,SYN-VTP-02,VTP,new MSID Pair,3,3,0,7.1,0,0,registration,0,3,120,0,20,priority,1,1,0,0.0,Normal
2026-01-03T22:00,SYN-VTP-02,VTP,new AMSID Pair,1,1,0,6.5,0,0,registration,1,1,120,0,20,priority,1,0,0,0.0,Normal
2026-01-03T22:00,SYN-VTP-02,VTP,historic resubmission,0,0,0,5.4,0,0,registration,0,0,120,0,20,standard,0,0,0,0.0,Normal
2026-01-03T22:00,SYN-SUP-01,Supplier,new MSID Pair,0,0,0,6.3,0,0,registration,0,0,120,0,20,priority,1,1,0,0.0,Normal
2026-01-03T22:00,SYN-SUP-01,Supplier,new AMSID Pair,0,0,0,6.8,0,0,registration,0,0,120,0,20,priority,1,0,0,0.0,Normal
2026-01-03T22:00,SYN-SUP-01,Supplier,historic resubmission,1,1,0,8.7,0,0,registration,2,1,120,0,20,standard,0,0,0,-50.0,Normal
2026-01-03T23:00,SYN-VLP-01,VLP,new MSID Pair,2,2,0,7.4,0,0,registration,2,2,120,0,20,priority,1,1,0,0.0,Normal
2026-01-03T23:00,SYN-VLP-01,VLP,new AMSID Pair,0,0,0,7.6,0,0,registration,1,0,120,0,20,priority,1,0,0,-100.0,Normal
2026-01-03T23:00,SYN-VLP-01,VLP,historic resubmission,0,0,0,5.9,0,0,registration,1,0,120,0,20,standard,0,0,0,-100.0,Normal
2026-01-03T23:00,SYN-VTP-01,VTP,new MSID Pair,2,2,0,8.9,0,0,registration,0,2,120,0,20,priority,1,1,0,0.0,Normal
2026-01-03T23:00,SYN-VTP-01,VTP,new AMSID Pair,0,0,0,6.9,0,0,registration,2,0,120,0,20,priority,1,0,0,-100.0,Normal
2026-01-03T23:00,SYN-VTP-01,VTP,historic resubmission,0,0,0,7.5,0,0,registration,1,0,120,0,20,standard,0,0,0,-100.0,Normal
2026-01-03T23:00,SYN-AMVLP-01,AMVLP,new MSID Pair,0,0,0,5.2,0,0,registration,1,0,120,0,20,priority,1,1,0,-100.0,Normal
2026-01-03T23:00,SYN-AMVLP-01,AMVLP,new AMSID Pair,1,1,0,7.7,0,0,registration,1,1,120,0,20,priority,1,0,0,0.0,Normal
2026-01-03T23:00,SYN-AMVLP-01,AMVLP,historic resubmission,1,1,0,8.5,0,0,registration,1,1,120,0,20,standard,0,0,0,0.0,Normal
2026-01-03T23:00,SYN-VLP-02,VLP,new MSID Pair,1,1,0,7.2,0,0,registration,2,1,120,0,20,priority,1,1,0,-50.0,Normal
2026-01-03T23:00,SYN-VLP-02,VLP,new AMSID Pair,0,0,0,7.2,0,0,registration,0,0,120,0,20,priority,1,0,0,0.0,Normal
2026-01-03T23:00,SYN-VLP-02,VLP,historic resubmission,0,0,0,6.0,0,0,registration,0,0,120,0,20,standard,0,0,0,0.0,Normal
2026-01-03T23:00,SYN-VTP-02,VTP,new MSID Pair,1,1,0,9.0,0,0,registration,1,1,120,0,20,priority,1,1,0,0.0,Normal
2026-01-03T23:00,SYN-VTP-02,VTP,new AMSID Pair,1,1,0,6.1,0,0,registration,0,1,120,0,20,priority,1,0,0,0.0,Normal
2026-01-03T23:00,SYN-VTP-02,VTP,historic resubmission,0,0,0,8.4,0,0,registration,0,0,120,0,20,standard,0,0,0,0.0,Normal
2026-01-03T23:00,SYN-SUP-01,Supplier,new MSID Pair,0,0,0,8.4,0,0,registration,0,0,120,0,20,priority,1,1,0,0.0,Normal
2026-01-03T23:00,SYN-SUP-01,Supplier,new AMSID Pair,0,0,0,8.0,0,0,registration,0,0,120,0,20,priority,1,0,0,0.0,Normal
2026-01-03T23:00,SYN-SUP-01,Supplier,historic resubmission,1,1,0,7.9,0,0,registration,1,1,120,0,20,standard,0,0,0,0.0,Normal
2026-01-04T00:00,SYN-VLP-01,VLP,new MSID Pair,1,1,0,7.5,0,0,registration,1,1,120,0,20,priority,1,1,0,0.0,Normal
2026-01-04T00:00,SYN-VLP-01,VLP,new AMSID Pair,0,0,0,7.6,0,0,registration,0,0,120,0,20,priority,1,0,0,0.0,Normal
2026-01-04T00:00,SYN-VLP-01,VLP,historic resubmission,0,0,0,8.3,0,0,registration,0,0,120,0,20,standard,0,0,0,0.0,Normal
2026-01-04T00:00,SYN-VTP-01,VTP,new MSID Pair,1,1,0,7.3,0,0,registration,1,1,120,0,20,priority,1,1,0,0.0,Normal
2026-01-04T00:00,SYN-VTP-01,VTP,new AMSID Pair,1,1,0,8.2,1,1,registration,1,1,120,0,20,priority,1,0,0,0.0,Normal
2026-01-04T00:00,SYN-VTP-01,VTP,historic resubmission,0,0,0,6.8,0,0,registration,1,0,120,0,20,standard,0,0,0,-100.0,Normal
2026-01-04T00:00,SYN-AMVLP-01,AMVLP,new MSID Pair,0,0,0,8.2,0,0,registration,1,0,120,0,20,priority,1,1,0,-100.0,Normal
2026-01-04T00:00,SYN-AMVLP-01,AMVLP,new AMSID Pair,2,2,0,7.5,0,0,registration,1,2,120,0,20,priority,1,0,0,100.0,Normal
2026-01-04T00:00,SYN-AMVLP-01,AMVLP,historic resubmission,0,0,0,5.5,0,0,registration,0,0,120,0,20,standard,0,0,0,0.0,Normal
2026-01-04T00:00,SYN-VLP-02,VLP,new MSID Pair,0,0,0,8.7,0,0,registration,0,0,120,0,20,priority,1,1,0,0.0,Normal
2026-01-04T00:00,SYN-VLP-02,VLP,new AMSID Pair,0,0,0,8.4,0,0,registration,0,0,120,0,20,priority,1,0,0,0.0,Normal
2026-01-04T00:00,SYN-VLP-02,VLP,historic resubmission,1,1,0,8.1,0,0,registration,0,1,120,0,20,standard,0,0,0,0.0,Normal
2026-01-04T00:00,SYN-VTP-02,VTP,new MSID Pair,0,0,0,7.7,0,0,registration,0,0,120,0,20,priority,1,1,0,0.0,Normal
2026-01-04T00:00,SYN-VTP-02,VTP,new AMSID Pair,1,1,0,7.6,0,0,registration,0,1,120,0,20,priority,1,0,0,0.0,Normal
2026-01-04T00:00,SYN-VTP-02,VTP,historic resubmission,1,1,0,5.5,0,0,registration,0,1,120,0,20,standard,0,0,0,0.0,Normal
2026-01-04T00:00,SYN-SUP-01,Supplier,new MSID Pair,0,0,0,5.4,0,0,registration,0,0,120,0,20,priority,1,1,0,0.0,Normal
2026-01-04T00:00,SYN-SUP-01,Supplier,new AMSID Pair,0,0,0,5.4,0,0,registration,1,0,120,0,20,priority,1,0,0,-100.0,Normal
2026-01-04T00:00,SYN-SUP-01,Supplier,historic resubmission,1,1,0,6.4,0,0,registration,0,1,120,0,20,standard,0,0,0,0.0,Normal
2026-01-04T01:00,SYN-VLP-01,VLP,new MSID Pair,1,1,0,7.6,0,0,registration,2,1,120,0,20,priority,1,1,0,-50.0,Normal
2026-01-04T01:00,SYN-VLP-01,VLP,new AMSID Pair,0,0,0,7.4,0,0,registration,0,0,120,0,20,priority,1,0,0,0.0,Normal
2026-01-04T01:00,SYN-VLP-01,VLP,historic resubmission,1,1,0,7.5,0,0,registration,0,1,120,0,20,standard,0,0,0,0.0,Normal
2026-01-04T01:00,SYN-VTP-01,VTP,new MSID Pair,0,0,0,6.6,0,0,registration,1,0,120,0,20,priority,1,1,0,-100.0,Normal
2026-01-04T01:00,SYN-VTP-01,VTP,new AMSID Pair,2,2,0,8.9,0,0,registration,0,2,120,0,20,priority,1,0,0,0.0,Normal
2026-01-04T01:00,SYN-VTP-01,VTP,historic resubmission,0,0,0,7.0,0,0,registration,0,0,120,0,20,standard,0,0,0,0.0,Normal
2026-01-04T01:00,SYN-AMVLP-01,AMVLP,new MSID Pair,0,0,0,8.2,0,0,registration,0,0,120,0,20,priority,1,1,0,0.0,Normal
2026-01-04T01:00,SYN-AMVLP-01,AMVLP,new AMSID Pair,1,1,0,7.6,0,0,registration,2,1,120,0,20,priority,1,0,0,-50.0,Normal
2026-01-04T01:00,SYN-AMVLP-01,AMVLP,historic resubmission,0,0,0,7.9,0,0,registration,1,0,120,0,20,standard,0,0,0,-100.0,Normal
2026-01-04T01:00,SYN-VLP-02,VLP,new MSID Pair,0,0,0,5.4,0,0,registration,2,0,120,0,20,priority,1,1,0,-100.0,Normal
2026-01-04T01:00,SYN-VLP-02,VLP,new AMSID Pair,0,0,0,7.5,0,0,registration,0,0,120,0,20,priority,1,0,0,0.0,Normal
2026-01-04T01:00,SYN-VLP-02,VLP,historic resubmission,0,0,0,6.3,0,0,registration,1,0,120,0,20,standard,0,0,0,-100.0,Normal
2026-01-04T01:00,SYN-VTP-02,VTP,new MSID Pair,0,0,0,8.2,0,0,registration,0,0,120,0,20,priority,1,1,0,0.0,Normal
2026-01-04T01:00,SYN-VTP-02,VTP,new AMSID Pair,1,1,0,8.7,0,0,registration,0,1,120,0,20,priority,1,0,0,0.0,Normal
2026-01-04T01:00,SYN-VTP-02,VTP,historic resubmission,0,0,0,6.5,0,0,registration,0,0,120,0,20,standard,0,0,0,0.0,Normal
2026-01-04T01:00,SYN-SUP-01,Supplier,new MSID Pair,0,0,0,6.5,0,0,registration,0,0,120,0,20,priority,1,1,0,0.0,Normal
2026-01-04T01:00,SYN-SUP-01,Supplier,new AMSID Pair,0,0,0,6.1,0,0,registration,0,0,120,0,20,priority,1,0,0,0.0,Normal
2026-01-04T01:00,SYN-SUP-01,Supplier,historic resubmission,0,0,0,7.9,0,0,registration,2,0,120,0,20,standard,0,0,0,-100.0,Normal
2026-01-04T02:00,SYN-VLP-01,VLP,new MSID Pair,0,0,0,7.4,0,0,registration,2,0,120,0,20,priority,1,1,0,-100.0,Normal
2026-01-04T02:00,SYN-VLP-01,VLP,new AMSID Pair,1,1,0,5.6,0,0,registration,0,1,120,0,20,priority,1,0,0,0.0,Normal
2026-01-04T02:00,SYN-VLP-01,VLP,historic resubmission,1,1,0,5.5,0,0,registration,0,1,120,0,20,standard,0,0,0,0.0,Normal
2026-01-04T02:00,SYN-VTP-01,VTP,new MSID Pair,0,0,0,5.2,0,0,registration,0,0,120,0,20,priority,1,1,0,0.0,Normal
2026-01-04T02:00,SYN-VTP-01,VTP,new AMSID Pair,0,0,0,6.8,0,0,registration,1,0,120,0,20,priority,1,0,0,-100.0,Normal
2026-01-04T02:00,SYN-VTP-01,VTP,historic resubmission,0,0,0,7.8,0,0,registration,0,0,120,0,20,standard,0,0,0,0.0,Normal
2026-01-04T02:00,SYN-AMVLP-01,AMVLP,new MSID Pair,1,1,0,7.0,0,0,registration,0,1,120,0,20,priority,1,1,0,0.0,Normal
2026-01-04T02:00,SYN-AMVLP-01,AMVLP,new AMSID Pair,1,1,0,6.4,0,0,registration,1,1,120,0,20,priority,1,0,0,0.0,Normal
2026-01-04T02:00,SYN-AMVLP-01,AMVLP,historic resubmission,0,0,0,5.5,0,0,registration,0,0,120,0,20,standard,0,0,0,0.0,Normal
2026-01-04T02:00,SYN-VLP-02,VLP,new MSID Pair,1,1,0,5.6,0,0,registration,1,1,120,0,20,priority,1,1,0,0.0,Normal
2026-01-04T02:00,SYN-VLP-02,VLP,new AMSID Pair,0,0,0,8.5,0,0,registration,1,0,120,0,20,priority,1,0,0,-100.0,Normal
2026-01-04T02:00,SYN-VLP-02,VLP,historic resubmission,0,0,0,8.8,0,0,registration,0,0,120,0,20,standard,0,0,0,0.0,Normal
2026-01-04T02:00,SYN-VTP-02,VTP,new MSID Pair,0,0,0,7.5,0,0,registration,0,0,120,0,20,priority,1,1,0,0.0,Normal
2026-01-04T02:00,SYN-VTP-02,VTP,new AMSID Pair,1,1,0,6.3,0,0,registration,1,1,120,0,20,priority,1,0,0,0.0,Normal
2026-01-04T02:00,SYN-VTP-02,VTP,historic resubmission,0,0,0,7.7,0,0,registration,0,0,120,0,20,standard,0,0,0,0.0,Normal
2026-01-04T02:00,SYN-SUP-01,Supplier,new MSID Pair,1,1,0,8.0,0,0,registration,0,1,120,0,20,priority,1,1,0,0.0,Normal
2026-01-04T02:00,SYN-SUP-01,Supplier,new AMSID Pair,0,0,0,6.2,0,0,registration,1,0,120,0,20,priority,1,0,0,-100.0,Normal
2026-01-04T02:00,SYN-SUP-01,Supplier,historic resubmission,0,0,0,8.5,0,0,registration,1,0,120,0,20,standard,0,0,0,-100.0,Normal
2026-01-04T03:00,SYN-VLP-01,VLP,new MSID Pair,1,1,0,5.5,0,0,registration,1,1,120,0,20,priority,1,1,0,0.0,Normal
2026-01-04T03:00,SYN-VLP-01,VLP,new AMSID Pair,0,0,0,7.5,0,0,registration,0,0,120,0,20,priority,1,0,0,0.0,Normal
2026-01-04T03:00,SYN-VLP-01,VLP,historic resubmission,1,1,0,6.6,0,0,registration,0,1,120,0,20,standard,0,0,0,0.0,Normal
2026-01-04T03:00,SYN-VTP-01,VTP,new MSID Pair,0,0,0,6.7,0,0,registration,0,0,120,0,20,priority,1,1,0,0.0,Normal
2026-01-04T03:00,SYN-VTP-01,VTP,new AMSID Pair,0,0,0,6.3,0,0,registration,0,0,120,0,20,priority,1,0,0,0.0,Normal
2026-01-04T03:00,SYN-VTP-01,VTP,historic resubmission,0,0,0,6.8,0,0,registration,0,0,120,0,20,standard,0,0,0,0.0,Normal
2026-01-04T03:00,SYN-AMVLP-01,AMVLP,new MSID Pair,0,0,0,5.2,0,0,registration,0,0,120,0,20,priority,1,1,0,0.0,Normal
2026-01-04T03:00,SYN-AMVLP-01,AMVLP,new AMSID Pair,1,1,0,8.2,0,0,registration,1,1,120,0,20,priority,1,0,0,0.0,Normal
2026-01-04T03:00,SYN-AMVLP-01,AMVLP,historic resubmission,0,0,0,7.7,0,0,registration,0,0,120,0,20,standard,0,0,0,0.0,Normal
2026-01-04T03:00,SYN-VLP-02,VLP,new MSID Pair,1,1,0,6.7,0,0,registration,0,1,120,0,20,priority,1,1,0,0.0,Normal
2026-01-04T03:00,SYN-VLP-02,VLP,new AMSID Pair,0,0,0,7.0,0,0,registration,1,0,120,0,20,priority,1,0,0,-100.0,Normal
2026-01-04T03:00,SYN-VLP-02,VLP,historic resubmission,1,1,0,8.6,0,0,registration,0,1,120,0,20,standard,0,0,0,0.0,Normal
2026-01-04T03:00,SYN-VTP-02,VTP,new MSID Pair,1,1,0,5.7,0,0,registration,0,1,120,0,20,priority,1,1,0,0.0,Normal
2026-01-04T03:00,SYN-VTP-02,VTP,new AMSID Pair,0,0,0,9.0,0,0,registration,0,0,120,0,20,priority,1,0,0,0.0,Normal
2026-01-04T03:00,SYN-VTP-02,VTP,historic resubmission,0,0,0,8.0,0,0,registration,0,0,120,0,20,standard,0,0,0,0.0,Normal
2026-01-04T03:00,SYN-SUP-01,Supplier,new MSID Pair,1,1,0,5.5,0,0,registration,0,1,120,0,20,priority,1,1,0,0.0,Normal
2026-01-04T03:00,SYN-SUP-01,Supplier,new AMSID Pair,1,1,0,7.5,0,0,registration,0,1,120,0,20,priority,1,0,0,0.0,Normal
2026-01-04T03:00,SYN-SUP-01,Supplier,historic resubmission,2,2,0,6.8,0,0,registration,2,2,120,0,20,standard,0,0,0,0.0,Normal
2026-01-04T04:00,SYN-VLP-01,VLP,new MSID Pair,1,1,0,6.6,0,0,registration,0,1,120,0,20,priority,1,1,0,0.0,Normal
2026-01-04T04:00,SYN-VLP-01,VLP,new AMSID Pair,0,0,0,5.5,0,0,registration,1,0,120,0,20,priority,1,0,0,-100.0,Normal
2026-01-04T04:00,SYN-VLP-01,VLP,historic resubmission,0,0,0,6.3,0,0,registration,0,0,120,0,20,standard,0,0,0,0.0,Normal
2026-01-04T04:00,SYN-VTP-01,VTP,new MSID Pair,0,0,0,5.9,0,0,registration,0,0,120,0,20,priority,1,1,0,0.0,Normal
2026-01-04T04:00,SYN-VTP-01,VTP,new AMSID Pair,0,0,0,7.0,0,0,registration,1,0,120,0,20,priority,1,0,0,-100.0,Normal
2026-01-04T04:00,SYN-VTP-01,VTP,historic resubmission,0,0,0,7.4,0,0,registration,0,0,120,0,20,standard,0,0,0,0.0,Normal
2026-01-04T04:00,SYN-AMVLP-01,AMVLP,new MSID Pair,0,0,0,6.7,0,0,registration,0,0,120,0,20,priority,1,1,0,0.0,Normal
2026-01-04T04:00,SYN-AMVLP-01,AMVLP,new AMSID Pair,2,2,0,6.7,0,0,registration,2,2,120,0,20,priority,1,0,0,0.0,Normal
2026-01-04T04:00,SYN-AMVLP-01,AMVLP,historic resubmission,0,0,0,5.7,0,0,registration,1,0,120,0,20,standard,0,0,0,-100.0,Normal
2026-01-04T04:00,SYN-VLP-02,VLP,new MSID Pair,1,1,0,7.7,0,0,registration,1,1,120,0,20,priority,1,1,0,0.0,Normal
2026-01-04T04:00,SYN-VLP-02,VLP,new AMSID Pair,1,1,0,7.6,0,0,registration,0,1,120,0,20,priority,1,0,0,0.0,Normal
2026-01-04T04:00,SYN-VLP-02,VLP,historic resubmission,0,0,0,5.3,0,0,registration,0,0,120,0,20,standard,0,0,0,0.0,Normal
2026-01-04T04:00,SYN-VTP-02,VTP,new MSID Pair,1,1,0,7.4,0,0,registration,1,1,120,0,20,priority,1,1,0,0.0,Normal
2026-01-04T04:00,SYN-VTP-02,VTP,new AMSID Pair,0,0,0,6.3,0,0,registration,0,0,120,0,20,priority,1,0,0,0.0,Normal
2026-01-04T04:00,SYN-VTP-02,VTP,historic resubmission,1,1,0,8.4,0,0,registration,0,1,120,0,20,standard,0,0,0,0.0,Normal
2026-01-04T04:00,SYN-SUP-01,Supplier,new MSID Pair,0,0,0,7.2,0,0,registration,0,0,120,0,20,priority,1,1,0,0.0,Normal
2026-01-04T04:00,SYN-SUP-01,Supplier,new AMSID Pair,0,0,0,8.4,0,0,registration,1,0,120,0,20,priority,1,0,0,-100.0,Normal
2026-01-04T04:00,SYN-SUP-01,Supplier,historic resubmission,0,0,0,5.1,0,0,registration,0,0,120,0,20,standard,0,0,0,0.0,Normal
2026-01-04T05:00,SYN-VLP-01,VLP,new MSID Pair,1,1,0,6.6,0,0,registration,0,1,120,0,20,priority,1,1,0,0.0,Normal
2026-01-04T05:00,SYN-VLP-01,VLP,new AMSID Pair,0,0,0,5.1,0,0,registration,1,0,120,0,20,priority,1,0,0,-100.0,Normal
2026-01-04T05:00,SYN-VLP-01,VLP,historic resubmission,0,0,0,5.2,0,0,registration,1,0,120,0,20,standard,0,0,0,-100.0,Normal
2026-01-04T05:00,SYN-VTP-01,VTP,new MSID Pair,0,0,0,8.5,0,0,registration,0,0,120,0,20,priority,1,1,0,0.0,Normal
2026-01-04T05:00,SYN-VTP-01,VTP,new AMSID Pair,1,1,0,7.6,0,0,registration,1,1,120,0,20,priority,1,0,0,0.0,Normal
2026-01-04T05:00,SYN-VTP-01,VTP,historic resubmission,0,0,0,6.3,0,0,registration,1,0,120,0,20,standard,0,0,0,-100.0,Normal
2026-01-04T05:00,SYN-AMVLP-01,AMVLP,new MSID Pair,0,0,0,8.4,0,0,registration,0,0,120,0,20,priority,1,1,0,0.0,Normal
2026-01-04T05:00,SYN-AMVLP-01,AMVLP,new AMSID Pair,1,1,0,7.4,0,0,registration,1,1,120,0,20,priority,1,0,0,0.0,Normal
2026-01-04T05:00,SYN-AMVLP-01,AMVLP,historic resubmission,0,0,0,7.9,0,0,registration,1,0,120,0,20,standard,0,0,0,-100.0,Normal
2026-01-04T05:00,SYN-VLP-02,VLP,new MSID Pair,0,0,0,5.3,0,0,registration,0,0,120,0,20,priority,1,1,0,0.0,Normal
2026-01-04T05:00,SYN-VLP-02,VLP,new AMSID Pair,1,1,0,7.4,0,0,registration,0,1,120,0,20,priority,1,0,0,0.0,Normal
2026-01-04T05:00,SYN-VLP-02,VLP,historic resubmission,1,1,0,6.4,0,0,registration,1,1,120,0,20,standard,0,0,0,0.0,Normal
2026-01-04T05:00,SYN-VTP-02,VTP,new MSID Pair,0,0,0,5.9,0,0,registration,1,0,120,0,20,priority,1,1,0,-100.0,Normal
2026-01-04T05:00,SYN-VTP-02,VTP,new AMSID Pair,0,0,0,6.3,0,0,registration,1,0,120,0,20,priority,1,0,0,-100.0,Normal
2026-01-04T05:00,SYN-VTP-02,VTP,historic resubmission,0,0,0,7.8,0,0,registration,2,0,120,0,20,standard,0,0,0,-100.0,Normal
2026-01-04T05:00,SYN-SUP-01,Supplier,new MSID Pair,1,1,0,5.5,0,0,registration,0,1,120,0,20,priority,1,1,0,0.0,Normal
2026-01-04T05:00,SYN-SUP-01,Supplier,new AMSID Pair,0,0,0,5.2,0,0,registration,0,0,120,0,20,priority,1,0,0,0.0,Normal
2026-01-04T05:00,SYN-SUP-01,Supplier,historic resubmission,0,0,0,6.6,0,0,registration,0,0,120,0,20,standard,0,0,0,0.0,Normal
2026-01-04T06:00,SYN-VLP-01,VLP,new MSID Pair,3,3,0,8.2,0,0,registration,2,3,120,0,20,priority,1,1,0,50.0,Normal
2026-01-04T06:00,SYN-VLP-01,VLP,new AMSID Pair,0,0,0,5.7,0,0,registration,0,0,120,0,20,priority,1,0,0,0.0,Normal
2026-01-04T06:00,SYN-VLP-01,VLP,historic resubmission,0,0,0,6.9,0,0,registration,0,0,120,0,20,standard,0,0,0,0.0,Normal
2026-01-04T06:00,SYN-VTP-01,VTP,new MSID Pair,1,1,0,8.3,0,0,registration,2,1,120,0,20,priority,1,1,0,-50.0,Normal
2026-01-04T06:00,SYN-VTP-01,VTP,new AMSID Pair,1,1,0,8.8,0,0,registration,1,1,120,0,20,priority,1,0,0,0.0,Normal
2026-01-04T06:00,SYN-VTP-01,VTP,historic resubmission,0,0,0,7.8,0,0,registration,0,0,120,0,20,standard,0,0,0,0.0,Normal
2026-01-04T06:00,SYN-AMVLP-01,AMVLP,new MSID Pair,1,1,0,5.6,0,0,registration,0,1,120,0,20,priority,1,1,0,0.0,Normal
2026-01-04T06:00,SYN-AMVLP-01,AMVLP,new AMSID Pair,2,2,0,7.4,0,0,registration,3,2,120,0,20,priority,1,0,0,-33.33,Normal
2026-01-04T06:00,SYN-AMVLP-01,AMVLP,historic resubmission,0,0,0,7.1,0,0,registration,1,0,120,0,20,standard,0,0,0,-100.0,Normal
2026-01-04T06:00,SYN-VLP-02,VLP,new MSID Pair,1,1,0,8.1,0,0,registration,1,1,120,0,20,priority,1,1,0,0.0,Normal
2026-01-04T06:00,SYN-VLP-02,VLP,new AMSID Pair,1,1,0,7.6,0,0,registration,1,1,120,0,20,priority,1,0,0,0.0,Normal
2026-01-04T06:00,SYN-VLP-02,VLP,historic resubmission,1,1,0,5.3,0,0,registration,1,1,120,0,20,standard,0,0,0,0.0,Normal
2026-01-04T06:00,SYN-VTP-02,VTP,new MSID Pair,1,1,0,7.9,0,0,registration,1,1,120,0,20,priority,1,1,0,0.0,Normal
2026-01-04T06:00,SYN-VTP-02,VTP,new AMSID Pair,1,1,0,6.9,0,0,registration,1,1,120,0,20,priority,1,0,0,0.0,Normal
2026-01-04T06:00,SYN-VTP-02,VTP,historic resubmission,2,2,0,8.1,0,0,registration,0,2,120,0,20,standard,0,0,0,0.0,Normal
2026-01-04T06:00,SYN-SUP-01,Supplier,new MSID Pair,0,0,0,6.7,0,0,registration,0,0,120,0,20,priority,1,1,0,0.0,Normal
2026-01-04T06:00,SYN-SUP-01,Supplier,new AMSID Pair,0,0,0,7.0,0,0,registration,1,0,120,0,20,priority,1,0,0,-100.0,Normal
2026-01-04T06:00,SYN-SUP-01,Supplier,historic resubmission,1,1,0,5.2,0,0,registration,0,1,120,0,20,standard,0,0,0,0.0,Normal
2026-01-04T07:00,SYN-VLP-01,VLP,new MSID Pair,2,2,0,5.2,0,0,registration,2,2,120,0,20,priority,1,1,0,0.0,Normal
2026-01-04T07:00,SYN-VLP-01,VLP,new AMSID Pair,0,0,0,8.2,0,0,registration,0,0,120,0,20,priority,1,0,0,0.0,Normal
2026-01-04T07:00,SYN-VLP-01,VLP,historic resubmission,1,1,0,7.9,0,0,registration,0,1,120,0,20,standard,0,0,0,0.0,Normal
2026-01-04T07:00,SYN-VTP-01,VTP,new MSID Pair,0,0,0,5.2,0,0,registration,0,0,120,0,20,priority,1,1,0,0.0,Normal
2026-01-04T07:00,SYN-VTP-01,VTP,new AMSID Pair,0,0,0,8.5,0,0,registration,0,0,120,0,20,priority,1,0,0,0.0,Normal
2026-01-04T07:00,SYN-VTP-01,VTP,historic resubmission,1,1,0,6.0,0,0,registration,0,1,120,0,20,standard,0,0,0,0.0,Normal
2026-01-04T07:00,SYN-AMVLP-01,AMVLP,new MSID Pair,0,0,0,8.2,0,0,registration,1,0,120,0,20,priority,1,1,0,-100.0,Normal
2026-01-04T07:00,SYN-AMVLP-01,AMVLP,new AMSID Pair,2,2,0,6.3,0,0,registration,3,2,120,0,20,priority,1,0,0,-33.33,Normal
2026-01-04T07:00,SYN-AMVLP-01,AMVLP,historic resubmission,0,0,0,5.8,0,0,registration,1,0,120,0,20,standard,0,0,0,-100.0,Normal
2026-01-04T07:00,SYN-VLP-02,VLP,new MSID Pair,2,2,0,6.3,0,0,registration,3,2,120,0,20,priority,1,1,0,-33.33,Normal
2026-01-04T07:00,SYN-VLP-02,VLP,new AMSID Pair,0,0,0,8.4,0,0,registration,0,0,120,0,20,priority,1,0,0,0.0,Normal
2026-01-04T07:00,SYN-VLP-02,VLP,historic resubmission,0,0,0,6.1,0,0,registration,1,0,120,0,20,standard,0,0,0,-100.0,Normal
2026-01-04T07:00,SYN-VTP-02,VTP,new MSID Pair,0,0,0,7.3,0,0,registration,0,0,120,0,20,priority,1,1,0,0.0,Normal
2026-01-04T07:00,SYN-VTP-02,VTP,new AMSID Pair,1,1,0,6.3,0,0,registration,1,1,120,0,20,priority,1,0,0,0.0,Normal
2026-01-04T07:00,SYN-VTP-02,VTP,historic resubmission,0,0,0,7.0,0,0,registration,0,0,120,0,20,standard,0,0,0,0.0,Normal
2026-01-04T07:00,SYN-SUP-01,Supplier,new MSID Pair,0,0,0,6.9,0,0,registration,0,0,120,0,20,priority,1,1,0,0.0,Normal
2026-01-04T07:00,SYN-SUP-01,Supplier,new AMSID Pair,0,0,0,7.6,0,0,registration,1,0,120,0,20,priority,1,0,0,-100.0,Normal
2026-01-04T07:00,SYN-SUP-01,Supplier,historic resubmission,1,1,0,6.3,0,0,registration,1,1,120,0,20,standard,0,0,0,0.0,Normal
2026-01-04T08:00,SYN-VLP-01,VLP,new MSID Pair,3,3,0,7.3,0,0,registration,3,3,120,0,20,priority,1,1,0,0.0,Normal
2026-01-04T08:00,SYN-VLP-01,VLP,new AMSID Pair,0,0,0,7.8,0,0,registration,1,0,120,0,20,priority,1,0,0,-100.0,Normal
2026-01-04T08:00,SYN-VLP-01,VLP,historic resubmission,0,0,0,8.9,0,0,registration,1,0,120,0,20,standard,0,0,0,-100.0,Normal
2026-01-04T08:00,SYN-VTP-01,VTP,new MSID Pair,3,3,0,7.4,0,0,registration,1,3,120,0,20,priority,1,1,0,200.0,Normal
2026-01-04T08:00,SYN-VTP-01,VTP,new AMSID Pair,0,0,0,8.5,0,0,registration,2,0,120,0,20,priority,1,0,0,-100.0,Normal
2026-01-04T08:00,SYN-VTP-01,VTP,historic resubmission,0,0,0,7.7,0,0,registration,1,0,120,0,20,standard,0,0,0,-100.0,Normal
2026-01-04T08:00,SYN-AMVLP-01,AMVLP,new MSID Pair,0,0,0,8.2,0,0,registration,1,0,120,0,20,priority,1,1,0,-100.0,Normal
2026-01-04T08:00,SYN-AMVLP-01,AMVLP,new AMSID Pair,3,3,0,6.4,0,0,registration,2,3,120,0,20,priority,1,0,0,50.0,Normal
2026-01-04T08:00,SYN-AMVLP-01,AMVLP,historic resubmission,0,0,0,7.7,0,0,registration,0,0,120,0,20,standard,0,0,0,0.0,Normal
2026-01-04T08:00,SYN-VLP-02,VLP,new MSID Pair,2,2,0,5.4,0,0,registration,1,2,120,0,20,priority,1,1,0,100.0,Normal
2026-01-04T08:00,SYN-VLP-02,VLP,new AMSID Pair,0,0,0,5.7,0,0,registration,1,0,120,0,20,priority,1,0,0,-100.0,Normal
2026-01-04T08:00,SYN-VLP-02,VLP,historic resubmission,1,1,0,6.1,1,1,registration,0,1,120,0,20,standard,0,0,0,0.0,Normal
2026-01-04T08:00,SYN-VTP-02,VTP,new MSID Pair,0,0,0,8.1,0,0,registration,1,0,120,0,20,priority,1,1,0,-100.0,Normal
2026-01-04T08:00,SYN-VTP-02,VTP,new AMSID Pair,0,0,0,7.3,0,0,registration,1,0,120,0,20,priority,1,0,0,-100.0,Normal
2026-01-04T08:00,SYN-VTP-02,VTP,historic resubmission,0,0,0,8.1,0,0,registration,1,0,120,0,20,standard,0,0,0,-100.0,Normal
2026-01-04T08:00,SYN-SUP-01,Supplier,new MSID Pair,0,0,0,8.1,0,0,registration,0,0,120,0,20,priority,1,1,0,0.0,Normal
2026-01-04T08:00,SYN-SUP-01,Supplier,new AMSID Pair,0,0,0,6.2,0,0,registration,0,0,120,0,20,priority,1,0,0,0.0,Normal
2026-01-04T08:00,SYN-SUP-01,Supplier,historic resubmission,0,0,0,7.1,0,0,registration,2,0,120,0,20,standard,0,0,0,-100.0,Normal
2026-01-04T09:00,SYN-VLP-01,VLP,new MSID Pair,3,3,0,5.5,0,0,registration,4,3,120,0,20,priority,1,1,0,-25.0,Normal
2026-01-04T09:00,SYN-VLP-01,VLP,new AMSID Pair,0,0,0,8.5,0,0,registration,1,0,120,0,20,priority,1,0,0,-100.0,Normal
2026-01-04T09:00,SYN-VLP-01,VLP,historic resubmission,0,0,0,5.7,0,0,registration,1,0,120,0,20,standard,0,0,0,-100.0,Normal
2026-01-04T09:00,SYN-VTP-01,VTP,new MSID Pair,1,1,0,5.1,0,0,registration,2,1,120,0,20,priority,1,1,0,-50.0,Normal
2026-01-04T09:00,SYN-VTP-01,VTP,new AMSID Pair,2,2,0,8.9,0,0,registration,2,2,120,0,20,priority,1,0,0,0.0,Normal
2026-01-04T09:00,SYN-VTP-01,VTP,historic resubmission,0,0,0,5.7,0,0,registration,0,0,120,0,20,standard,0,0,0,0.0,Normal
2026-01-04T09:00,SYN-AMVLP-01,AMVLP,new MSID Pair,0,0,0,6.0,0,0,registration,1,0,120,0,20,priority,1,1,0,-100.0,Normal
2026-01-04T09:00,SYN-AMVLP-01,AMVLP,new AMSID Pair,3,3,0,6.8,0,0,registration,4,3,120,0,20,priority,1,0,0,-25.0,Normal
2026-01-04T09:00,SYN-AMVLP-01,AMVLP,historic resubmission,0,0,0,7.0,0,0,registration,0,0,120,0,20,standard,0,0,0,0.0,Normal
2026-01-04T09:00,SYN-VLP-02,VLP,new MSID Pair,1,1,0,7.1,0,0,registration,4,1,120,0,20,priority,1,1,0,-75.0,Normal
2026-01-04T09:00,SYN-VLP-02,VLP,new AMSID Pair,0,0,0,8.7,0,0,registration,1,0,120,0,20,priority,1,0,0,-100.0,Normal
2026-01-04T09:00,SYN-VLP-02,VLP,historic resubmission,1,1,0,8.7,0,0,registration,0,1,120,0,20,standard,0,0,0,0.0,Normal
2026-01-04T09:00,SYN-VTP-02,VTP,new MSID Pair,1,1,0,8.3,0,0,registration,0,1,120,0,20,priority,1,1,0,0.0,Normal
2026-01-04T09:00,SYN-VTP-02,VTP,new AMSID Pair,2,2,0,5.9,0,0,registration,3,2,120,0,20,priority,1,0,0,-33.33,Normal
2026-01-04T09:00,SYN-VTP-02,VTP,historic resubmission,1,1,0,5.1,0,0,registration,0,1,120,0,20,standard,0,0,0,0.0,Normal
2026-01-04T09:00,SYN-SUP-01,Supplier,new MSID Pair,0,0,0,7.2,0,0,registration,0,0,120,0,20,priority,1,1,0,0.0,Normal
2026-01-04T09:00,SYN-SUP-01,Supplier,new AMSID Pair,0,0,0,6.6,0,0,registration,0,0,120,0,20,priority,1,0,0,0.0,Normal
2026-01-04T09:00,SYN-SUP-01,Supplier,historic resubmission,3,3,0,7.9,0,0,registration,1,3,120,0,20,standard,0,0,0,200.0,Normal
2026-01-04T10:00,SYN-VLP-01,VLP,new MSID Pair,3,3,0,8.6,0,1,registration,3,3,120,0,20,priority,1,1,0,0.0,Normal
2026-01-04T10:00,SYN-VLP-01,VLP,new AMSID Pair,1,1,0,7.2,0,0,registration,1,1,120,0,20,priority,1,0,0,0.0,Normal
2026-01-04T10:00,SYN-VLP-01,VLP,historic resubmission,0,0,0,6.7,0,0,registration,0,0,120,0,20,standard,0,0,0,0.0,Normal
2026-01-04T10:00,SYN-VTP-01,VTP,new MSID Pair,0,0,0,6.5,0,0,registration,1,0,120,0,20,priority,1,1,0,-100.0,Normal
2026-01-04T10:00,SYN-VTP-01,VTP,new AMSID Pair,2,2,0,5.0,0,0,registration,2,2,120,0,20,priority,1,0,0,0.0,Normal
2026-01-04T10:00,SYN-VTP-01,VTP,historic resubmission,0,0,0,9.0,0,0,registration,1,0,120,0,20,standard,0,0,0,-100.0,Normal
2026-01-04T10:00,SYN-AMVLP-01,AMVLP,new MSID Pair,1,1,0,5.9,0,0,registration,0,1,120,0,20,priority,1,1,0,0.0,Normal
2026-01-04T10:00,SYN-AMVLP-01,AMVLP,new AMSID Pair,4,4,0,6.3,0,0,registration,3,4,120,0,20,priority,1,0,0,33.33,Normal
2026-01-04T10:00,SYN-AMVLP-01,AMVLP,historic resubmission,0,0,0,5.6,0,0,registration,1,0,120,0,20,standard,0,0,0,-100.0,Normal
2026-01-04T10:00,SYN-VLP-02,VLP,new MSID Pair,1,1,0,7.9,0,0,registration,1,1,120,0,20,priority,1,1,0,0.0,Normal
2026-01-04T10:00,SYN-VLP-02,VLP,new AMSID Pair,0,0,0,6.1,0,0,registration,1,0,120,0,20,priority,1,0,0,-100.0,Normal
2026-01-04T10:00,SYN-VLP-02,VLP,historic resubmission,0,0,0,7.6,0,0,registration,1,0,120,0,20,standard,0,0,0,-100.0,Normal
2026-01-04T10:00,SYN-VTP-02,VTP,new MSID Pair,1,1,0,6.7,0,0,registration,1,1,120,0,20,priority,1,1,0,0.0,Normal
2026-01-04T10:00,SYN-VTP-02,VTP,new AMSID Pair,1,1,0,5.7,0,0,registration,1,1,120,0,20,priority,1,0,0,0.0,Normal
2026-01-04T10:00,SYN-VTP-02,VTP,historic resubmission,1,1,0,7.0,0,0,registration,1,1,120,0,20,standard,0,0,0,0.0,Normal
2026-01-04T10:00,SYN-SUP-01,Supplier,new MSID Pair,0,0,0,6.0,0,0,registration,0,0,120,0,20,priority,1,1,0,0.0,Normal
2026-01-04T10:00,SYN-SUP-01,Supplier,new AMSID Pair,0,0,0,8.1,0,0,registration,1,0,120,0,20,priority,1,0,0,-100.0,Normal
2026-01-04T10:00,SYN-SUP-01,Supplier,historic resubmission,0,0,0,6.4,0,0,registration,2,0,120,0,20,standard,0,0,0,-100.0,Normal
2026-01-04T11:00,SYN-VLP-01,VLP,new MSID Pair,4,4,0,6.9,0,0,registration,2,4,120,0,20,priority,1,1,0,100.0,Normal
2026-01-04T11:00,SYN-VLP-01,VLP,new AMSID Pair,0,0,0,7.9,0,0,registration,0,0,120,0,20,priority,1,0,0,0.0,Normal
2026-01-04T11:00,SYN-VLP-01,VLP,historic resubmission,1,0,1,7.6,0,0,registration,0,1,120,0,20,standard,0,0,1,0.0,Normal
2026-01-04T11:00,SYN-VTP-01,VTP,new MSID Pair,1,1,0,8.8,0,0,registration,1,1,120,0,20,priority,1,1,0,0.0,Normal
2026-01-04T11:00,SYN-VTP-01,VTP,new AMSID Pair,1,1,0,7.2,0,0,registration,2,1,120,0,20,priority,1,0,0,-50.0,Normal
2026-01-04T11:00,SYN-VTP-01,VTP,historic resubmission,1,0,1,8.0,0,0,registration,0,1,120,0,20,standard,0,0,1,0.0,Normal
2026-01-04T11:00,SYN-AMVLP-01,AMVLP,new MSID Pair,1,1,0,8.9,0,0,registration,1,1,120,0,20,priority,1,1,0,0.0,Normal
2026-01-04T11:00,SYN-AMVLP-01,AMVLP,new AMSID Pair,3,3,0,6.0,1,1,registration,3,3,120,0,20,priority,1,0,0,0.0,Normal
2026-01-04T11:00,SYN-AMVLP-01,AMVLP,historic resubmission,0,0,0,5.2,0,0,registration,1,0,120,0,20,standard,0,0,0,-100.0,Normal
2026-01-04T11:00,SYN-VLP-02,VLP,new MSID Pair,2,2,0,5.1,0,0,registration,2,2,120,0,20,priority,1,1,0,0.0,Normal
2026-01-04T11:00,SYN-VLP-02,VLP,new AMSID Pair,1,1,0,8.6,0,0,registration,0,1,120,0,20,priority,1,0,0,0.0,Normal
2026-01-04T11:00,SYN-VLP-02,VLP,historic resubmission,1,1,0,6.7,0,0,registration,1,1,120,0,20,standard,0,0,0,0.0,Normal
2026-01-04T11:00,SYN-VTP-02,VTP,new MSID Pair,1,1,0,5.7,0,0,registration,0,1,120,0,20,priority,1,1,0,0.0,Normal
2026-01-04T11:00,SYN-VTP-02,VTP,new AMSID Pair,2,2,0,6.4,0,0,registration,1,2,120,0,20,priority,1,0,0,100.0,Normal
2026-01-04T11:00,SYN-VTP-02,VTP,historic resubmission,1,1,0,7.0,0,0,registration,1,1,120,0,20,standard,0,0,0,0.0,Normal
2026-01-04T11:00,SYN-SUP-01,Supplier,new MSID Pair,0,0,0,7.0,0,0,registration,1,0,120,0,20,priority,1,1,0,-100.0,Normal
2026-01-04T11:00,SYN-SUP-01,Supplier,new AMSID Pair,1,1,0,7.3,0,0,registration,1,1,120,0,20,priority,1,0,0,0.0,Normal
2026-01-04T11:00,SYN-SUP-01,Supplier,historic resubmission,2,1,1,9.0,0,0,registration,1,2,120,0,20,standard,0,0,1,100.0,Normal
2026-01-04T12:00,SYN-VLP-01,VLP,new MSID Pair,2,2,0,7.3,0,1,registration,4,2,120,0,20,priority,1,1,0,-50.0,Normal
2026-01-04T12:00,SYN-VLP-01,VLP,new AMSID Pair,1,1,0,6.3,0,0,registration,1,1,120,0,20,priority,1,0,0,0.0,Normal
2026-01-04T12:00,SYN-VLP-01,VLP,historic resubmission,0,1,0,7.4,0,0,registration,1,0,120,0,20,standard,0,0,-1,-100.0,Normal
2026-01-04T12:00,SYN-VTP-01,VTP,new MSID Pair,2,2,0,5.6,0,0,registration,1,2,120,0,20,priority,1,1,0,100.0,Normal
2026-01-04T12:00,SYN-VTP-01,VTP,new AMSID Pair,1,1,0,8.2,0,0,registration,2,1,120,0,20,priority,1,0,0,-50.0,Normal
2026-01-04T12:00,SYN-VTP-01,VTP,historic resubmission,1,2,0,7.8,0,0,registration,2,1,120,0,20,standard,0,0,-1,-50.0,Normal
2026-01-04T12:00,SYN-AMVLP-01,AMVLP,new MSID Pair,0,0,0,6.7,0,0,registration,1,0,120,0,20,priority,1,1,0,-100.0,Normal
2026-01-04T12:00,SYN-AMVLP-01,AMVLP,new AMSID Pair,3,3,0,8.1,0,0,registration,4,3,120,0,20,priority,1,0,0,-25.0,Normal
2026-01-04T12:00,SYN-AMVLP-01,AMVLP,historic resubmission,0,0,0,9.0,0,0,registration,0,0,120,0,20,standard,0,0,0,0.0,Normal
2026-01-04T12:00,SYN-VLP-02,VLP,new MSID Pair,1,1,0,7.3,0,0,registration,2,1,120,0,20,priority,1,1,0,-50.0,Normal
2026-01-04T12:00,SYN-VLP-02,VLP,new AMSID Pair,1,1,0,6.7,0,0,registration,1,1,120,0,20,priority,1,0,0,0.0,Normal
2026-01-04T12:00,SYN-VLP-02,VLP,historic resubmission,1,1,0,8.7,0,0,registration,1,1,120,0,20,standard,0,0,0,0.0,Normal
2026-01-04T12:00,SYN-VTP-02,VTP,new MSID Pair,1,1,0,7.2,0,0,registration,2,1,120,0,20,priority,1,1,0,-50.0,Normal
2026-01-04T12:00,SYN-VTP-02,VTP,new AMSID Pair,1,1,0,7.4,0,0,registration,3,1,120,0,20,priority,1,0,0,-66.67,Normal
2026-01-04T12:00,SYN-VTP-02,VTP,historic resubmission,0,0,0,7.0,0,0,registration,2,0,120,0,20,standard,0,0,0,-100.0,Normal
2026-01-04T12:00,SYN-SUP-01,Supplier,new MSID Pair,1,1,0,7.3,0,0,registration,0,1,120,0,20,priority,1,1,0,0.0,Normal
2026-01-04T12:00,SYN-SUP-01,Supplier,new AMSID Pair,0,0,0,5.6,0,0,registration,0,0,120,0,20,priority,1,0,0,0.0,Normal
2026-01-04T12:00,SYN-SUP-01,Supplier,historic resubmission,2,2,1,9.1,0,0,registration,2,2,120,0,20,standard,0,0,0,0.0,Normal
2026-01-04T13:00,SYN-VLP-01,VLP,new MSID Pair,2,2,0,6.3,0,0,registration,4,2,120,0,20,priority,1,1,0,-50.0,Normal
2026-01-04T13:00,SYN-VLP-01,VLP,new AMSID Pair,2,2,0,5.6,0,0,registration,0,2,120,0,20,priority,1,0,0,0.0,Normal
2026-01-04T13:00,SYN-VLP-01,VLP,historic resubmission,1,0,1,5.9,0,0,registration,0,1,120,0,20,standard,0,0,1,0.0,Normal
2026-01-04T13:00,SYN-VTP-01,VTP,new MSID Pair,0,0,0,5.1,0,0,registration,2,0,120,0,20,priority,1,1,0,-100.0,Normal
2026-01-04T13:00,SYN-VTP-01,VTP,new AMSID Pair,3,3,0,6.0,1,2,registration,2,3,120,0,20,priority,1,0,0,50.0,Normal
2026-01-04T13:00,SYN-VTP-01,VTP,historic resubmission,0,0,0,6.3,0,0,registration,1,0,120,0,20,standard,0,0,0,-100.0,Normal
2026-01-04T13:00,SYN-AMVLP-01,AMVLP,new MSID Pair,1,1,0,7.7,0,0,registration,0,1,120,0,20,priority,1,1,0,0.0,Normal
2026-01-04T13:00,SYN-AMVLP-01,AMVLP,new AMSID Pair,5,4,1,7.5,0,0,registration,4,5,120,0,20,priority,1,0,1,25.0,Normal
2026-01-04T13:00,SYN-AMVLP-01,AMVLP,historic resubmission,0,0,0,7.9,0,0,registration,1,0,120,0,20,standard,0,0,0,-100.0,Normal
2026-01-04T13:00,SYN-VLP-02,VLP,new MSID Pair,3,3,0,5.4,0,0,registration,4,3,120,0,20,priority,1,1,0,-25.0,Normal
2026-01-04T13:00,SYN-VLP-02,VLP,new AMSID Pair,0,0,0,7.0,0,0,registration,0,0,120,0,20,priority,1,0,0,0.0,Normal
2026-01-04T13:00,SYN-VLP-02,VLP,historic resubmission,0,0,0,8.4,0,0,registration,1,0,120,0,20,standard,0,0,0,-100.0,Normal
2026-01-04T13:00,SYN-VTP-02,VTP,new MSID Pair,1,1,0,9.0,0,0,registration,1,1,120,0,20,priority,1,1,0,0.0,Normal
2026-01-04T13:00,SYN-VTP-02,VTP,new AMSID Pair,2,2,0,7.0,1,1,registration,2,2,120,0,20,priority,1,0,0,0.0,Normal
2026-01-04T13:00,SYN-VTP-02,VTP,historic resubmission,2,1,1,7.5,0,0,registration,0,2,120,0,20,standard,0,0,1,0.0,Normal
2026-01-04T13:00,SYN-SUP-01,Supplier,new MSID Pair,0,0,0,8.5,0,0,registration,1,0,120,0,20,priority,1,1,0,-100.0,Normal
2026-01-04T13:00,SYN-SUP-01,Supplier,new AMSID Pair,0,0,0,8.6,0,0,registration,0,0,120,0,20,priority,1,0,0,0.0,Normal
2026-01-04T13:00,SYN-SUP-01,Supplier,historic resubmission,1,1,1,7.8,0,0,registration,1,1,120,0,20,standard,0,0,0,0.0,Normal
2026-01-04T14:00,SYN-VLP-01,VLP,new MSID Pair,3,3,0,8.6,0,0,registration,3,3,120,0,20,priority,1,1,0,0.0,Normal
2026-01-04T14:00,SYN-VLP-01,VLP,new AMSID Pair,1,1,0,6.7,0,0,registration,0,1,120,0,20,priority,1,0,0,0.0,Normal
2026-01-04T14:00,SYN-VLP-01,VLP,historic resubmission,1,2,0,8.2,0,0,registration,0,1,120,0,20,standard,0,0,-1,0.0,Normal
2026-01-04T14:00,SYN-VTP-01,VTP,new MSID Pair,0,0,0,7.9,0,0,registration,1,0,120,0,20,priority,1,1,0,-100.0,Normal
2026-01-04T14:00,SYN-VTP-01,VTP,new AMSID Pair,1,1,0,6.8,0,0,registration,1,1,120,0,20,priority,1,0,0,0.0,Normal
2026-01-04T14:00,SYN-VTP-01,VTP,historic resubmission,1,1,0,8.0,0,0,registration,1,1,120,0,20,standard,0,0,0,0.0,Normal
2026-01-04T14:00,SYN-AMVLP-01,AMVLP,new MSID Pair,0,0,0,5.4,0,0,registration,0,0,120,0,20,priority,1,1,0,0.0,Normal
2026-01-04T14:00,SYN-AMVLP-01,AMVLP,new AMSID Pair,2,3,0,5.8,0,0,registration,5,2,120,0,20,priority,1,0,-1,-60.0,Normal
2026-01-04T14:00,SYN-AMVLP-01,AMVLP,historic resubmission,1,1,0,6.5,0,0,registration,0,1,120,0,20,standard,0,0,0,0.0,Normal
2026-01-04T14:00,SYN-VLP-02,VLP,new MSID Pair,2,2,0,8.0,0,0,registration,2,2,120,0,20,priority,1,1,0,0.0,Normal
2026-01-04T14:00,SYN-VLP-02,VLP,new AMSID Pair,0,0,0,7.1,0,0,registration,0,0,120,0,20,priority,1,0,0,0.0,Normal
2026-01-04T14:00,SYN-VLP-02,VLP,historic resubmission,0,0,0,9.2,0,0,registration,1,0,120,0,20,standard,0,0,0,-100.0,Normal
2026-01-04T14:00,SYN-VTP-02,VTP,new MSID Pair,0,0,0,8.4,0,0,registration,1,0,120,0,20,priority,1,1,0,-100.0,Normal
2026-01-04T14:00,SYN-VTP-02,VTP,new AMSID Pair,1,1,0,7.1,0,0,registration,2,1,120,0,20,priority,1,0,0,-50.0,Normal
2026-01-04T14:00,SYN-VTP-02,VTP,historic resubmission,1,2,0,6.9,0,0,registration,1,1,120,0,20,standard,0,0,-1,0.0,Normal
2026-01-04T14:00,SYN-SUP-01,Supplier,new MSID Pair,0,0,0,6.8,0,0,registration,1,0,120,0,20,priority,1,1,0,-100.0,Normal
2026-01-04T14:00,SYN-SUP-01,Supplier,new AMSID Pair,1,1,0,6.7,1,1,registration,0,1,120,0,20,priority,1,0,0,0.0,Normal
2026-01-04T14:00,SYN-SUP-01,Supplier,historic resubmission,1,2,0,8.0,0,0,registration,2,1,120,0,20,standard,0,0,-1,-50.0,Normal
2026-01-04T15:00,SYN-VLP-01,VLP,new MSID Pair,3,3,0,8.5,0,0,registration,3,3,120,0,20,priority,1,1,0,0.0,Normal
2026-01-04T15:00,SYN-VLP-01,VLP,new AMSID Pair,0,0,0,8.4,0,0,registration,1,0,120,0,20,priority,1,0,0,-100.0,Normal
2026-01-04T15:00,SYN-VLP-01,VLP,historic resubmission,0,0,0,8.8,0,0,registration,0,0,120,0,20,standard,0,0,0,0.0,Normal
2026-01-04T15:00,SYN-VTP-01,VTP,new MSID Pair,1,1,0,6.9,1,1,registration,1,1,120,0,20,priority,1,1,0,0.0,Normal
2026-01-04T15:00,SYN-VTP-01,VTP,new AMSID Pair,3,3,0,5.3,0,0,registration,2,3,120,0,20,priority,1,0,0,50.0,Normal
2026-01-04T15:00,SYN-VTP-01,VTP,historic resubmission,1,1,0,8.8,0,0,registration,1,1,120,0,20,standard,0,0,0,0.0,Normal
2026-01-04T15:00,SYN-AMVLP-01,AMVLP,new MSID Pair,1,1,0,5.0,0,0,registration,0,1,120,0,20,priority,1,1,0,0.0,Normal
2026-01-04T15:00,SYN-AMVLP-01,AMVLP,new AMSID Pair,3,3,0,6.9,0,0,registration,4,3,120,0,20,priority,1,0,0,-25.0,Normal
2026-01-04T15:00,SYN-AMVLP-01,AMVLP,historic resubmission,0,0,0,8.7,0,0,registration,0,0,120,0,20,standard,0,0,0,0.0,Normal
2026-01-04T15:00,SYN-VLP-02,VLP,new MSID Pair,2,2,0,5.2,0,0,registration,0,2,120,0,20,priority,1,1,0,0.0,Normal
2026-01-04T15:00,SYN-VLP-02,VLP,new AMSID Pair,1,1,0,6.7,0,0,registration,0,1,120,0,20,priority,1,0,0,0.0,Normal
2026-01-04T15:00,SYN-VLP-02,VLP,historic resubmission,0,0,0,5.2,0,0,registration,0,0,120,0,20,standard,0,0,0,0.0,Normal
2026-01-04T15:00,SYN-VTP-02,VTP,new MSID Pair,0,0,0,6.9,0,0,registration,1,0,120,0,20,priority,1,1,0,-100.0,Normal
2026-01-04T15:00,SYN-VTP-02,VTP,new AMSID Pair,1,1,0,8.1,0,0,registration,2,1,120,0,20,priority,1,0,0,-50.0,Normal
2026-01-04T15:00,SYN-VTP-02,VTP,historic resubmission,0,0,0,7.4,0,0,registration,2,0,120,0,20,standard,0,0,0,-100.0,Normal
2026-01-04T15:00,SYN-SUP-01,Supplier,new MSID Pair,1,1,0,5.4,0,0,registration,0,1,120,0,20,priority,1,1,0,0.0,Normal
2026-01-04T15:00,SYN-SUP-01,Supplier,new AMSID Pair,0,0,0,6.7,0,0,registration,0,0,120,0,20,priority,1,0,0,0.0,Normal
2026-01-04T15:00,SYN-SUP-01,Supplier,historic resubmission,2,2,0,5.4,0,0,registration,1,2,120,0,20,standard,0,0,0,100.0,Normal
2026-01-04T16:00,SYN-VLP-01,VLP,new MSID Pair,3,3,0,5.4,0,0,registration,5,3,120,0,20,priority,1,1,0,-40.0,Normal
2026-01-04T16:00,SYN-VLP-01,VLP,new AMSID Pair,0,0,0,5.8,0,0,registration,1,0,120,0,20,priority,1,0,0,-100.0,Normal
2026-01-04T16:00,SYN-VLP-01,VLP,historic resubmission,2,2,0,8.0,0,1,registration,1,2,120,0,20,standard,0,0,0,100.0,Normal
2026-01-04T16:00,SYN-VTP-01,VTP,new MSID Pair,2,2,0,8.3,0,0,registration,2,2,120,0,20,priority,1,1,0,0.0,Normal
2026-01-04T16:00,SYN-VTP-01,VTP,new AMSID Pair,1,1,0,8.3,0,0,registration,1,1,120,0,20,priority,1,0,0,0.0,Normal
2026-01-04T16:00,SYN-VTP-01,VTP,historic resubmission,0,0,0,5.4,0,0,registration,2,0,120,0,20,standard,0,0,0,-100.0,Normal
2026-01-04T16:00,SYN-AMVLP-01,AMVLP,new MSID Pair,0,0,0,7.6,0,0,registration,1,0,120,0,20,priority,1,1,0,-100.0,Normal
2026-01-04T16:00,SYN-AMVLP-01,AMVLP,new AMSID Pair,3,3,0,7.3,0,0,registration,5,3,120,0,20,priority,1,0,0,-40.0,Normal
2026-01-04T16:00,SYN-AMVLP-01,AMVLP,historic resubmission,0,0,0,5.0,0,0,registration,2,0,120,0,20,standard,0,0,0,-100.0,Normal
2026-01-04T16:00,SYN-VLP-02,VLP,new MSID Pair,2,2,0,6.0,0,0,registration,1,2,120,0,20,priority,1,1,0,100.0,Normal
2026-01-04T16:00,SYN-VLP-02,VLP,new AMSID Pair,1,1,0,8.4,0,0,registration,0,1,120,0,20,priority,1,0,0,0.0,Normal
2026-01-04T16:00,SYN-VLP-02,VLP,historic resubmission,1,1,0,7.7,0,0,registration,0,1,120,0,20,standard,0,0,0,0.0,Normal
2026-01-04T16:00,SYN-VTP-02,VTP,new MSID Pair,0,0,0,7.8,0,0,registration,2,0,120,0,20,priority,1,1,0,-100.0,Normal
2026-01-04T16:00,SYN-VTP-02,VTP,new AMSID Pair,1,1,0,5.7,0,0,registration,1,1,120,0,20,priority,1,0,0,0.0,Normal
2026-01-04T16:00,SYN-VTP-02,VTP,historic resubmission,2,1,1,7.9,0,0,registration,1,2,120,0,20,standard,0,0,1,100.0,Normal
2026-01-04T16:00,SYN-SUP-01,Supplier,new MSID Pair,1,1,0,6.6,0,0,registration,0,1,120,0,20,priority,1,1,0,0.0,Normal
2026-01-04T16:00,SYN-SUP-01,Supplier,new AMSID Pair,0,0,0,5.3,0,0,registration,1,0,120,0,20,priority,1,0,0,-100.0,Normal
2026-01-04T16:00,SYN-SUP-01,Supplier,historic resubmission,2,2,0,5.6,0,0,registration,1,2,120,0,20,standard,0,0,0,100.0,Normal
2026-01-04T17:00,SYN-VLP-01,VLP,new MSID Pair,2,2,0,8.8,0,0,registration,3,2,120,0,20,priority,1,1,0,-33.33,Normal
2026-01-04T17:00,SYN-VLP-01,VLP,new AMSID Pair,0,0,0,8.8,0,0,registration,0,0,120,0,20,priority,1,0,0,0.0,Normal
2026-01-04T17:00,SYN-VLP-01,VLP,historic resubmission,1,1,0,7.1,0,0,registration,0,1,120,0,20,standard,0,0,0,0.0,Normal
2026-01-04T17:00,SYN-VTP-01,VTP,new MSID Pair,1,1,0,6.2,0,1,registration,1,1,120,0,20,priority,1,1,0,0.0,Normal
2026-01-04T17:00,SYN-VTP-01,VTP,new AMSID Pair,2,2,0,6.0,0,1,registration,1,2,120,0,20,priority,1,0,0,100.0,Normal
2026-01-04T17:00,SYN-VTP-01,VTP,historic resubmission,1,1,0,8.1,0,0,registration,1,1,120,0,20,standard,0,0,0,0.0,Normal
2026-01-04T17:00,SYN-AMVLP-01,AMVLP,new MSID Pair,0,0,0,6.8,0,0,registration,0,0,120,0,20,priority,1,1,0,0.0,Normal
2026-01-04T17:00,SYN-AMVLP-01,AMVLP,new AMSID Pair,3,3,0,8.8,0,0,registration,3,3,120,0,20,priority,1,0,0,0.0,Normal
2026-01-04T17:00,SYN-AMVLP-01,AMVLP,historic resubmission,1,1,0,5.8,0,0,registration,0,1,120,0,20,standard,0,0,0,0.0,Normal
2026-01-04T17:00,SYN-VLP-02,VLP,new MSID Pair,1,1,0,7.6,0,0,registration,1,1,120,0,20,priority,1,1,0,0.0,Normal
2026-01-04T17:00,SYN-VLP-02,VLP,new AMSID Pair,0,0,0,5.1,0,0,registration,1,0,120,0,20,priority,1,0,0,-100.0,Normal
2026-01-04T17:00,SYN-VLP-02,VLP,historic resubmission,0,0,0,8.9,0,0,registration,0,0,120,0,20,standard,0,0,0,0.0,Normal
2026-01-04T17:00,SYN-VTP-02,VTP,new MSID Pair,0,0,0,6.1,0,0,registration,0,0,120,0,20,priority,1,1,0,0.0,Normal
2026-01-04T17:00,SYN-VTP-02,VTP,new AMSID Pair,1,1,0,6.6,0,0,registration,1,1,120,0,20,priority,1,0,0,0.0,Normal
2026-01-04T17:00,SYN-VTP-02,VTP,historic resubmission,1,2,0,5.7,0,0,registration,0,1,120,0,20,standard,0,0,-1,0.0,Normal
2026-01-04T17:00,SYN-SUP-01,Supplier,new MSID Pair,0,0,0,7.4,0,0,registration,1,0,120,0,20,priority,1,1,0,-100.0,Normal
2026-01-04T17:00,SYN-SUP-01,Supplier,new AMSID Pair,0,0,0,5.7,0,0,registration,0,0,120,0,20,priority,1,0,0,0.0,Normal
2026-01-04T17:00,SYN-SUP-01,Supplier,historic resubmission,1,1,0,9.0,0,0,registration,1,1,120,0,20,standard,0,0,0,0.0,Normal
2026-01-04T18:00,SYN-VLP-01,VLP,new MSID Pair,1,1,0,8.6,0,0,registration,3,1,120,0,20,priority,1,1,0,-66.67,Normal
2026-01-04T18:00,SYN-VLP-01,VLP,new AMSID Pair,1,1,0,8.1,0,0,registration,1,1,120,0,20,priority,1,0,0,0.0,Normal
2026-01-04T18:00,SYN-VLP-01,VLP,historic resubmission,1,1,0,6.5,0,0,registration,1,1,120,0,20,standard,0,0,0,0.0,Normal
2026-01-04T18:00,SYN-VTP-01,VTP,new MSID Pair,1,1,0,7.3,0,0,registration,0,1,120,0,20,priority,1,1,0,0.0,Normal
2026-01-04T18:00,SYN-VTP-01,VTP,new AMSID Pair,1,1,0,8.3,0,0,registration,2,1,120,0,20,priority,1,0,0,-50.0,Normal
2026-01-04T18:00,SYN-VTP-01,VTP,historic resubmission,0,0,0,5.5,0,0,registration,0,0,120,0,20,standard,0,0,0,0.0,Normal
2026-01-04T18:00,SYN-AMVLP-01,AMVLP,new MSID Pair,1,1,0,5.9,0,0,registration,1,1,120,0,20,priority,1,1,0,0.0,Normal
2026-01-04T18:00,SYN-AMVLP-01,AMVLP,new AMSID Pair,4,4,0,5.5,0,0,registration,2,4,120,0,20,priority,1,0,0,100.0,Normal
2026-01-04T18:00,SYN-AMVLP-01,AMVLP,historic resubmission,1,1,0,7.9,0,0,registration,0,1,120,0,20,standard,0,0,0,0.0,Normal
2026-01-04T18:00,SYN-VLP-02,VLP,new MSID Pair,1,1,0,6.3,0,0,registration,0,1,120,0,20,priority,1,1,0,0.0,Normal
2026-01-04T18:00,SYN-VLP-02,VLP,new AMSID Pair,1,1,0,8.9,0,0,registration,0,1,120,0,20,priority,1,0,0,0.0,Normal
2026-01-04T18:00,SYN-VLP-02,VLP,historic resubmission,0,0,0,6.7,0,0,registration,0,0,120,0,20,standard,0,0,0,0.0,Normal
2026-01-04T18:00,SYN-VTP-02,VTP,new MSID Pair,1,1,0,7.5,0,0,registration,2,1,120,0,20,priority,1,1,0,-50.0,Normal
2026-01-04T18:00,SYN-VTP-02,VTP,new AMSID Pair,0,0,0,8.7,0,0,registration,1,0,120,0,20,priority,1,0,0,-100.0,Normal
2026-01-04T18:00,SYN-VTP-02,VTP,historic resubmission,0,0,0,5.7,0,0,registration,0,0,120,0,20,standard,0,0,0,0.0,Normal
2026-01-04T18:00,SYN-SUP-01,Supplier,new MSID Pair,1,1,0,8.7,0,0,registration,0,1,120,0,20,priority,1,1,0,0.0,Normal
2026-01-04T18:00,SYN-SUP-01,Supplier,new AMSID Pair,1,1,0,8.9,0,0,registration,0,1,120,0,20,priority,1,0,0,0.0,Normal
2026-01-04T18:00,SYN-SUP-01,Supplier,historic resubmission,2,2,0,6.7,0,0,registration,1,2,120,0,20,standard,0,0,0,100.0,Normal
2026-01-04T19:00,SYN-VLP-01,VLP,new MSID Pair,2,2,0,6.5,0,0,registration,2,2,120,0,20,priority,1,1,0,0.0,Normal
2026-01-04T19:00,SYN-VLP-01,VLP,new AMSID Pair,0,0,0,7.2,0,0,registration,1,0,120,0,20,priority,1,0,0,-100.0,Normal
2026-01-04T19:00,SYN-VLP-01,VLP,historic resubmission,1,1,0,5.8,0,0,registration,0,1,120,0,20,standard,0,0,0,0.0,Normal
2026-01-04T19:00,SYN-VTP-01,VTP,new MSID Pair,1,1,0,7.2,0,0,registration,2,1,120,0,20,priority,1,1,0,-50.0,Normal
2026-01-04T19:00,SYN-VTP-01,VTP,new AMSID Pair,1,1,0,7.0,0,0,registration,2,1,120,0,20,priority,1,0,0,-50.0,Normal
2026-01-04T19:00,SYN-VTP-01,VTP,historic resubmission,0,0,0,7.3,0,0,registration,0,0,120,0,20,standard,0,0,0,0.0,Normal
2026-01-04T19:00,SYN-AMVLP-01,AMVLP,new MSID Pair,0,0,0,8.2,0,0,registration,0,0,120,0,20,priority,1,1,0,0.0,Normal
2026-01-04T19:00,SYN-AMVLP-01,AMVLP,new AMSID Pair,2,2,0,7.8,0,0,registration,2,2,120,0,20,priority,1,0,0,0.0,Normal
2026-01-04T19:00,SYN-AMVLP-01,AMVLP,historic resubmission,1,1,0,8.4,0,1,registration,0,1,120,0,20,standard,0,0,0,0.0,Normal
2026-01-04T19:00,SYN-VLP-02,VLP,new MSID Pair,0,0,0,8.5,0,0,registration,1,0,120,0,20,priority,1,1,0,-100.0,Normal
2026-01-04T19:00,SYN-VLP-02,VLP,new AMSID Pair,0,0,0,7.3,0,0,registration,0,0,120,0,20,priority,1,0,0,0.0,Normal
2026-01-04T19:00,SYN-VLP-02,VLP,historic resubmission,0,0,0,5.1,0,0,registration,0,0,120,0,20,standard,0,0,0,0.0,Normal
2026-01-04T19:00,SYN-VTP-02,VTP,new MSID Pair,2,2,0,5.3,0,0,registration,1,2,120,0,20,priority,1,1,0,100.0,Normal
2026-01-04T19:00,SYN-VTP-02,VTP,new AMSID Pair,1,1,0,7.8,0,0,registration,0,1,120,0,20,priority,1,0,0,0.0,Normal
2026-01-04T19:00,SYN-VTP-02,VTP,historic resubmission,0,0,0,7.2,0,0,registration,1,0,120,0,20,standard,0,0,0,-100.0,Normal
2026-01-04T19:00,SYN-SUP-01,Supplier,new MSID Pair,0,0,0,5.8,0,0,registration,0,0,120,0,20,priority,1,1,0,0.0,Normal
2026-01-04T19:00,SYN-SUP-01,Supplier,new AMSID Pair,0,0,0,7.5,0,0,registration,1,0,120,0,20,priority,1,0,0,-100.0,Normal
2026-01-04T19:00,SYN-SUP-01,Supplier,historic resubmission,0,0,0,8.6,0,0,registration,2,0,120,0,20,standard,0,0,0,-100.0,Normal
2026-01-04T20:00,SYN-VLP-01,VLP,new MSID Pair,2,2,0,6.2,0,0,registration,3,2,120,0,20,priority,1,1,0,-33.33,Normal
2026-01-04T20:00,SYN-VLP-01,VLP,new AMSID Pair,0,0,0,6.5,0,0,registration,1,0,120,0,20,priority,1,0,0,-100.0,Normal
2026-01-04T20:00,SYN-VLP-01,VLP,historic resubmission,1,1,0,6.9,0,0,registration,0,1,120,0,20,standard,0,0,0,0.0,Normal
2026-01-04T20:00,SYN-VTP-01,VTP,new MSID Pair,1,1,0,5.1,0,0,registration,1,1,120,0,20,priority,1,1,0,0.0,Normal
2026-01-04T20:00,SYN-VTP-01,VTP,new AMSID Pair,1,1,0,7.2,0,0,registration,1,1,120,0,20,priority,1,0,0,0.0,Normal
2026-01-04T20:00,SYN-VTP-01,VTP,historic resubmission,0,0,0,5.7,0,0,registration,0,0,120,0,20,standard,0,0,0,0.0,Normal
2026-01-04T20:00,SYN-AMVLP-01,AMVLP,new MSID Pair,0,0,0,8.0,0,0,registration,0,0,120,0,20,priority,1,1,0,0.0,Normal
2026-01-04T20:00,SYN-AMVLP-01,AMVLP,new AMSID Pair,2,2,0,7.6,0,0,registration,2,2,120,0,20,priority,1,0,0,0.0,Normal
2026-01-04T20:00,SYN-AMVLP-01,AMVLP,historic resubmission,1,1,0,7.3,0,0,registration,0,1,120,0,20,standard,0,0,0,0.0,Normal
2026-01-04T20:00,SYN-VLP-02,VLP,new MSID Pair,2,2,0,5.9,0,0,registration,0,2,120,0,20,priority,1,1,0,0.0,Normal
2026-01-04T20:00,SYN-VLP-02,VLP,new AMSID Pair,0,0,0,6.3,0,0,registration,0,0,120,0,20,priority,1,0,0,0.0,Normal
2026-01-04T20:00,SYN-VLP-02,VLP,historic resubmission,1,1,0,8.3,0,0,registration,0,1,120,0,20,standard,0,0,0,0.0,Normal
2026-01-04T20:00,SYN-VTP-02,VTP,new MSID Pair,0,0,0,6.7,0,0,registration,1,0,120,0,20,priority,1,1,0,-100.0,Normal
2026-01-04T20:00,SYN-VTP-02,VTP,new AMSID Pair,1,1,0,5.0,0,0,registration,1,1,120,0,20,priority,1,0,0,0.0,Normal
2026-01-04T20:00,SYN-VTP-02,VTP,historic resubmission,1,1,0,6.9,0,0,registration,1,1,120,0,20,standard,0,0,0,0.0,Normal
2026-01-04T20:00,SYN-SUP-01,Supplier,new MSID Pair,0,0,0,6.6,0,0,registration,1,0,120,0,20,priority,1,1,0,-100.0,Normal
2026-01-04T20:00,SYN-SUP-01,Supplier,new AMSID Pair,0,0,0,6.7,0,0,registration,0,0,120,0,20,priority,1,0,0,0.0,Normal
2026-01-04T20:00,SYN-SUP-01,Supplier,historic resubmission,3,3,0,6.1,0,0,registration,1,3,120,0,20,standard,0,0,0,200.0,Normal
2026-01-04T21:00,SYN-VLP-01,VLP,new MSID Pair,1,1,0,7.9,0,0,registration,3,1,120,0,20,priority,1,1,0,-66.67,Normal
2026-01-04T21:00,SYN-VLP-01,VLP,new AMSID Pair,0,0,0,5.5,0,0,registration,0,0,120,0,20,priority,1,0,0,0.0,Normal
2026-01-04T21:00,SYN-VLP-01,VLP,historic resubmission,0,0,0,8.5,0,0,registration,1,0,120,0,20,standard,0,0,0,-100.0,Normal
2026-01-04T21:00,SYN-VTP-01,VTP,new MSID Pair,0,0,0,5.5,0,0,registration,1,0,120,0,20,priority,1,1,0,-100.0,Normal
2026-01-04T21:00,SYN-VTP-01,VTP,new AMSID Pair,1,1,0,5.8,0,0,registration,1,1,120,0,20,priority,1,0,0,0.0,Normal
2026-01-04T21:00,SYN-VTP-01,VTP,historic resubmission,1,1,0,8.8,0,0,registration,1,1,120,0,20,standard,0,0,0,0.0,Normal
2026-01-04T21:00,SYN-AMVLP-01,AMVLP,new MSID Pair,1,1,0,7.1,0,0,registration,0,1,120,0,20,priority,1,1,0,0.0,Normal
2026-01-04T21:00,SYN-AMVLP-01,AMVLP,new AMSID Pair,0,0,0,6.0,0,0,registration,2,0,120,0,20,priority,1,0,0,-100.0,Normal
2026-01-04T21:00,SYN-AMVLP-01,AMVLP,historic resubmission,0,0,0,8.4,0,0,registration,0,0,120,0,20,standard,0,0,0,0.0,Normal
2026-01-04T21:00,SYN-VLP-02,VLP,new MSID Pair,2,2,0,8.7,0,1,registration,2,2,120,0,20,priority,1,1,0,0.0,Normal
2026-01-04T21:00,SYN-VLP-02,VLP,new AMSID Pair,0,0,0,8.2,0,0,registration,2,0,120,0,20,priority,1,0,0,-100.0,Normal
2026-01-04T21:00,SYN-VLP-02,VLP,historic resubmission,0,0,0,6.3,0,0,registration,1,0,120,0,20,standard,0,0,0,-100.0,Normal
2026-01-04T21:00,SYN-VTP-02,VTP,new MSID Pair,1,1,0,8.0,0,0,registration,1,1,120,0,20,priority,1,1,0,0.0,Normal
2026-01-04T21:00,SYN-VTP-02,VTP,new AMSID Pair,2,2,0,8.9,0,0,registration,2,2,120,0,20,priority,1,0,0,0.0,Normal
2026-01-04T21:00,SYN-VTP-02,VTP,historic resubmission,0,0,0,8.4,0,0,registration,1,0,120,0,20,standard,0,0,0,-100.0,Normal
2026-01-04T21:00,SYN-SUP-01,Supplier,new MSID Pair,1,1,0,5.9,0,0,registration,0,1,120,0,20,priority,1,1,0,0.0,Normal
2026-01-04T21:00,SYN-SUP-01,Supplier,new AMSID Pair,1,1,0,7.5,0,0,registration,1,1,120,0,20,priority,1,0,0,0.0,Normal
2026-01-04T21:00,SYN-SUP-01,Supplier,historic resubmission,1,1,0,5.7,0,0,registration,1,1,120,0,20,standard,0,0,0,0.0,Normal
2026-01-04T22:00,SYN-VLP-01,VLP,new MSID Pair,3,3,0,7.9,0,0,registration,2,3,120,0,20,priority,1,1,0,50.0,Normal
2026-01-04T22:00,SYN-VLP-01,VLP,new AMSID Pair,0,0,0,8.5,0,0,registration,0,0,120,0,20,priority,1,0,0,0.0,Normal
2026-01-04T22:00,SYN-VLP-01,VLP,historic resubmission,0,0,0,7.1,0,0,registration,0,0,120,0,20,standard,0,0,0,0.0,Normal
2026-01-04T22:00,SYN-VTP-01,VTP,new MSID Pair,1,1,0,7.5,0,0,registration,1,1,120,0,20,priority,1,1,0,0.0,Normal
2026-01-04T22:00,SYN-VTP-01,VTP,new AMSID Pair,1,1,0,8.8,0,0,registration,1,1,120,0,20,priority,1,0,0,0.0,Normal
2026-01-04T22:00,SYN-VTP-01,VTP,historic resubmission,0,0,0,8.5,0,0,registration,0,0,120,0,20,standard,0,0,0,0.0,Normal
2026-01-04T22:00,SYN-AMVLP-01,AMVLP,new MSID Pair,0,0,0,5.3,0,0,registration,1,0,120,0,20,priority,1,1,0,-100.0,Normal
2026-01-04T22:00,SYN-AMVLP-01,AMVLP,new AMSID Pair,2,2,0,8.6,0,0,registration,2,2,120,0,20,priority,1,0,0,0.0,Normal
2026-01-04T22:00,SYN-AMVLP-01,AMVLP,historic resubmission,1,1,0,8.1,0,0,registration,0,1,120,0,20,standard,0,0,0,0.0,Normal
2026-01-04T22:00,SYN-VLP-02,VLP,new MSID Pair,1,1,0,6.6,0,0,registration,1,1,120,0,20,priority,1,1,0,0.0,Normal
2026-01-04T22:00,SYN-VLP-02,VLP,new AMSID Pair,0,0,0,5.9,0,0,registration,0,0,120,0,20,priority,1,0,0,0.0,Normal
2026-01-04T22:00,SYN-VLP-02,VLP,historic resubmission,1,1,0,7.3,0,0,registration,1,1,120,0,20,standard,0,0,0,0.0,Normal
2026-01-04T22:00,SYN-VTP-02,VTP,new MSID Pair,0,0,0,5.7,0,0,registration,0,0,120,0,20,priority,1,1,0,0.0,Normal
2026-01-04T22:00,SYN-VTP-02,VTP,new AMSID Pair,0,0,0,8.4,0,0,registration,0,0,120,0,20,priority,1,0,0,0.0,Normal
2026-01-04T22:00,SYN-VTP-02,VTP,historic resubmission,0,0,0,7.7,0,0,registration,1,0,120,0,20,standard,0,0,0,-100.0,Normal
2026-01-04T22:00,SYN-SUP-01,Supplier,new MSID Pair,1,1,0,6.8,0,0,registration,1,1,120,0,20,priority,1,1,0,0.0,Normal
2026-01-04T22:00,SYN-SUP-01,Supplier,new AMSID Pair,0,0,0,5.5,0,0,registration,0,0,120,0,20,priority,1,0,0,0.0,Normal
2026-01-04T22:00,SYN-SUP-01,Supplier,historic resubmission,1,1,0,7.1,0,0,registration,1,1,120,0,20,standard,0,0,0,0.0,Normal
2026-01-04T23:00,SYN-VLP-01,VLP,new MSID Pair,1,1,0,5.6,0,0,registration,1,1,120,0,20,priority,1,1,0,0.0,Normal
2026-01-04T23:00,SYN-VLP-01,VLP,new AMSID Pair,0,0,0,6.1,0,0,registration,0,0,120,0,20,priority,1,0,0,0.0,Normal
2026-01-04T23:00,SYN-VLP-01,VLP,historic resubmission,0,0,0,7.9,0,0,registration,0,0,120,0,20,standard,0,0,0,0.0,Normal
2026-01-04T23:00,SYN-VTP-01,VTP,new MSID Pair,1,1,0,9.0,0,0,registration,0,1,120,0,20,priority,1,1,0,0.0,Normal
2026-01-04T23:00,SYN-VTP-01,VTP,new AMSID Pair,2,2,0,7.6,0,0,registration,0,2,120,0,20,priority,1,0,0,0.0,Normal
2026-01-04T23:00,SYN-VTP-01,VTP,historic resubmission,0,0,0,6.5,0,0,registration,1,0,120,0,20,standard,0,0,0,-100.0,Normal
2026-01-04T23:00,SYN-AMVLP-01,AMVLP,new MSID Pair,0,0,0,5.1,0,0,registration,0,0,120,0,20,priority,1,1,0,0.0,Normal
2026-01-04T23:00,SYN-AMVLP-01,AMVLP,new AMSID Pair,1,1,0,5.4,0,0,registration,3,1,120,0,20,priority,1,0,0,-66.67,Normal
2026-01-04T23:00,SYN-AMVLP-01,AMVLP,historic resubmission,0,0,0,8.9,0,0,registration,0,0,120,0,20,standard,0,0,0,0.0,Normal
2026-01-04T23:00,SYN-VLP-02,VLP,new MSID Pair,2,2,0,7.0,1,1,registration,1,2,120,0,20,priority,1,1,0,100.0,Normal
2026-01-04T23:00,SYN-VLP-02,VLP,new AMSID Pair,0,0,0,5.8,0,0,registration,0,0,120,0,20,priority,1,0,0,0.0,Normal
2026-01-04T23:00,SYN-VLP-02,VLP,historic resubmission,0,0,0,8.2,0,0,registration,0,0,120,0,20,standard,0,0,0,0.0,Normal
2026-01-04T23:00,SYN-VTP-02,VTP,new MSID Pair,1,1,0,8.5,0,0,registration,0,1,120,0,20,priority,1,1,0,0.0,Normal
2026-01-04T23:00,SYN-VTP-02,VTP,new AMSID Pair,1,1,0,7.5,1,1,registration,1,1,120,0,20,priority,1,0,0,0.0,Normal
2026-01-04T23:00,SYN-VTP-02,VTP,historic resubmission,0,0,0,5.3,0,0,registration,1,0,120,0,20,standard,0,0,0,-100.0,Normal
2026-01-04T23:00,SYN-SUP-01,Supplier,new MSID Pair,0,0,0,7.9,0,0,registration,0,0,120,0,20,priority,1,1,0,0.0,Normal
2026-01-04T23:00,SYN-SUP-01,Supplier,new AMSID Pair,0,0,0,5.8,0,0,registration,1,0,120,0,20,priority,1,0,0,-100.0,Normal
2026-01-04T23:00,SYN-SUP-01,Supplier,historic resubmission,0,0,0,8.5,0,0,registration,1,0,120,0,20,standard,0,0,0,-100.0,Normal
2026-01-05T00:00,SYN-VLP-01,VLP,new MSID Pair,1,1,0,6.2,0,0,registration,2,1,120,0,20,priority,1,1,0,-50.0,Normal
2026-01-05T00:00,SYN-VLP-01,VLP,new AMSID Pair,1,1,0,8.6,0,0,registration,0,1,120,0,20,priority,1,0,0,0.0,Normal
2026-01-05T00:00,SYN-VLP-01,VLP,historic resubmission,1,1,0,8.4,0,0,registration,0,1,120,0,20,standard,0,0,0,0.0,Normal
2026-01-05T00:00,SYN-VTP-01,VTP,new MSID Pair,0,0,0,6.9,0,0,registration,0,0,120,0,20,priority,1,1,0,0.0,Normal
2026-01-05T00:00,SYN-VTP-01,VTP,new AMSID Pair,0,0,0,6.8,0,0,registration,0,0,120,0,20,priority,1,0,0,0.0,Normal
2026-01-05T00:00,SYN-VTP-01,VTP,historic resubmission,0,0,0,8.7,0,0,registration,0,0,120,0,20,standard,0,0,0,0.0,Normal
2026-01-05T00:00,SYN-AMVLP-01,AMVLP,new MSID Pair,0,0,0,6.4,0,0,registration,0,0,120,0,20,priority,1,1,0,0.0,Normal
2026-01-05T00:00,SYN-AMVLP-01,AMVLP,new AMSID Pair,1,1,0,5.6,0,0,registration,1,1,120,0,20,priority,1,0,0,0.0,Normal
2026-01-05T00:00,SYN-AMVLP-01,AMVLP,historic resubmission,1,1,0,8.5,0,0,registration,0,1,120,0,20,standard,0,0,0,0.0,Normal
2026-01-05T00:00,SYN-VLP-02,VLP,new MSID Pair,1,1,0,7.8,0,0,registration,1,1,120,0,20,priority,1,1,0,0.0,Normal
2026-01-05T00:00,SYN-VLP-02,VLP,new AMSID Pair,0,0,0,5.4,0,0,registration,0,0,120,0,20,priority,1,0,0,0.0,Normal
2026-01-05T00:00,SYN-VLP-02,VLP,historic resubmission,0,0,0,7.2,0,0,registration,0,0,120,0,20,standard,0,0,0,0.0,Normal
2026-01-05T00:00,SYN-VTP-02,VTP,new MSID Pair,0,0,0,8.3,0,0,registration,0,0,120,0,20,priority,1,1,0,0.0,Normal
2026-01-05T00:00,SYN-VTP-02,VTP,new AMSID Pair,2,2,0,8.1,0,0,registration,1,2,120,0,20,priority,1,0,0,100.0,Normal
2026-01-05T00:00,SYN-VTP-02,VTP,historic resubmission,0,0,0,5.2,0,0,registration,0,0,120,0,20,standard,0,0,0,0.0,Normal
2026-01-05T00:00,SYN-SUP-01,Supplier,new MSID Pair,0,0,0,5.3,0,0,registration,0,0,120,0,20,priority,1,1,0,0.0,Normal
2026-01-05T00:00,SYN-SUP-01,Supplier,new AMSID Pair,0,0,0,8.4,0,0,registration,0,0,120,0,20,priority,1,0,0,0.0,Normal
2026-01-05T00:00,SYN-SUP-01,Supplier,historic resubmission,1,1,0,8.0,0,1,registration,1,1,120,0,20,standard,0,0,0,0.0,Normal
2026-01-05T01:00,SYN-VLP-01,VLP,new MSID Pair,1,1,0,5.8,0,0,registration,1,1,120,0,20,priority,1,1,0,0.0,Normal
2026-01-05T01:00,SYN-VLP-01,VLP,new AMSID Pair,1,1,0,5.8,0,0,registration,0,1,120,0,20,priority,1,0,0,0.0,Normal
2026-01-05T01:00,SYN-VLP-01,VLP,historic resubmission,0,0,0,6.3,0,0,registration,0,0,120,0,20,standard,0,0,0,0.0,Normal
2026-01-05T01:00,SYN-VTP-01,VTP,new MSID Pair,1,1,0,5.2,0,0,registration,1,1,120,0,20,priority,1,1,0,0.0,Normal
2026-01-05T01:00,SYN-VTP-01,VTP,new AMSID Pair,0,0,0,8.9,0,0,registration,0,0,120,0,20,priority,1,0,0,0.0,Normal
2026-01-05T01:00,SYN-VTP-01,VTP,historic resubmission,0,0,0,5.9,0,0,registration,0,0,120,0,20,standard,0,0,0,0.0,Normal
2026-01-05T01:00,SYN-AMVLP-01,AMVLP,new MSID Pair,1,1,0,7.2,0,0,registration,0,1,120,0,20,priority,1,1,0,0.0,Normal
2026-01-05T01:00,SYN-AMVLP-01,AMVLP,new AMSID Pair,1,1,0,5.0,0,0,registration,1,1,120,0,20,priority,1,0,0,0.0,Normal
2026-01-05T01:00,SYN-AMVLP-01,AMVLP,historic resubmission,1,1,0,5.3,0,0,registration,0,1,120,0,20,standard,0,0,0,0.0,Normal
2026-01-05T01:00,SYN-VLP-02,VLP,new MSID Pair,1,1,0,7.3,0,0,registration,1,1,120,0,20,priority,1,1,0,0.0,Normal
2026-01-05T01:00,SYN-VLP-02,VLP,new AMSID Pair,1,1,0,8.7,0,0,registration,0,1,120,0,20,priority,1,0,0,0.0,Normal
2026-01-05T01:00,SYN-VLP-02,VLP,historic resubmission,0,0,0,5.8,0,0,registration,0,0,120,0,20,standard,0,0,0,0.0,Normal
2026-01-05T01:00,SYN-VTP-02,VTP,new MSID Pair,0,0,0,6.9,0,0,registration,0,0,120,0,20,priority,1,1,0,0.0,Normal
2026-01-05T01:00,SYN-VTP-02,VTP,new AMSID Pair,0,0,0,5.2,0,0,registration,1,0,120,0,20,priority,1,0,0,-100.0,Normal
2026-01-05T01:00,SYN-VTP-02,VTP,historic resubmission,2,2,0,6.3,0,0,registration,1,2,120,0,20,standard,0,0,0,100.0,Normal
2026-01-05T01:00,SYN-SUP-01,Supplier,new MSID Pair,0,0,0,6.5,0,0,registration,0,0,120,0,20,priority,1,1,0,0.0,Normal
2026-01-05T01:00,SYN-SUP-01,Supplier,new AMSID Pair,0,0,0,5.6,0,0,registration,0,0,120,0,20,priority,1,0,0,0.0,Normal
2026-01-05T01:00,SYN-SUP-01,Supplier,historic resubmission,2,2,0,6.5,0,0,registration,0,2,120,0,20,standard,0,0,0,0.0,Normal
2026-01-05T02:00,SYN-VLP-01,VLP,new MSID Pair,1,1,0,7.1,0,0,registration,2,1,120,0,20,priority,1,1,0,-50.0,Normal
2026-01-05T02:00,SYN-VLP-01,VLP,new AMSID Pair,1,1,0,6.4,0,0,registration,0,1,120,0,20,priority,1,0,0,0.0,Normal
2026-01-05T02:00,SYN-VLP-01,VLP,historic resubmission,1,1,0,7.5,0,0,registration,1,1,120,0,20,standard,0,0,0,0.0,Normal
2026-01-05T02:00,SYN-VTP-01,VTP,new MSID Pair,0,0,0,5.0,0,0,registration,1,0,120,0,20,priority,1,1,0,-100.0,Normal
2026-01-05T02:00,SYN-VTP-01,VTP,new AMSID Pair,2,2,0,7.7,0,0,registration,2,2,120,0,20,priority,1,0,0,0.0,Normal
2026-01-05T02:00,SYN-VTP-01,VTP,historic resubmission,0,0,0,6.8,0,0,registration,1,0,120,0,20,standard,0,0,0,-100.0,Normal
2026-01-05T02:00,SYN-AMVLP-01,AMVLP,new MSID Pair,0,0,0,5.2,0,0,registration,0,0,120,0,20,priority,1,1,0,0.0,Normal
2026-01-05T02:00,SYN-AMVLP-01,AMVLP,new AMSID Pair,1,1,0,7.7,0,0,registration,1,1,120,0,20,priority,1,0,0,0.0,Normal
2026-01-05T02:00,SYN-AMVLP-01,AMVLP,historic resubmission,1,1,0,7.4,0,0,registration,0,1,120,0,20,standard,0,0,0,0.0,Normal
2026-01-05T02:00,SYN-VLP-02,VLP,new MSID Pair,0,0,0,7.7,0,0,registration,1,0,120,0,20,priority,1,1,0,-100.0,Normal
2026-01-05T02:00,SYN-VLP-02,VLP,new AMSID Pair,0,0,0,5.9,0,0,registration,1,0,120,0,20,priority,1,0,0,-100.0,Normal
2026-01-05T02:00,SYN-VLP-02,VLP,historic resubmission,0,0,0,6.0,0,0,registration,0,0,120,0,20,standard,0,0,0,0.0,Normal
2026-01-05T02:00,SYN-VTP-02,VTP,new MSID Pair,1,1,0,5.9,0,0,registration,0,1,120,0,20,priority,1,1,0,0.0,Normal
2026-01-05T02:00,SYN-VTP-02,VTP,new AMSID Pair,1,1,0,5.1,0,0,registration,1,1,120,0,20,priority,1,0,0,0.0,Normal
2026-01-05T02:00,SYN-VTP-02,VTP,historic resubmission,0,0,0,6.5,0,0,registration,1,0,120,0,20,standard,0,0,0,-100.0,Normal
2026-01-05T02:00,SYN-SUP-01,Supplier,new MSID Pair,0,0,0,6.9,0,0,registration,0,0,120,0,20,priority,1,1,0,0.0,Normal
2026-01-05T02:00,SYN-SUP-01,Supplier,new AMSID Pair,0,0,0,7.4,0,0,registration,0,0,120,0,20,priority,1,0,0,0.0,Normal
2026-01-05T02:00,SYN-SUP-01,Supplier,historic resubmission,1,1,0,8.0,0,0,registration,0,1,120,0,20,standard,0,0,0,0.0,Normal
2026-01-05T03:00,SYN-VLP-01,VLP,new MSID Pair,1,1,0,7.4,0,0,registration,1,1,120,0,20,priority,1,1,0,0.0,Normal
2026-01-05T03:00,SYN-VLP-01,VLP,new AMSID Pair,0,0,0,8.8,0,0,registration,0,0,120,0,20,priority,1,0,0,0.0,Normal
2026-01-05T03:00,SYN-VLP-01,VLP,historic resubmission,0,0,0,6.2,0,0,registration,0,0,120,0,20,standard,0,0,0,0.0,Normal
2026-01-05T03:00,SYN-VTP-01,VTP,new MSID Pair,0,0,0,5.6,0,0,registration,1,0,120,0,20,priority,1,1,0,-100.0,Normal
2026-01-05T03:00,SYN-VTP-01,VTP,new AMSID Pair,1,1,0,5.8,0,0,registration,1,1,120,0,20,priority,1,0,0,0.0,Normal
2026-01-05T03:00,SYN-VTP-01,VTP,historic resubmission,0,0,0,5.8,0,0,registration,1,0,120,0,20,standard,0,0,0,-100.0,Normal
2026-01-05T03:00,SYN-AMVLP-01,AMVLP,new MSID Pair,0,0,0,7.2,0,0,registration,0,0,120,0,20,priority,1,1,0,0.0,Normal
2026-01-05T03:00,SYN-AMVLP-01,AMVLP,new AMSID Pair,1,1,0,8.3,0,0,registration,2,1,120,0,20,priority,1,0,0,-50.0,Normal
2026-01-05T03:00,SYN-AMVLP-01,AMVLP,historic resubmission,0,0,0,7.3,0,0,registration,0,0,120,0,20,standard,0,0,0,0.0,Normal
2026-01-05T03:00,SYN-VLP-02,VLP,new MSID Pair,1,1,0,5.1,0,0,registration,1,1,120,0,20,priority,1,1,0,0.0,Normal
2026-01-05T03:00,SYN-VLP-02,VLP,new AMSID Pair,0,0,0,6.4,0,0,registration,1,0,120,0,20,priority,1,0,0,-100.0,Normal
2026-01-05T03:00,SYN-VLP-02,VLP,historic resubmission,1,1,0,8.8,0,0,registration,0,1,120,0,20,standard,0,0,0,0.0,Normal
2026-01-05T03:00,SYN-VTP-02,VTP,new MSID Pair,0,0,0,7.2,0,0,registration,1,0,120,0,20,priority,1,1,0,-100.0,Normal
2026-01-05T03:00,SYN-VTP-02,VTP,new AMSID Pair,1,1,0,6.2,0,0,registration,1,1,120,0,20,priority,1,0,0,0.0,Normal
2026-01-05T03:00,SYN-VTP-02,VTP,historic resubmission,0,0,0,7.5,0,0,registration,0,0,120,0,20,standard,0,0,0,0.0,Normal
2026-01-05T03:00,SYN-SUP-01,Supplier,new MSID Pair,0,0,0,7.4,0,0,registration,0,0,120,0,20,priority,1,1,0,0.0,Normal
2026-01-05T03:00,SYN-SUP-01,Supplier,new AMSID Pair,0,0,0,6.2,0,0,registration,0,0,120,0,20,priority,1,0,0,0.0,Normal
2026-01-05T03:00,SYN-SUP-01,Supplier,historic resubmission,1,1,0,6.6,0,0,registration,0,1,120,0,20,standard,0,0,0,0.0,Normal
2026-01-05T04:00,SYN-VLP-01,VLP,new MSID Pair,3,3,0,7.1,0,0,registration,2,3,120,0,20,priority,1,1,0,50.0,Normal
2026-01-05T04:00,SYN-VLP-01,VLP,new AMSID Pair,1,1,0,6.8,0,0,registration,1,1,120,0,20,priority,1,0,0,0.0,Normal
2026-01-05T04:00,SYN-VLP-01,VLP,historic resubmission,0,0,0,8.1,0,0,registration,0,0,120,0,20,standard,0,0,0,0.0,Normal
2026-01-05T04:00,SYN-VTP-01,VTP,new MSID Pair,0,0,0,6.6,0,0,registration,1,0,120,0,20,priority,1,1,0,-100.0,Normal
2026-01-05T04:00,SYN-VTP-01,VTP,new AMSID Pair,1,1,0,6.6,0,0,registration,1,1,120,0,20,priority,1,0,0,0.0,Normal
2026-01-05T04:00,SYN-VTP-01,VTP,historic resubmission,1,1,0,9.0,0,0,registration,1,1,120,0,20,standard,0,0,0,0.0,Normal
2026-01-05T04:00,SYN-AMVLP-01,AMVLP,new MSID Pair,0,0,0,8.9,0,0,registration,1,0,120,0,20,priority,1,1,0,-100.0,Normal
2026-01-05T04:00,SYN-AMVLP-01,AMVLP,new AMSID Pair,0,0,0,8.9,0,0,registration,2,0,120,0,20,priority,1,0,0,-100.0,Normal
2026-01-05T04:00,SYN-AMVLP-01,AMVLP,historic resubmission,0,0,0,7.0,0,0,registration,0,0,120,0,20,standard,0,0,0,0.0,Normal
2026-01-05T04:00,SYN-VLP-02,VLP,new MSID Pair,2,2,0,6.1,0,0,registration,0,2,120,0,20,priority,1,1,0,0.0,Normal
2026-01-05T04:00,SYN-VLP-02,VLP,new AMSID Pair,0,0,0,5.8,0,0,registration,0,0,120,0,20,priority,1,0,0,0.0,Normal
2026-01-05T04:00,SYN-VLP-02,VLP,historic resubmission,0,0,0,6.6,0,0,registration,0,0,120,0,20,standard,0,0,0,0.0,Normal
2026-01-05T04:00,SYN-VTP-02,VTP,new MSID Pair,0,0,0,6.4,0,0,registration,0,0,120,0,20,priority,1,1,0,0.0,Normal
2026-01-05T04:00,SYN-VTP-02,VTP,new AMSID Pair,0,0,0,5.1,0,0,registration,1,0,120,0,20,priority,1,0,0,-100.0,Normal
2026-01-05T04:00,SYN-VTP-02,VTP,historic resubmission,2,2,0,5.7,0,0,registration,0,2,120,0,20,standard,0,0,0,0.0,Normal
2026-01-05T04:00,SYN-SUP-01,Supplier,new MSID Pair,0,0,0,5.4,0,0,registration,1,0,120,0,20,priority,1,1,0,-100.0,Normal
2026-01-05T04:00,SYN-SUP-01,Supplier,new AMSID Pair,0,0,0,9.0,0,0,registration,1,0,120,0,20,priority,1,0,0,-100.0,Normal
2026-01-05T04:00,SYN-SUP-01,Supplier,historic resubmission,1,1,0,6.0,0,0,registration,0,1,120,0,20,standard,0,0,0,0.0,Normal
2026-01-05T05:00,SYN-VLP-01,VLP,new MSID Pair,1,1,0,9.0,0,0,registration,0,1,120,0,20,priority,1,1,0,0.0,Normal
2026-01-05T05:00,SYN-VLP-01,VLP,new AMSID Pair,0,0,0,5.1,0,0,registration,0,0,120,0,20,priority,1,0,0,0.0,Normal
2026-01-05T05:00,SYN-VLP-01,VLP,historic resubmission,0,0,0,6.5,0,0,registration,1,0,120,0,20,standard,0,0,0,-100.0,Normal
2026-01-05T05:00,SYN-VTP-01,VTP,new MSID Pair,1,1,0,6.9,0,0,registration,0,1,120,0,20,priority,1,1,0,0.0,Normal
2026-01-05T05:00,SYN-VTP-01,VTP,new AMSID Pair,0,0,0,6.6,0,0,registration,1,0,120,0,20,priority,1,0,0,-100.0,Normal
2026-01-05T05:00,SYN-VTP-01,VTP,historic resubmission,1,1,0,8.6,0,0,registration,1,1,120,0,20,standard,0,0,0,0.0,Normal
2026-01-05T05:00,SYN-AMVLP-01,AMVLP,new MSID Pair,0,0,0,5.8,0,0,registration,1,0,120,0,20,priority,1,1,0,-100.0,Normal
2026-01-05T05:00,SYN-AMVLP-01,AMVLP,new AMSID Pair,1,1,0,7.9,0,0,registration,1,1,120,0,20,priority,1,0,0,0.0,Normal
2026-01-05T05:00,SYN-AMVLP-01,AMVLP,historic resubmission,0,0,0,8.8,0,0,registration,1,0,120,0,20,standard,0,0,0,-100.0,Normal
2026-01-05T05:00,SYN-VLP-02,VLP,new MSID Pair,0,0,0,6.2,0,0,registration,1,0,120,0,20,priority,1,1,0,-100.0,Normal
2026-01-05T05:00,SYN-VLP-02,VLP,new AMSID Pair,0,0,0,8.5,0,0,registration,0,0,120,0,20,priority,1,0,0,0.0,Normal
2026-01-05T05:00,SYN-VLP-02,VLP,historic resubmission,1,1,0,7.8,0,0,registration,0,1,120,0,20,standard,0,0,0,0.0,Normal
2026-01-05T05:00,SYN-VTP-02,VTP,new MSID Pair,0,0,0,5.1,0,0,registration,1,0,120,0,20,priority,1,1,0,-100.0,Normal
2026-01-05T05:00,SYN-VTP-02,VTP,new AMSID Pair,0,0,0,7.5,0,0,registration,2,0,120,0,20,priority,1,0,0,-100.0,Normal
2026-01-05T05:00,SYN-VTP-02,VTP,historic resubmission,0,0,0,8.5,0,0,registration,0,0,120,0,20,standard,0,0,0,0.0,Normal
2026-01-05T05:00,SYN-SUP-01,Supplier,new MSID Pair,0,0,0,6.2,0,0,registration,0,0,120,0,20,priority,1,1,0,0.0,Normal
2026-01-05T05:00,SYN-SUP-01,Supplier,new AMSID Pair,0,0,0,9.0,0,0,registration,0,0,120,0,20,priority,1,0,0,0.0,Normal
2026-01-05T05:00,SYN-SUP-01,Supplier,historic resubmission,1,1,0,7.8,0,1,registration,0,1,120,0,20,standard,0,0,0,0.0,Normal
2026-01-05T06:00,SYN-VLP-01,VLP,new MSID Pair,2,2,0,5.6,0,0,registration,3,2,120,0,20,priority,1,1,0,-33.33,Normal
2026-01-05T06:00,SYN-VLP-01,VLP,new AMSID Pair,0,0,0,7.7,0,0,registration,0,0,120,0,20,priority,1,0,0,0.0,Normal
2026-01-05T06:00,SYN-VLP-01,VLP,historic resubmission,1,1,0,8.2,0,0,registration,0,1,120,0,20,standard,0,0,0,0.0,Normal
2026-01-05T06:00,SYN-VTP-01,VTP,new MSID Pair,1,1,0,8.2,0,0,registration,1,1,120,0,20,priority,1,1,0,0.0,Normal
2026-01-05T06:00,SYN-VTP-01,VTP,new AMSID Pair,1,1,0,7.2,0,0,registration,2,1,120,0,20,priority,1,0,0,-50.0,Normal
2026-01-05T06:00,SYN-VTP-01,VTP,historic resubmission,1,1,0,5.0,0,0,registration,2,1,120,0,20,standard,0,0,0,-50.0,Normal
2026-01-05T06:00,SYN-AMVLP-01,AMVLP,new MSID Pair,0,0,0,7.8,0,0,registration,0,0,120,0,20,priority,1,1,0,0.0,Normal
2026-01-05T06:00,SYN-AMVLP-01,AMVLP,new AMSID Pair,2,2,0,7.0,0,0,registration,2,2,120,0,20,priority,1,0,0,0.0,Normal
2026-01-05T06:00,SYN-AMVLP-01,AMVLP,historic resubmission,1,1,0,7.2,0,0,registration,0,1,120,0,20,standard,0,0,0,0.0,Normal
2026-01-05T06:00,SYN-VLP-02,VLP,new MSID Pair,2,2,0,5.4,0,0,registration,2,2,120,0,20,priority,1,1,0,0.0,Normal
2026-01-05T06:00,SYN-VLP-02,VLP,new AMSID Pair,0,0,0,6.4,0,0,registration,1,0,120,0,20,priority,1,0,0,-100.0,Normal
2026-01-05T06:00,SYN-VLP-02,VLP,historic resubmission,0,0,0,7.5,0,0,registration,1,0,120,0,20,standard,0,0,0,-100.0,Normal
2026-01-05T06:00,SYN-VTP-02,VTP,new MSID Pair,1,1,0,8.9,0,0,registration,0,1,120,0,20,priority,1,1,0,0.0,Normal
2026-01-05T06:00,SYN-VTP-02,VTP,new AMSID Pair,1,1,0,6.0,0,0,registration,1,1,120,0,20,priority,1,0,0,0.0,Normal
2026-01-05T06:00,SYN-VTP-02,VTP,historic resubmission,0,0,0,5.4,0,0,registration,0,0,120,0,20,standard,0,0,0,0.0,Normal
2026-01-05T06:00,SYN-SUP-01,Supplier,new MSID Pair,0,0,0,6.2,0,0,registration,1,0,120,0,20,priority,1,1,0,-100.0,Normal
2026-01-05T06:00,SYN-SUP-01,Supplier,new AMSID Pair,0,0,0,8.4,0,0,registration,0,0,120,0,20,priority,1,0,0,0.0,Normal
2026-01-05T06:00,SYN-SUP-01,Supplier,historic resubmission,0,0,0,8.8,0,0,registration,1,0,120,0,20,standard,0,0,0,-100.0,Normal
2026-01-05T07:00,SYN-VLP-01,VLP,new MSID Pair,3,3,0,8.7,0,0,registration,2,3,120,0,20,priority,1,1,0,50.0,Normal
2026-01-05T07:00,SYN-VLP-01,VLP,new AMSID Pair,1,1,0,8.7,1,1,registration,0,1,120,0,20,priority,1,0,0,0.0,Normal
2026-01-05T07:00,SYN-VLP-01,VLP,historic resubmission,0,0,0,8.8,0,0,registration,0,0,120,0,20,standard,0,0,0,0.0,Normal
2026-01-05T07:00,SYN-VTP-01,VTP,new MSID Pair,1,1,0,7.0,0,0,registration,1,1,120,0,20,priority,1,1,0,0.0,Normal
2026-01-05T07:00,SYN-VTP-01,VTP,new AMSID Pair,2,2,0,8.8,0,1,registration,2,2,120,0,20,priority,1,0,0,0.0,Normal
2026-01-05T07:00,SYN-VTP-01,VTP,historic resubmission,1,1,0,7.9,0,0,registration,1,1,120,0,20,standard,0,0,0,0.0,Normal
2026-01-05T07:00,SYN-AMVLP-01,AMVLP,new MSID Pair,0,0,0,8.1,0,0,registration,0,0,120,0,20,priority,1,1,0,0.0,Normal
2026-01-05T07:00,SYN-AMVLP-01,AMVLP,new AMSID Pair,4,4,0,7.6,0,0,registration,3,4,120,0,20,priority,1,0,0,33.33,Normal
2026-01-05T07:00,SYN-AMVLP-01,AMVLP,historic resubmission,1,1,0,8.2,0,0,registration,0,1,120,0,20,standard,0,0,0,0.0,Normal
2026-01-05T07:00,SYN-VLP-02,VLP,new MSID Pair,1,1,0,8.1,0,0,registration,1,1,120,0,20,priority,1,1,0,0.0,Normal
2026-01-05T07:00,SYN-VLP-02,VLP,new AMSID Pair,1,1,0,7.2,0,0,registration,0,1,120,0,20,priority,1,0,0,0.0,Normal
2026-01-05T07:00,SYN-VLP-02,VLP,historic resubmission,0,0,0,6.1,0,0,registration,1,0,120,0,20,standard,0,0,0,-100.0,Normal
2026-01-05T07:00,SYN-VTP-02,VTP,new MSID Pair,1,1,0,8.6,0,0,registration,0,1,120,0,20,priority,1,1,0,0.0,Normal
2026-01-05T07:00,SYN-VTP-02,VTP,new AMSID Pair,2,2,0,6.6,0,0,registration,1,2,120,0,20,priority,1,0,0,100.0,Normal
2026-01-05T07:00,SYN-VTP-02,VTP,historic resubmission,0,0,0,5.9,0,0,registration,1,0,120,0,20,standard,0,0,0,-100.0,Normal
2026-01-05T07:00,SYN-SUP-01,Supplier,new MSID Pair,0,0,0,7.3,0,0,registration,0,0,120,0,20,priority,1,1,0,0.0,Normal
2026-01-05T07:00,SYN-SUP-01,Supplier,new AMSID Pair,0,0,0,7.9,0,0,registration,0,0,120,0,20,priority,1,0,0,0.0,Normal
2026-01-05T07:00,SYN-SUP-01,Supplier,historic resubmission,0,0,0,8.8,0,0,registration,1,0,120,0,20,standard,0,0,0,-100.0,Normal
2026-01-05T08:00,SYN-VLP-01,VLP,new MSID Pair,2,2,0,5.5,0,0,registration,2,2,120,0,20,priority,1,1,0,0.0,Normal
2026-01-05T08:00,SYN-VLP-01,VLP,new AMSID Pair,1,1,0,7.1,0,0,registration,0,1,120,0,20,priority,1,0,0,0.0,Normal
2026-01-05T08:00,SYN-VLP-01,VLP,historic resubmission,0,0,0,7.1,0,0,registration,0,0,120,0,20,standard,0,0,0,0.0,Normal
2026-01-05T08:00,SYN-VTP-01,VTP,new MSID Pair,0,0,0,7.2,0,0,registration,1,0,120,0,20,priority,1,1,0,-100.0,Normal
2026-01-05T08:00,SYN-VTP-01,VTP,new AMSID Pair,2,2,0,8.5,0,0,registration,1,2,120,0,20,priority,1,0,0,100.0,Normal
2026-01-05T08:00,SYN-VTP-01,VTP,historic resubmission,1,1,0,8.7,0,0,registration,0,1,120,0,20,standard,0,0,0,0.0,Normal
2026-01-05T08:00,SYN-AMVLP-01,AMVLP,new MSID Pair,1,1,0,8.4,0,0,registration,0,1,120,0,20,priority,1,1,0,0.0,Normal
2026-01-05T08:00,SYN-AMVLP-01,AMVLP,new AMSID Pair,3,3,0,5.1,0,0,registration,2,3,120,0,20,priority,1,0,0,50.0,Normal
2026-01-05T08:00,SYN-AMVLP-01,AMVLP,historic resubmission,1,1,0,7.0,0,0,registration,1,1,120,0,20,standard,0,0,0,0.0,Normal
2026-01-05T08:00,SYN-VLP-02,VLP,new MSID Pair,1,1,0,5.5,0,0,registration,2,1,120,0,20,priority,1,1,0,-50.0,Normal
2026-01-05T08:00,SYN-VLP-02,VLP,new AMSID Pair,0,0,0,7.4,0,0,registration,0,0,120,0,20,priority,1,0,0,0.0,Normal
2026-01-05T08:00,SYN-VLP-02,VLP,historic resubmission,0,0,0,5.6,0,0,registration,0,0,120,0,20,standard,0,0,0,0.0,Normal
2026-01-05T08:00,SYN-VTP-02,VTP,new MSID Pair,1,1,0,7.4,0,0,registration,1,1,120,0,20,priority,1,1,0,0.0,Normal
2026-01-05T08:00,SYN-VTP-02,VTP,new AMSID Pair,1,1,0,6.4,0,0,registration,3,1,120,0,20,priority,1,0,0,-66.67,Normal
2026-01-05T08:00,SYN-VTP-02,VTP,historic resubmission,1,1,0,7.9,0,0,registration,1,1,120,0,20,standard,0,0,0,0.0,Normal
2026-01-05T08:00,SYN-SUP-01,Supplier,new MSID Pair,0,0,0,7.3,0,0,registration,0,0,120,0,20,priority,1,1,0,0.0,Normal
2026-01-05T08:00,SYN-SUP-01,Supplier,new AMSID Pair,1,1,0,5.8,0,0,registration,0,1,120,0,20,priority,1,0,0,0.0,Normal
2026-01-05T08:00,SYN-SUP-01,Supplier,historic resubmission,1,1,0,6.0,0,0,registration,0,1,120,0,20,standard,0,0,0,0.0,Normal
2026-01-05T09:00,SYN-VLP-01,VLP,new MSID Pair,4,4,0,7.9,0,0,registration,5,4,120,0,20,priority,1,1,0,-20.0,Normal
2026-01-05T09:00,SYN-VLP-01,VLP,new AMSID Pair,0,0,0,5.2,0,0,registration,2,0,120,0,20,priority,1,0,0,-100.0,Normal
2026-01-05T09:00,SYN-VLP-01,VLP,historic resubmission,0,0,0,6.2,0,0,registration,1,0,120,0,20,standard,0,0,0,-100.0,Normal
2026-01-05T09:00,SYN-VTP-01,VTP,new MSID Pair,1,1,0,5.4,0,0,registration,1,1,120,0,20,priority,1,1,0,0.0,Normal
2026-01-05T09:00,SYN-VTP-01,VTP,new AMSID Pair,1,1,0,8.0,0,0,registration,2,1,120,0,20,priority,1,0,0,-50.0,Normal
2026-01-05T09:00,SYN-VTP-01,VTP,historic resubmission,0,0,0,7.9,0,0,registration,1,0,120,0,20,standard,0,0,0,-100.0,Normal
2026-01-05T09:00,SYN-AMVLP-01,AMVLP,new MSID Pair,1,1,0,7.7,0,0,registration,2,1,120,0,20,priority,1,1,0,-50.0,Normal
2026-01-05T09:00,SYN-AMVLP-01,AMVLP,new AMSID Pair,4,4,0,8.1,0,0,registration,4,4,120,0,20,priority,1,0,0,0.0,Normal
2026-01-05T09:00,SYN-AMVLP-01,AMVLP,historic resubmission,1,1,0,8.8,0,0,registration,0,1,120,0,20,standard,0,0,0,0.0,Normal
2026-01-05T09:00,SYN-VLP-02,VLP,new MSID Pair,2,2,0,7.5,0,0,registration,2,2,120,0,20,priority,1,1,0,0.0,Normal
2026-01-05T09:00,SYN-VLP-02,VLP,new AMSID Pair,1,1,0,8.1,0,0,registration,1,1,120,0,20,priority,1,0,0,0.0,Normal
2026-01-05T09:00,SYN-VLP-02,VLP,historic resubmission,0,0,0,8.7,0,0,registration,1,0,120,0,20,standard,0,0,0,-100.0,Normal
2026-01-05T09:00,SYN-VTP-02,VTP,new MSID Pair,1,1,0,8.1,0,0,registration,1,1,120,0,20,priority,1,1,0,0.0,Normal
2026-01-05T09:00,SYN-VTP-02,VTP,new AMSID Pair,1,1,0,7.5,0,0,registration,2,1,120,0,20,priority,1,0,0,-50.0,Normal
2026-01-05T09:00,SYN-VTP-02,VTP,historic resubmission,0,0,0,6.0,0,0,registration,1,0,120,0,20,standard,0,0,0,-100.0,Normal
2026-01-05T09:00,SYN-SUP-01,Supplier,new MSID Pair,0,0,0,7.7,0,0,registration,2,0,120,0,20,priority,1,1,0,-100.0,Normal
2026-01-05T09:00,SYN-SUP-01,Supplier,new AMSID Pair,2,2,0,5.7,0,0,registration,0,2,120,0,20,priority,1,0,0,0.0,Normal
2026-01-05T09:00,SYN-SUP-01,Supplier,historic resubmission,2,1,1,8.3,0,0,registration,2,2,120,0,20,standard,0,0,1,0.0,Normal
2026-01-05T10:00,SYN-VLP-01,VLP,new MSID Pair,4,4,0,6.3,0,0,registration,4,4,120,0,20,priority,1,1,0,0.0,Normal
2026-01-05T10:00,SYN-VLP-01,VLP,new AMSID Pair,0,0,0,8.5,0,0,registration,0,0,120,0,20,priority,1,0,0,0.0,Normal
2026-01-05T10:00,SYN-VLP-01,VLP,historic resubmission,0,0,0,5.9,0,0,registration,1,0,120,0,20,standard,0,0,0,-100.0,Normal
2026-01-05T10:00,SYN-VTP-01,VTP,new MSID Pair,0,0,0,7.9,0,0,registration,1,0,120,0,20,priority,1,1,0,-100.0,Normal
2026-01-05T10:00,SYN-VTP-01,VTP,new AMSID Pair,1,1,0,5.2,0,0,registration,2,1,120,0,20,priority,1,0,0,-50.0,Normal
2026-01-05T10:00,SYN-VTP-01,VTP,historic resubmission,0,0,0,5.1,0,0,registration,1,0,120,0,20,standard,0,0,0,-100.0,Normal
2026-01-05T10:00,SYN-AMVLP-01,AMVLP,new MSID Pair,0,0,0,8.4,0,0,registration,0,0,120,0,20,priority,1,1,0,0.0,Normal
2026-01-05T10:00,SYN-AMVLP-01,AMVLP,new AMSID Pair,3,3,0,5.4,0,0,registration,3,3,120,0,20,priority,1,0,0,0.0,Normal
2026-01-05T10:00,SYN-AMVLP-01,AMVLP,historic resubmission,0,0,0,6.7,0,0,registration,1,0,120,0,20,standard,0,0,0,-100.0,Normal
2026-01-05T10:00,SYN-VLP-02,VLP,new MSID Pair,3,3,0,5.4,0,0,registration,1,3,120,0,20,priority,1,1,0,200.0,Normal
2026-01-05T10:00,SYN-VLP-02,VLP,new AMSID Pair,1,1,0,5.2,0,0,registration,0,1,120,0,20,priority,1,0,0,0.0,Normal
2026-01-05T10:00,SYN-VLP-02,VLP,historic resubmission,1,1,0,5.6,0,0,registration,0,1,120,0,20,standard,0,0,0,0.0,Normal
2026-01-05T10:00,SYN-VTP-02,VTP,new MSID Pair,1,1,0,7.7,0,0,registration,1,1,120,0,20,priority,1,1,0,0.0,Normal
2026-01-05T10:00,SYN-VTP-02,VTP,new AMSID Pair,2,2,0,7.8,0,0,registration,1,2,120,0,20,priority,1,0,0,100.0,Normal
2026-01-05T10:00,SYN-VTP-02,VTP,historic resubmission,1,1,0,6.1,0,0,registration,0,1,120,0,20,standard,0,0,0,0.0,Normal
2026-01-05T10:00,SYN-SUP-01,Supplier,new MSID Pair,0,0,0,5.4,0,0,registration,0,0,120,0,20,priority,1,1,0,0.0,Normal
2026-01-05T10:00,SYN-SUP-01,Supplier,new AMSID Pair,0,0,0,8.8,0,0,registration,0,0,120,0,20,priority,1,0,0,0.0,Normal
2026-01-05T10:00,SYN-SUP-01,Supplier,historic resubmission,1,2,0,8.5,0,0,registration,1,1,120,0,20,standard,0,0,-1,0.0,Normal
2026-01-05T11:00,SYN-VLP-01,VLP,new MSID Pair,3,2,1,8.3,1,1,registration,3,3,120,0,20,priority,1,1,1,0.0,Normal
2026-01-05T11:00,SYN-VLP-01,VLP,new AMSID Pair,2,2,0,7.6,0,0,registration,0,2,120,0,20,priority,1,0,0,0.0,Normal
2026-01-05T11:00,SYN-VLP-01,VLP,historic resubmission,1,0,1,6.9,0,0,registration,1,1,120,0,20,standard,0,0,1,0.0,Normal
2026-01-05T11:00,SYN-VTP-01,VTP,new MSID Pair,3,2,1,6.2,0,1,registration,0,3,120,0,20,priority,1,1,1,0.0,Normal
2026-01-05T11:00,SYN-VTP-01,VTP,new AMSID Pair,2,2,0,8.0,1,1,registration,2,2,120,0,20,priority,1,0,0,0.0,Normal
2026-01-05T11:00,SYN-VTP-01,VTP,historic resubmission,1,0,1,5.8,0,0,registration,0,1,120,0,20,standard,0,0,1,0.0,Normal
2026-01-05T11:00,SYN-AMVLP-01,AMVLP,new MSID Pair,0,0,0,5.9,0,0,registration,1,0,120,0,20,priority,1,1,0,-100.0,Normal
2026-01-05T11:00,SYN-AMVLP-01,AMVLP,new AMSID Pair,6,5,1,8.7,0,1,registration,3,6,120,0,20,priority,1,0,1,100.0,Normal
2026-01-05T11:00,SYN-AMVLP-01,AMVLP,historic resubmission,0,0,0,5.2,0,0,registration,0,0,120,0,20,standard,0,0,0,0.0,Normal
2026-01-05T11:00,SYN-VLP-02,VLP,new MSID Pair,2,2,0,7.5,0,0,registration,2,2,120,0,20,priority,1,1,0,0.0,Normal
2026-01-05T11:00,SYN-VLP-02,VLP,new AMSID Pair,1,1,0,5.2,0,0,registration,0,1,120,0,20,priority,1,0,0,0.0,Normal
2026-01-05T11:00,SYN-VLP-02,VLP,historic resubmission,2,1,1,8.5,0,0,registration,1,2,120,0,20,standard,0,0,1,100.0,Normal
2026-01-05T11:00,SYN-VTP-02,VTP,new MSID Pair,1,1,0,8.3,0,0,registration,1,1,120,0,20,priority,1,1,0,0.0,Normal
2026-01-05T11:00,SYN-VTP-02,VTP,new AMSID Pair,1,1,0,5.6,0,0,registration,2,1,120,0,20,priority,1,0,0,-50.0,Normal
2026-01-05T11:00,SYN-VTP-02,VTP,historic resubmission,1,0,1,5.3,0,0,registration,1,1,120,0,20,standard,0,0,1,0.0,Normal
2026-01-05T11:00,SYN-SUP-01,Supplier,new MSID Pair,1,1,0,8.1,0,0,registration,0,1,120,0,20,priority,1,1,0,0.0,Normal
2026-01-05T11:00,SYN-SUP-01,Supplier,new AMSID Pair,0,0,0,5.7,0,0,registration,0,0,120,0,20,priority,1,0,0,0.0,Normal
2026-01-05T11:00,SYN-SUP-01,Supplier,historic resubmission,1,0,1,6.3,0,0,registration,4,1,120,0,20,standard,0,0,1,-75.0,Normal
2026-01-05T12:00,SYN-VLP-01,VLP,new MSID Pair,2,2,1,6.0,0,0,registration,3,2,120,0,20,priority,1,1,0,-33.33,Normal
2026-01-05T12:00,SYN-VLP-01,VLP,new AMSID Pair,0,0,0,9.3,0,0,registration,0,0,120,0,20,priority,1,0,0,0.0,Normal
2026-01-05T12:00,SYN-VLP-01,VLP,historic resubmission,0,0,1,7.8,0,0,registration,1,0,120,0,20,standard,0,0,0,-100.0,Normal
2026-01-05T12:00,SYN-VTP-01,VTP,new MSID Pair,2,2,1,8.8,0,0,registration,2,2,120,0,20,priority,1,1,0,0.0,Normal
2026-01-05T12:00,SYN-VTP-01,VTP,new AMSID Pair,2,2,0,8.5,0,0,registration,1,2,120,0,20,priority,1,0,0,100.0,Normal
2026-01-05T12:00,SYN-VTP-01,VTP,historic resubmission,0,0,1,8.2,0,0,registration,1,0,120,0,20,standard,0,0,0,-100.0,Normal
2026-01-05T12:00,SYN-AMVLP-01,AMVLP,new MSID Pair,1,1,0,5.7,0,0,registration,0,1,120,0,20,priority,1,1,0,0.0,Normal
2026-01-05T12:00,SYN-AMVLP-01,AMVLP,new AMSID Pair,5,4,2,8.5,0,0,registration,4,5,120,0,20,priority,1,0,1,25.0,Normal
2026-01-05T12:00,SYN-AMVLP-01,AMVLP,historic resubmission,0,0,0,5.7,0,0,registration,1,0,120,0,20,standard,0,0,0,-100.0,Normal
2026-01-05T12:00,SYN-VLP-02,VLP,new MSID Pair,2,1,1,7.9,0,0,registration,2,2,120,0,20,priority,1,1,1,0.0,Normal
2026-01-05T12:00,SYN-VLP-02,VLP,new AMSID Pair,1,1,0,5.6,0,0,registration,2,1,120,0,20,priority,1,0,0,-50.0,Normal
2026-01-05T12:00,SYN-VLP-02,VLP,historic resubmission,1,1,1,8.6,0,0,registration,1,1,120,0,20,standard,0,0,0,0.0,Normal
2026-01-05T12:00,SYN-VTP-02,VTP,new MSID Pair,1,1,0,6.6,0,0,registration,0,1,120,0,20,priority,1,1,0,0.0,Normal
2026-01-05T12:00,SYN-VTP-02,VTP,new AMSID Pair,3,2,1,9.2,0,0,registration,2,3,120,0,20,priority,1,0,1,50.0,Normal
2026-01-05T12:00,SYN-VTP-02,VTP,historic resubmission,0,0,1,7.3,0,0,registration,1,0,120,0,20,standard,0,0,0,-100.0,Normal
2026-01-05T12:00,SYN-SUP-01,Supplier,new MSID Pair,2,1,1,5.9,0,0,registration,0,2,120,0,20,priority,1,1,1,0.0,Normal
2026-01-05T12:00,SYN-SUP-01,Supplier,new AMSID Pair,1,1,0,5.8,0,0,registration,0,1,120,0,20,priority,1,0,0,0.0,Normal
2026-01-05T12:00,SYN-SUP-01,Supplier,historic resubmission,2,1,2,9.0,0,0,registration,2,2,120,0,20,standard,0,0,1,0.0,Normal
2026-01-05T13:00,SYN-VLP-01,VLP,new MSID Pair,5,4,2,8.8,1,1,registration,3,5,120,0,20,priority,1,1,1,66.67,Normal
2026-01-05T13:00,SYN-VLP-01,VLP,new AMSID Pair,1,1,0,9.5,0,0,registration,1,1,120,0,20,priority,1,0,0,0.0,Normal
2026-01-05T13:00,SYN-VLP-01,VLP,historic resubmission,1,1,1,7.8,0,0,registration,1,1,120,0,20,standard,0,0,0,0.0,Normal
2026-01-05T13:00,SYN-VTP-01,VTP,new MSID Pair,2,2,1,7.4,0,0,registration,2,2,120,0,20,priority,1,1,0,0.0,Normal
2026-01-05T13:00,SYN-VTP-01,VTP,new AMSID Pair,2,1,1,9.7,0,0,registration,2,2,120,0,20,priority,1,0,1,0.0,Normal
2026-01-05T13:00,SYN-VTP-01,VTP,historic resubmission,1,1,1,6.4,0,0,registration,0,1,120,0,20,standard,0,0,0,0.0,Normal
2026-01-05T13:00,SYN-AMVLP-01,AMVLP,new MSID Pair,0,0,0,7.6,0,0,registration,0,0,120,0,20,priority,1,1,0,0.0,Normal
2026-01-05T13:00,SYN-AMVLP-01,AMVLP,new AMSID Pair,3,3,2,9.0,0,0,registration,2,3,120,0,20,priority,1,0,0,50.0,Normal
2026-01-05T13:00,SYN-AMVLP-01,AMVLP,historic resubmission,1,0,1,7.2,0,0,registration,2,1,120,0,20,standard,0,0,1,-50.0,Normal
2026-01-05T13:00,SYN-VLP-02,VLP,new MSID Pair,2,2,1,7.3,0,0,registration,2,2,120,0,20,priority,1,1,0,0.0,Normal
2026-01-05T13:00,SYN-VLP-02,VLP,new AMSID Pair,1,1,0,9.0,0,0,registration,1,1,120,0,20,priority,1,0,0,0.0,Normal
2026-01-05T13:00,SYN-VLP-02,VLP,historic resubmission,1,0,2,6.3,0,0,registration,0,1,120,0,20,standard,0,0,1,0.0,Normal
2026-01-05T13:00,SYN-VTP-02,VTP,new MSID Pair,1,1,0,7.9,0,0,registration,0,1,120,0,20,priority,1,1,0,0.0,Normal
2026-01-05T13:00,SYN-VTP-02,VTP,new AMSID Pair,1,1,1,6.1,0,0,registration,1,1,120,0,20,priority,1,0,0,0.0,Normal
2026-01-05T13:00,SYN-VTP-02,VTP,historic resubmission,1,0,2,7.2,0,0,registration,0,1,120,0,20,standard,0,0,1,0.0,Normal
2026-01-05T13:00,SYN-SUP-01,Supplier,new MSID Pair,1,1,1,6.2,0,0,registration,0,1,120,0,20,priority,1,1,0,0.0,Normal
2026-01-05T13:00,SYN-SUP-01,Supplier,new AMSID Pair,0,0,0,9.6,0,0,registration,1,0,120,0,20,priority,1,0,0,-100.0,Normal
2026-01-05T13:00,SYN-SUP-01,Supplier,historic resubmission,1,1,2,6.3,0,0,registration,2,1,120,0,20,standard,0,0,0,-50.0,Normal
2026-01-05T14:00,SYN-VLP-01,VLP,new MSID Pair,4,3,3,7.3,0,0,registration,4,4,120,0,20,priority,1,1,1,0.0,Normal
2026-01-05T14:00,SYN-VLP-01,VLP,new AMSID Pair,0,0,0,7.3,0,0,registration,0,0,120,0,20,priority,1,0,0,0.0,Normal
2026-01-05T14:00,SYN-VLP-01,VLP,historic resubmission,1,1,1,8.3,0,0,registration,1,1,120,0,20,standard,0,0,0,0.0,Normal
2026-01-05T14:00,SYN-VTP-01,VTP,new MSID Pair,2,2,1,10.2,0,0,registration,2,2,120,0,20,priority,1,1,0,0.0,Normal
2026-01-05T14:00,SYN-VTP-01,VTP,new AMSID Pair,2,2,1,6.4,0,0,registration,2,2,120,0,20,priority,1,0,0,0.0,Normal
2026-01-05T14:00,SYN-VTP-01,VTP,historic resubmission,1,0,2,6.6,0,0,registration,1,1,120,0,20,standard,0,0,1,0.0,Normal
2026-01-05T14:00,SYN-AMVLP-01,AMVLP,new MSID Pair,0,0,0,7.7,0,0,registration,0,0,120,0,20,priority,1,1,0,0.0,Normal
2026-01-05T14:00,SYN-AMVLP-01,AMVLP,new AMSID Pair,3,3,2,7.1,1,2,registration,3,3,120,0,20,priority,1,0,0,0.0,Normal
2026-01-05T14:00,SYN-AMVLP-01,AMVLP,historic resubmission,0,0,1,7.1,0,0,registration,0,0,120,0,20,standard,0,0,0,0.0,Normal
2026-01-05T14:00,SYN-VLP-02,VLP,new MSID Pair,3,2,2,7.2,0,0,registration,3,3,120,0,20,priority,1,1,1,0.0,Normal
2026-01-05T14:00,SYN-VLP-02,VLP,new AMSID Pair,1,1,0,9.7,0,0,registration,1,1,120,0,20,priority,1,0,0,0.0,Normal
2026-01-05T14:00,SYN-VLP-02,VLP,historic resubmission,1,1,2,9.6,0,0,registration,0,1,120,0,20,standard,0,0,0,0.0,Normal
2026-01-05T14:00,SYN-VTP-02,VTP,new MSID Pair,2,1,1,8.9,0,0,registration,0,2,120,0,20,priority,1,1,1,0.0,Normal
2026-01-05T14:00,SYN-VTP-02,VTP,new AMSID Pair,3,2,2,8.9,0,0,registration,2,3,120,0,20,priority,1,0,1,50.0,Normal
2026-01-05T14:00,SYN-VTP-02,VTP,historic resubmission,0,0,2,8.1,0,0,registration,2,0,120,0,20,standard,0,0,0,-100.0,Normal
2026-01-05T14:00,SYN-SUP-01,Supplier,new MSID Pair,1,1,1,6.4,0,0,registration,0,1,120,0,20,priority,1,1,0,0.0,Normal
2026-01-05T14:00,SYN-SUP-01,Supplier,new AMSID Pair,0,0,0,9.3,0,0,registration,0,0,120,0,20,priority,1,0,0,0.0,Normal
2026-01-05T14:00,SYN-SUP-01,Supplier,historic resubmission,1,1,2,7.0,0,0,registration,1,1,120,0,20,standard,0,0,0,0.0,Normal
2026-01-05T15:00,SYN-VLP-01,VLP,new MSID Pair,2,3,2,8.8,0,0,registration,2,2,120,0,20,priority,1,1,-1,0.0,Normal
2026-01-05T15:00,SYN-VLP-01,VLP,new AMSID Pair,0,0,0,8.4,0,0,registration,0,0,120,0,20,priority,1,0,0,0.0,Normal
2026-01-05T15:00,SYN-VLP-01,VLP,historic resubmission,1,0,2,8.7,0,0,registration,0,1,120,0,20,standard,0,0,1,0.0,Normal
2026-01-05T15:00,SYN-VTP-01,VTP,new MSID Pair,0,1,0,8.9,0,0,registration,1,0,120,0,20,priority,1,1,-1,-100.0,Normal
2026-01-05T15:00,SYN-VTP-01,VTP,new AMSID Pair,2,2,1,9.4,0,0,registration,2,2,120,0,20,priority,1,0,0,0.0,Normal
2026-01-05T15:00,SYN-VTP-01,VTP,historic resubmission,2,1,3,9.3,0,0,registration,1,2,120,0,20,standard,0,0,1,100.0,Normal
2026-01-05T15:00,SYN-AMVLP-01,AMVLP,new MSID Pair,0,0,0,10.1,0,0,registration,1,0,120,0,20,priority,1,1,0,-100.0,Normal
2026-01-05T15:00,SYN-AMVLP-01,AMVLP,new AMSID Pair,3,3,2,9.1,0,1,registration,6,3,120,0,20,priority,1,0,0,-50.0,Normal
2026-01-05T15:00,SYN-AMVLP-01,AMVLP,historic resubmission,1,1,1,7.0,0,0,registration,1,1,120,0,20,standard,0,0,0,0.0,Normal
2026-01-05T15:00,SYN-VLP-02,VLP,new MSID Pair,2,2,2,7.2,0,0,registration,1,2,120,0,20,priority,1,1,0,100.0,Normal
2026-01-05T15:00,SYN-VLP-02,VLP,new AMSID Pair,0,0,0,8.0,0,0,registration,1,0,120,0,20,priority,1,0,0,-100.0,Normal
2026-01-05T15:00,SYN-VLP-02,VLP,historic resubmission,1,1,2,7.8,1,1,registration,1,1,120,0,20,standard,0,0,0,0.0,Normal
2026-01-05T15:00,SYN-VTP-02,VTP,new MSID Pair,0,1,0,8.9,0,0,registration,1,0,120,0,20,priority,1,1,-1,-100.0,Normal
2026-01-05T15:00,SYN-VTP-02,VTP,new AMSID Pair,3,3,2,7.4,0,0,registration,2,3,120,0,20,priority,1,0,0,50.0,Normal
2026-01-05T15:00,SYN-VTP-02,VTP,historic resubmission,0,0,2,6.9,0,0,registration,1,0,120,0,20,standard,0,0,0,-100.0,Normal
2026-01-05T15:00,SYN-SUP-01,Supplier,new MSID Pair,0,1,0,8.8,0,0,registration,1,0,120,0,20,priority,1,1,-1,-100.0,Normal
2026-01-05T15:00,SYN-SUP-01,Supplier,new AMSID Pair,0,0,0,8.0,0,0,registration,0,0,120,0,20,priority,1,0,0,0.0,Normal
2026-01-05T15:00,SYN-SUP-01,Supplier,historic resubmission,1,1,2,8.5,0,0,registration,1,1,120,0,20,standard,0,0,0,0.0,Normal
2026-01-05T16:00,SYN-VLP-01,VLP,new MSID Pair,3,3,2,8.5,0,0,registration,4,3,120,0,20,priority,1,1,0,-25.0,Normal
2026-01-05T16:00,SYN-VLP-01,VLP,new AMSID Pair,0,0,0,7.2,0,0,registration,0,0,120,0,20,priority,1,0,0,0.0,Normal
2026-01-05T16:00,SYN-VLP-01,VLP,historic resubmission,0,0,2,9.9,0,0,registration,0,0,120,0,20,standard,0,0,0,0.0,Normal
2026-01-05T16:00,SYN-VTP-01,VTP,new MSID Pair,2,1,1,8.5,0,0,registration,1,2,120,0,20,priority,1,1,1,100.0,Normal
2026-01-05T16:00,SYN-VTP-01,VTP,new AMSID Pair,2,2,1,7.0,0,0,registration,3,2,120,0,20,priority,1,0,0,-33.33,Normal
2026-01-05T16:00,SYN-VTP-01,VTP,historic resubmission,0,1,2,9.9,0,0,registration,0,0,120,0,20,standard,0,0,-1,0.0,Normal
2026-01-05T16:00,SYN-AMVLP-01,AMVLP,new MSID Pair,1,1,0,7.0,0,0,registration,0,1,120,0,20,priority,1,1,0,0.0,Normal
2026-01-05T16:00,SYN-AMVLP-01,AMVLP,new AMSID Pair,5,4,3,7.2,1,1,registration,4,5,120,0,20,priority,1,0,1,25.0,Normal
2026-01-05T16:00,SYN-AMVLP-01,AMVLP,historic resubmission,1,0,2,8.1,0,0,registration,1,1,120,0,20,standard,0,0,1,0.0,Normal
2026-01-05T16:00,SYN-VLP-02,VLP,new MSID Pair,2,2,2,7.1,0,1,registration,3,2,120,0,20,priority,1,1,0,-33.33,Normal
2026-01-05T16:00,SYN-VLP-02,VLP,new AMSID Pair,1,1,0,8.6,0,0,registration,0,1,120,0,20,priority,1,0,0,0.0,Normal
2026-01-05T16:00,SYN-VLP-02,VLP,historic resubmission,0,0,2,10.5,0,0,registration,1,0,120,0,20,standard,0,0,0,-100.0,Normal
2026-01-05T16:00,SYN-VTP-02,VTP,new MSID Pair,1,1,0,8.7,0,0,registration,0,1,120,0,20,priority,1,1,0,0.0,Normal
2026-01-05T16:00,SYN-VTP-02,VTP,new AMSID Pair,2,2,2,7.7,0,0,registration,2,2,120,0,20,priority,1,0,0,0.0,Normal
2026-01-05T16:00,SYN-VTP-02,VTP,historic resubmission,0,0,2,7.6,0,0,registration,0,0,120,0,20,standard,0,0,0,0.0,Normal
2026-01-05T16:00,SYN-SUP-01,Supplier,new MSID Pair,0,0,0,8.1,0,0,registration,0,0,120,0,20,priority,1,1,0,0.0,Normal
2026-01-05T16:00,SYN-SUP-01,Supplier,new AMSID Pair,1,1,0,9.9,0,0,registration,0,1,120,0,20,priority,1,0,0,0.0,Normal
2026-01-05T16:00,SYN-SUP-01,Supplier,historic resubmission,3,1,4,8.7,0,0,registration,1,3,120,0,20,standard,0,0,2,200.0,Normal
2026-01-05T17:00,SYN-VLP-01,VLP,new MSID Pair,2,2,2,10.0,0,0,registration,2,2,120,0,20,priority,1,1,0,0.0,Normal
2026-01-05T17:00,SYN-VLP-01,VLP,new AMSID Pair,0,0,0,7.3,0,0,registration,0,0,120,0,20,priority,1,0,0,0.0,Normal
2026-01-05T17:00,SYN-VLP-01,VLP,historic resubmission,0,1,1,8.3,0,0,registration,1,0,120,0,20,standard,0,0,-1,-100.0,Normal
2026-01-05T17:00,SYN-VTP-01,VTP,new MSID Pair,1,1,1,9.4,0,0,registration,1,1,120,0,20,priority,1,1,0,0.0,Normal
2026-01-05T17:00,SYN-VTP-01,VTP,new AMSID Pair,1,1,1,9.8,0,0,registration,2,1,120,0,20,priority,1,0,0,-50.0,Normal
2026-01-05T17:00,SYN-VTP-01,VTP,historic resubmission,0,1,1,8.8,0,0,registration,1,0,120,0,20,standard,0,0,-1,-100.0,Normal
2026-01-05T17:00,SYN-AMVLP-01,AMVLP,new MSID Pair,0,0,0,8.2,0,0,registration,0,0,120,0,20,priority,1,1,0,0.0,Normal
2026-01-05T17:00,SYN-AMVLP-01,AMVLP,new AMSID Pair,3,4,2,6.9,0,0,registration,4,3,120,0,20,priority,1,0,-1,-25.0,Normal
2026-01-05T17:00,SYN-AMVLP-01,AMVLP,historic resubmission,1,1,2,7.3,0,0,registration,0,1,120,0,20,standard,0,0,0,0.0,Normal
2026-01-05T17:00,SYN-VLP-02,VLP,new MSID Pair,1,2,1,8.6,0,0,registration,2,1,120,0,20,priority,1,1,-1,-50.0,Normal
2026-01-05T17:00,SYN-VLP-02,VLP,new AMSID Pair,2,1,1,6.9,0,0,registration,0,2,120,0,20,priority,1,0,1,0.0,Normal
2026-01-05T17:00,SYN-VLP-02,VLP,historic resubmission,0,1,1,8.9,0,0,registration,2,0,120,0,20,standard,0,0,-1,-100.0,Normal
2026-01-05T17:00,SYN-VTP-02,VTP,new MSID Pair,0,0,0,8.9,0,0,registration,1,0,120,0,20,priority,1,1,0,-100.0,Normal
2026-01-05T17:00,SYN-VTP-02,VTP,new AMSID Pair,2,2,2,7.0,0,0,registration,0,2,120,0,20,priority,1,0,0,0.0,Normal
2026-01-05T17:00,SYN-VTP-02,VTP,historic resubmission,0,1,1,8.9,0,0,registration,1,0,120,0,20,standard,0,0,-1,-100.0,Normal
2026-01-05T17:00,SYN-SUP-01,Supplier,new MSID Pair,1,1,0,8.4,0,0,registration,0,1,120,0,20,priority,1,1,0,0.0,Normal
2026-01-05T17:00,SYN-SUP-01,Supplier,new AMSID Pair,0,0,0,7.7,0,0,registration,0,0,120,0,20,priority,1,0,0,0.0,Normal
2026-01-05T17:00,SYN-SUP-01,Supplier,historic resubmission,1,1,4,8.7,0,0,registration,0,1,120,0,20,standard,0,0,0,0.0,Normal
2026-01-05T18:00,SYN-VLP-01,VLP,new MSID Pair,3,4,1,9.0,0,0,registration,2,3,120,0,20,priority,1,1,-1,50.0,Normal
2026-01-05T18:00,SYN-VLP-01,VLP,new AMSID Pair,0,0,0,9.6,0,0,registration,0,0,120,0,20,priority,1,0,0,0.0,Normal
2026-01-05T18:00,SYN-VLP-01,VLP,historic resubmission,1,1,1,8.9,0,0,registration,0,1,120,0,20,standard,0,0,0,0.0,Normal
2026-01-05T18:00,SYN-VTP-01,VTP,new MSID Pair,2,2,1,9.0,0,0,registration,1,2,120,0,20,priority,1,1,0,100.0,Normal
2026-01-05T18:00,SYN-VTP-01,VTP,new AMSID Pair,1,1,1,10.5,1,1,registration,1,1,120,0,20,priority,1,0,0,0.0,Normal
2026-01-05T18:00,SYN-VTP-01,VTP,historic resubmission,0,0,1,6.8,0,0,registration,1,0,120,0,20,standard,0,0,0,-100.0,Normal
2026-01-05T18:00,SYN-AMVLP-01,AMVLP,new MSID Pair,1,1,0,6.8,0,0,registration,0,1,120,0,20,priority,1,1,0,0.0,Normal
2026-01-05T18:00,SYN-AMVLP-01,AMVLP,new AMSID Pair,3,4,1,9.3,0,0,registration,2,3,120,0,20,priority,1,0,-1,50.0,Normal
2026-01-05T18:00,SYN-AMVLP-01,AMVLP,historic resubmission,1,1,2,7.6,0,0,registration,0,1,120,0,20,standard,0,0,0,0.0,Normal
2026-01-05T18:00,SYN-VLP-02,VLP,new MSID Pair,1,1,1,8.6,0,0,registration,2,1,120,0,20,priority,1,1,0,-50.0,Normal
2026-01-05T18:00,SYN-VLP-02,VLP,new AMSID Pair,1,1,1,9.3,0,0,registration,0,1,120,0,20,priority,1,0,0,0.0,Normal
2026-01-05T18:00,SYN-VLP-02,VLP,historic resubmission,0,0,1,9.7,0,0,registration,0,0,120,0,20,standard,0,0,0,0.0,Normal
2026-01-05T18:00,SYN-VTP-02,VTP,new MSID Pair,0,0,0,7.4,0,0,registration,0,0,120,0,20,priority,1,1,0,0.0,Normal
2026-01-05T18:00,SYN-VTP-02,VTP,new AMSID Pair,1,2,1,6.6,0,0,registration,2,1,120,0,20,priority,1,0,-1,-50.0,Normal
2026-01-05T18:00,SYN-VTP-02,VTP,historic resubmission,0,0,1,9.3,0,0,registration,1,0,120,0,20,standard,0,0,0,-100.0,Normal
2026-01-05T18:00,SYN-SUP-01,Supplier,new MSID Pair,0,0,0,7.5,0,0,registration,0,0,120,0,20,priority,1,1,0,0.0,Normal
2026-01-05T18:00,SYN-SUP-01,Supplier,new AMSID Pair,0,0,0,9.4,0,0,registration,1,0,120,0,20,priority,1,0,0,-100.0,Normal
2026-01-05T18:00,SYN-SUP-01,Supplier,historic resubmission,1,2,3,7.1,0,0,registration,0,1,120,0,20,standard,0,0,-1,0.0,Normal
2026-01-05T19:00,SYN-VLP-01,VLP,new MSID Pair,3,3,1,7.7,0,0,registration,2,3,120,0,20,priority,1,1,0,50.0,Normal
2026-01-05T19:00,SYN-VLP-01,VLP,new AMSID Pair,0,0,0,7.1,0,0,registration,1,0,120,0,20,priority,1,0,0,-100.0,Normal
2026-01-05T19:00,SYN-VLP-01,VLP,historic resubmission,1,1,1,6.7,0,0,registration,0,1,120,0,20,standard,0,0,0,0.0,Normal
2026-01-05T19:00,SYN-VTP-01,VTP,new MSID Pair,2,2,1,8.9,0,0,registration,2,2,120,0,20,priority,1,1,0,0.0,Normal
2026-01-05T19:00,SYN-VTP-01,VTP,new AMSID Pair,1,2,0,7.1,0,0,registration,2,1,120,0,20,priority,1,0,-1,-50.0,Normal
2026-01-05T19:00,SYN-VTP-01,VTP,historic resubmission,1,1,1,8.0,0,0,registration,0,1,120,0,20,standard,0,0,0,0.0,Normal
2026-01-05T19:00,SYN-AMVLP-01,AMVLP,new MSID Pair,0,0,0,9.0,0,0,registration,1,0,120,0,20,priority,1,1,0,-100.0,Normal
2026-01-05T19:00,SYN-AMVLP-01,AMVLP,new AMSID Pair,2,3,0,6.8,0,0,registration,3,2,120,0,20,priority,1,0,-1,-33.33,Normal
2026-01-05T19:00,SYN-AMVLP-01,AMVLP,historic resubmission,0,1,1,8.9,0,0,registration,1,0,120,0,20,standard,0,0,-1,-100.0,Normal
2026-01-05T19:00,SYN-VLP-02,VLP,new MSID Pair,2,2,1,8.2,0,0,registration,0,2,120,0,20,priority,1,1,0,0.0,Normal
2026-01-05T19:00,SYN-VLP-02,VLP,new AMSID Pair,0,1,0,9.2,0,0,registration,0,0,120,0,20,priority,1,0,-1,0.0,Normal
2026-01-05T19:00,SYN-VLP-02,VLP,historic resubmission,0,0,1,7.5,0,0,registration,1,0,120,0,20,standard,0,0,0,-100.0,Normal
2026-01-05T19:00,SYN-VTP-02,VTP,new MSID Pair,0,0,0,8.6,0,0,registration,2,0,120,0,20,priority,1,1,0,-100.0,Normal
2026-01-05T19:00,SYN-VTP-02,VTP,new AMSID Pair,1,2,0,10.0,0,0,registration,1,1,120,0,20,priority,1,0,-1,0.0,Normal
2026-01-05T19:00,SYN-VTP-02,VTP,historic resubmission,0,0,1,8.5,0,0,registration,2,0,120,0,20,standard,0,0,0,-100.0,Normal
2026-01-05T19:00,SYN-SUP-01,Supplier,new MSID Pair,0,0,0,8.7,0,0,registration,2,0,120,0,20,priority,1,1,0,-100.0,Normal
2026-01-05T19:00,SYN-SUP-01,Supplier,new AMSID Pair,0,0,0,9.1,0,0,registration,0,0,120,0,20,priority,1,0,0,0.0,Normal
2026-01-05T19:00,SYN-SUP-01,Supplier,historic resubmission,1,2,2,9.6,0,0,registration,1,1,120,0,20,standard,0,0,-1,0.0,Normal
2026-01-05T20:00,SYN-VLP-01,VLP,new MSID Pair,2,3,0,5.9,0,0,registration,1,2,120,0,20,priority,1,1,-1,100.0,Normal
2026-01-05T20:00,SYN-VLP-01,VLP,new AMSID Pair,1,1,0,7.1,0,0,registration,0,1,120,0,20,priority,1,0,0,0.0,Normal
2026-01-05T20:00,SYN-VLP-01,VLP,historic resubmission,0,1,0,7.5,0,0,registration,1,0,120,0,20,standard,0,0,-1,-100.0,Normal
2026-01-05T20:00,SYN-VTP-01,VTP,new MSID Pair,1,2,0,7.6,0,0,registration,2,1,120,0,20,priority,1,1,-1,-50.0,Normal
2026-01-05T20:00,SYN-VTP-01,VTP,new AMSID Pair,0,0,0,8.4,0,0,registration,2,0,120,0,20,priority,1,0,0,-100.0,Normal
2026-01-05T20:00,SYN-VTP-01,VTP,historic resubmission,0,1,0,9.2,0,0,registration,1,0,120,0,20,standard,0,0,-1,-100.0,Normal
2026-01-05T20:00,SYN-AMVLP-01,AMVLP,new MSID Pair,0,0,0,7.1,0,0,registration,0,0,120,0,20,priority,1,1,0,0.0,Normal
2026-01-05T20:00,SYN-AMVLP-01,AMVLP,new AMSID Pair,3,3,0,7.4,0,0,registration,2,3,120,0,20,priority,1,0,0,50.0,Normal
2026-01-05T20:00,SYN-AMVLP-01,AMVLP,historic resubmission,0,1,0,8.7,0,0,registration,1,0,120,0,20,standard,0,0,-1,-100.0,Normal
2026-01-05T20:00,SYN-VLP-02,VLP,new MSID Pair,1,2,0,7.1,0,0,registration,2,1,120,0,20,priority,1,1,-1,-50.0,Normal
2026-01-05T20:00,SYN-VLP-02,VLP,new AMSID Pair,0,0,0,6.5,0,0,registration,1,0,120,0,20,priority,1,0,0,-100.0,Normal
2026-01-05T20:00,SYN-VLP-02,VLP,historic resubmission,1,2,0,9.2,0,0,registration,1,1,120,0,20,standard,0,0,-1,0.0,Normal
2026-01-05T20:00,SYN-VTP-02,VTP,new MSID Pair,1,1,0,8.3,0,0,registration,1,1,120,0,20,priority,1,1,0,0.0,Normal
2026-01-05T20:00,SYN-VTP-02,VTP,new AMSID Pair,1,1,0,6.5,0,0,registration,0,1,120,0,20,priority,1,0,0,0.0,Normal
2026-01-05T20:00,SYN-VTP-02,VTP,historic resubmission,1,1,1,9.6,0,0,registration,0,1,120,0,20,standard,0,0,0,0.0,Normal
2026-01-05T20:00,SYN-SUP-01,Supplier,new MSID Pair,0,0,0,8.6,0,0,registration,0,0,120,0,20,priority,1,1,0,0.0,Normal
2026-01-05T20:00,SYN-SUP-01,Supplier,new AMSID Pair,0,0,0,7.9,0,0,registration,0,0,120,0,20,priority,1,0,0,0.0,Normal
2026-01-05T20:00,SYN-SUP-01,Supplier,historic resubmission,0,1,1,8.9,0,0,registration,1,0,120,0,20,standard,0,0,-1,-100.0,Normal
2026-01-05T21:00,SYN-VLP-01,VLP,new MSID Pair,2,2,0,8.3,0,0,registration,3,2,120,0,20,priority,1,1,0,-33.33,Normal
2026-01-05T21:00,SYN-VLP-01,VLP,new AMSID Pair,1,1,0,6.7,0,1,registration,0,1,120,0,20,priority,1,0,0,0.0,Normal
2026-01-05T21:00,SYN-VLP-01,VLP,historic resubmission,0,0,0,5.8,0,0,registration,0,0,120,0,20,standard,0,0,0,0.0,Normal
2026-01-05T21:00,SYN-VTP-01,VTP,new MSID Pair,0,0,0,5.7,0,0,registration,1,0,120,0,20,priority,1,1,0,-100.0,Normal
2026-01-05T21:00,SYN-VTP-01,VTP,new AMSID Pair,0,0,0,5.9,0,0,registration,1,0,120,0,20,priority,1,0,0,-100.0,Normal
2026-01-05T21:00,SYN-VTP-01,VTP,historic resubmission,1,1,0,7.7,0,0,registration,1,1,120,0,20,standard,0,0,0,0.0,Normal
2026-01-05T21:00,SYN-AMVLP-01,AMVLP,new MSID Pair,1,1,0,7.8,0,0,registration,1,1,120,0,20,priority,1,1,0,0.0,Normal
2026-01-05T21:00,SYN-AMVLP-01,AMVLP,new AMSID Pair,1,1,0,7.6,0,0,registration,1,1,120,0,20,priority,1,0,0,0.0,Normal
2026-01-05T21:00,SYN-AMVLP-01,AMVLP,historic resubmission,0,0,0,6.8,0,0,registration,0,0,120,0,20,standard,0,0,0,0.0,Normal
2026-01-05T21:00,SYN-VLP-02,VLP,new MSID Pair,2,2,0,6.7,0,0,registration,0,2,120,0,20,priority,1,1,0,0.0,Normal
2026-01-05T21:00,SYN-VLP-02,VLP,new AMSID Pair,1,1,0,9.1,0,0,registration,1,1,120,0,20,priority,1,0,0,0.0,Normal
2026-01-05T21:00,SYN-VLP-02,VLP,historic resubmission,0,0,0,8.9,0,0,registration,0,0,120,0,20,standard,0,0,0,0.0,Normal
2026-01-05T21:00,SYN-VTP-02,VTP,new MSID Pair,0,0,0,6.5,0,0,registration,1,0,120,0,20,priority,1,1,0,-100.0,Normal
2026-01-05T21:00,SYN-VTP-02,VTP,new AMSID Pair,1,1,0,9.0,0,0,registration,1,1,120,0,20,priority,1,0,0,0.0,Normal
2026-01-05T21:00,SYN-VTP-02,VTP,historic resubmission,0,1,0,8.8,0,0,registration,0,0,120,0,20,standard,0,0,-1,0.0,Normal
2026-01-05T21:00,SYN-SUP-01,Supplier,new MSID Pair,0,0,0,6.6,0,0,registration,1,0,120,0,20,priority,1,1,0,-100.0,Normal
2026-01-05T21:00,SYN-SUP-01,Supplier,new AMSID Pair,1,1,0,6.7,0,0,registration,0,1,120,0,20,priority,1,0,0,0.0,Normal
2026-01-05T21:00,SYN-SUP-01,Supplier,historic resubmission,0,1,0,6.1,0,0,registration,0,0,120,0,20,standard,0,0,-1,0.0,Normal
2026-01-05T22:00,SYN-VLP-01,VLP,new MSID Pair,1,1,0,6.6,0,0,registration,3,1,120,0,20,priority,1,1,0,-66.67,Normal
2026-01-05T22:00,SYN-VLP-01,VLP,new AMSID Pair,1,1,0,8.6,0,0,registration,0,1,120,0,20,priority,1,0,0,0.0,Normal
2026-01-05T22:00,SYN-VLP-01,VLP,historic resubmission,0,0,0,8.1,0,0,registration,1,0,120,0,20,standard,0,0,0,-100.0,Normal
2026-01-05T22:00,SYN-VTP-01,VTP,new MSID Pair,0,0,0,5.8,0,0,registration,0,0,120,0,20,priority,1,1,0,0.0,Normal
2026-01-05T22:00,SYN-VTP-01,VTP,new AMSID Pair,1,1,0,5.3,0,0,registration,2,1,120,0,20,priority,1,0,0,-50.0,Normal
2026-01-05T22:00,SYN-VTP-01,VTP,historic resubmission,1,1,0,8.5,0,0,registration,1,1,120,0,20,standard,0,0,0,0.0,Normal
2026-01-05T22:00,SYN-AMVLP-01,AMVLP,new MSID Pair,0,0,0,5.6,0,0,registration,0,0,120,0,20,priority,1,1,0,0.0,Normal
2026-01-05T22:00,SYN-AMVLP-01,AMVLP,new AMSID Pair,1,1,0,6.9,0,0,registration,2,1,120,0,20,priority,1,0,0,-50.0,Normal
2026-01-05T22:00,SYN-AMVLP-01,AMVLP,historic resubmission,1,1,0,8.8,0,0,registration,1,1,120,0,20,standard,0,0,0,0.0,Normal
2026-01-05T22:00,SYN-VLP-02,VLP,new MSID Pair,1,1,0,5.3,0,0,registration,1,1,120,0,20,priority,1,1,0,0.0,Normal
2026-01-05T22:00,SYN-VLP-02,VLP,new AMSID Pair,0,0,0,6.8,0,0,registration,1,0,120,0,20,priority,1,0,0,-100.0,Normal
2026-01-05T22:00,SYN-VLP-02,VLP,historic resubmission,0,0,0,6.0,0,0,registration,1,0,120,0,20,standard,0,0,0,-100.0,Normal
2026-01-05T22:00,SYN-VTP-02,VTP,new MSID Pair,1,1,0,7.7,0,0,registration,1,1,120,0,20,priority,1,1,0,0.0,Normal
2026-01-05T22:00,SYN-VTP-02,VTP,new AMSID Pair,0,0,0,8.5,0,0,registration,1,0,120,0,20,priority,1,0,0,-100.0,Normal
2026-01-05T22:00,SYN-VTP-02,VTP,historic resubmission,1,1,0,6.1,0,0,registration,1,1,120,0,20,standard,0,0,0,0.0,Normal
2026-01-05T22:00,SYN-SUP-01,Supplier,new MSID Pair,0,0,0,8.6,0,0,registration,0,0,120,0,20,priority,1,1,0,0.0,Normal
2026-01-05T22:00,SYN-SUP-01,Supplier,new AMSID Pair,0,0,0,7.8,0,0,registration,0,0,120,0,20,priority,1,0,0,0.0,Normal
2026-01-05T22:00,SYN-SUP-01,Supplier,historic resubmission,1,1,0,6.4,0,0,registration,0,1,120,0,20,standard,0,0,0,0.0,Normal
2026-01-05T23:00,SYN-VLP-01,VLP,new MSID Pair,2,2,0,6.6,0,0,registration,1,2,120,0,20,priority,1,1,0,100.0,Normal
2026-01-05T23:00,SYN-VLP-01,VLP,new AMSID Pair,0,0,0,6.6,0,0,registration,1,0,120,0,20,priority,1,0,0,-100.0,Normal
2026-01-05T23:00,SYN-VLP-01,VLP,historic resubmission,0,0,0,6.2,0,0,registration,0,0,120,0,20,standard,0,0,0,0.0,Normal
2026-01-05T23:00,SYN-VTP-01,VTP,new MSID Pair,2,2,0,6.3,0,0,registration,0,2,120,0,20,priority,1,1,0,0.0,Normal
2026-01-05T23:00,SYN-VTP-01,VTP,new AMSID Pair,1,1,0,8.7,0,0,registration,0,1,120,0,20,priority,1,0,0,0.0,Normal
2026-01-05T23:00,SYN-VTP-01,VTP,historic resubmission,0,0,0,5.0,0,0,registration,1,0,120,0,20,standard,0,0,0,-100.0,Normal
2026-01-05T23:00,SYN-AMVLP-01,AMVLP,new MSID Pair,0,0,0,7.6,0,0,registration,0,0,120,0,20,priority,1,1,0,0.0,Normal
2026-01-05T23:00,SYN-AMVLP-01,AMVLP,new AMSID Pair,1,1,0,5.5,0,0,registration,0,1,120,0,20,priority,1,0,0,0.0,Normal
2026-01-05T23:00,SYN-AMVLP-01,AMVLP,historic resubmission,1,1,0,5.9,0,0,registration,1,1,120,0,20,standard,0,0,0,0.0,Normal
2026-01-05T23:00,SYN-VLP-02,VLP,new MSID Pair,1,1,0,8.8,0,0,registration,0,1,120,0,20,priority,1,1,0,0.0,Normal
2026-01-05T23:00,SYN-VLP-02,VLP,new AMSID Pair,0,0,0,7.6,0,0,registration,1,0,120,0,20,priority,1,0,0,-100.0,Normal
2026-01-05T23:00,SYN-VLP-02,VLP,historic resubmission,0,0,0,9.0,0,0,registration,0,0,120,0,20,standard,0,0,0,0.0,Normal
2026-01-05T23:00,SYN-VTP-02,VTP,new MSID Pair,1,1,0,6.8,0,0,registration,1,1,120,0,20,priority,1,1,0,0.0,Normal
2026-01-05T23:00,SYN-VTP-02,VTP,new AMSID Pair,1,1,0,5.9,0,0,registration,1,1,120,0,20,priority,1,0,0,0.0,Normal
2026-01-05T23:00,SYN-VTP-02,VTP,historic resubmission,0,0,0,6.0,0,0,registration,0,0,120,0,20,standard,0,0,0,0.0,Normal
2026-01-05T23:00,SYN-SUP-01,Supplier,new MSID Pair,0,0,0,5.3,0,0,registration,0,0,120,0,20,priority,1,1,0,0.0,Normal
2026-01-05T23:00,SYN-SUP-01,Supplier,new AMSID Pair,1,1,0,8.0,0,0,registration,1,1,120,0,20,priority,1,0,0,0.0,Normal
2026-01-05T23:00,SYN-SUP-01,Supplier,historic resubmission,0,0,0,8.0,0,0,registration,1,0,120,0,20,standard,0,0,0,-100.0,Normal
2026-01-06T00:00,SYN-VLP-01,VLP,new MSID Pair,2,2,0,6.4,0,0,registration,0,2,120,0,20,priority,1,1,0,0.0,Normal
2026-01-06T00:00,SYN-VLP-01,VLP,new AMSID Pair,0,0,0,8.6,0,0,registration,0,0,120,0,20,priority,1,0,0,0.0,Normal
2026-01-06T00:00,SYN-VLP-01,VLP,historic resubmission,0,0,0,7.5,0,0,registration,0,0,120,0,20,standard,0,0,0,0.0,Normal
2026-01-06T00:00,SYN-VTP-01,VTP,new MSID Pair,0,0,0,8.5,0,0,registration,0,0,120,0,20,priority,1,1,0,0.0,Normal
2026-01-06T00:00,SYN-VTP-01,VTP,new AMSID Pair,0,0,0,7.8,0,0,registration,2,0,120,0,20,priority,1,0,0,-100.0,Normal
2026-01-06T00:00,SYN-VTP-01,VTP,historic resubmission,1,1,0,5.8,0,0,registration,0,1,120,0,20,standard,0,0,0,0.0,Normal
2026-01-06T00:00,SYN-AMVLP-01,AMVLP,new MSID Pair,0,0,0,7.6,0,0,registration,0,0,120,0,20,priority,1,1,0,0.0,Normal
2026-01-06T00:00,SYN-AMVLP-01,AMVLP,new AMSID Pair,1,1,0,7.9,0,0,registration,2,1,120,0,20,priority,1,0,0,-50.0,Normal
2026-01-06T00:00,SYN-AMVLP-01,AMVLP,historic resubmission,1,1,0,5.2,0,0,registration,1,1,120,0,20,standard,0,0,0,0.0,Normal
2026-01-06T00:00,SYN-VLP-02,VLP,new MSID Pair,0,0,0,5.1,0,0,registration,0,0,120,0,20,priority,1,1,0,0.0,Normal
2026-01-06T00:00,SYN-VLP-02,VLP,new AMSID Pair,0,0,0,8.2,0,0,registration,1,0,120,0,20,priority,1,0,0,-100.0,Normal
2026-01-06T00:00,SYN-VLP-02,VLP,historic resubmission,0,0,0,7.0,0,0,registration,0,0,120,0,20,standard,0,0,0,0.0,Normal
2026-01-06T00:00,SYN-VTP-02,VTP,new MSID Pair,1,1,0,6.1,0,0,registration,0,1,120,0,20,priority,1,1,0,0.0,Normal
2026-01-06T00:00,SYN-VTP-02,VTP,new AMSID Pair,0,0,0,6.2,0,0,registration,1,0,120,0,20,priority,1,0,0,-100.0,Normal
2026-01-06T00:00,SYN-VTP-02,VTP,historic resubmission,1,1,0,5.9,0,0,registration,1,1,120,0,20,standard,0,0,0,0.0,Normal
2026-01-06T00:00,SYN-SUP-01,Supplier,new MSID Pair,0,0,0,8.3,0,0,registration,0,0,120,0,20,priority,1,1,0,0.0,Normal
2026-01-06T00:00,SYN-SUP-01,Supplier,new AMSID Pair,0,0,0,6.7,0,0,registration,1,0,120,0,20,priority,1,0,0,-100.0,Normal
2026-01-06T00:00,SYN-SUP-01,Supplier,historic resubmission,0,0,0,5.4,0,0,registration,1,0,120,0,20,standard,0,0,0,-100.0,Normal
2026-01-06T01:00,SYN-VLP-01,VLP,new MSID Pair,0,0,0,7.4,0,0,registration,2,0,120,0,20,priority,1,1,0,-100.0,Normal
2026-01-06T01:00,SYN-VLP-01,VLP,new AMSID Pair,1,1,0,6.3,0,0,registration,0,1,120,0,20,priority,1,0,0,0.0,Normal
2026-01-06T01:00,SYN-VLP-01,VLP,historic resubmission,1,1,0,7.7,0,0,registration,1,1,120,0,20,standard,0,0,0,0.0,Normal
2026-01-06T01:00,SYN-VTP-01,VTP,new MSID Pair,0,0,0,9.0,0,0,registration,0,0,120,0,20,priority,1,1,0,0.0,Normal
2026-01-06T01:00,SYN-VTP-01,VTP,new AMSID Pair,2,2,0,6.2,0,0,registration,0,2,120,0,20,priority,1,0,0,0.0,Normal
2026-01-06T01:00,SYN-VTP-01,VTP,historic resubmission,1,1,0,8.1,0,0,registration,0,1,120,0,20,standard,0,0,0,0.0,Normal
2026-01-06T01:00,SYN-AMVLP-01,AMVLP,new MSID Pair,0,0,0,7.6,0,0,registration,0,0,120,0,20,priority,1,1,0,0.0,Normal
2026-01-06T01:00,SYN-AMVLP-01,AMVLP,new AMSID Pair,0,0,0,7.1,0,0,registration,2,0,120,0,20,priority,1,0,0,-100.0,Normal
2026-01-06T01:00,SYN-AMVLP-01,AMVLP,historic resubmission,0,0,0,6.9,0,0,registration,0,0,120,0,20,standard,0,0,0,0.0,Normal
2026-01-06T01:00,SYN-VLP-02,VLP,new MSID Pair,0,0,0,5.4,0,0,registration,1,0,120,0,20,priority,1,1,0,-100.0,Normal
2026-01-06T01:00,SYN-VLP-02,VLP,new AMSID Pair,0,0,0,5.8,0,0,registration,0,0,120,0,20,priority,1,0,0,0.0,Normal
2026-01-06T01:00,SYN-VLP-02,VLP,historic resubmission,0,0,0,6.3,0,0,registration,1,0,120,0,20,standard,0,0,0,-100.0,Normal
2026-01-06T01:00,SYN-VTP-02,VTP,new MSID Pair,0,0,0,6.5,0,0,registration,0,0,120,0,20,priority,1,1,0,0.0,Normal
2026-01-06T01:00,SYN-VTP-02,VTP,new AMSID Pair,0,0,0,8.6,0,0,registration,1,0,120,0,20,priority,1,0,0,-100.0,Normal
2026-01-06T01:00,SYN-VTP-02,VTP,historic resubmission,0,0,0,5.4,0,0,registration,0,0,120,0,20,standard,0,0,0,0.0,Normal
2026-01-06T01:00,SYN-SUP-01,Supplier,new MSID Pair,1,1,0,6.6,1,1,registration,0,1,120,0,20,priority,1,1,0,0.0,Normal
2026-01-06T01:00,SYN-SUP-01,Supplier,new AMSID Pair,0,0,0,5.8,0,0,registration,0,0,120,0,20,priority,1,0,0,0.0,Normal
2026-01-06T01:00,SYN-SUP-01,Supplier,historic resubmission,1,1,0,8.9,0,0,registration,1,1,120,0,20,standard,0,0,0,0.0,Normal
2026-01-06T02:00,SYN-VLP-01,VLP,new MSID Pair,1,1,0,8.8,0,0,registration,1,1,120,0,20,priority,1,1,0,0.0,Normal
2026-01-06T02:00,SYN-VLP-01,VLP,new AMSID Pair,0,0,0,5.8,0,0,registration,1,0,120,0,20,priority,1,0,0,-100.0,Normal
2026-01-06T02:00,SYN-VLP-01,VLP,historic resubmission,0,0,0,6.8,0,0,registration,1,0,120,0,20,standard,0,0,0,-100.0,Normal
2026-01-06T02:00,SYN-VTP-01,VTP,new MSID Pair,1,1,0,6.5,0,0,registration,1,1,120,0,20,priority,1,1,0,0.0,Normal
2026-01-06T02:00,SYN-VTP-01,VTP,new AMSID Pair,1,1,0,8.0,0,0,registration,0,1,120,0,20,priority,1,0,0,0.0,Normal
2026-01-06T02:00,SYN-VTP-01,VTP,historic resubmission,0,0,0,7.8,0,0,registration,0,0,120,0,20,standard,0,0,0,0.0,Normal
2026-01-06T02:00,SYN-AMVLP-01,AMVLP,new MSID Pair,1,1,0,8.4,1,1,registration,0,1,120,0,20,priority,1,1,0,0.0,Normal
2026-01-06T02:00,SYN-AMVLP-01,AMVLP,new AMSID Pair,1,1,0,5.6,0,0,registration,3,1,120,0,20,priority,1,0,0,-66.67,Normal
2026-01-06T02:00,SYN-AMVLP-01,AMVLP,historic resubmission,1,1,0,7.5,0,0,registration,1,1,120,0,20,standard,0,0,0,0.0,Normal
2026-01-06T02:00,SYN-VLP-02,VLP,new MSID Pair,1,1,0,6.4,0,0,registration,0,1,120,0,20,priority,1,1,0,0.0,Normal
2026-01-06T02:00,SYN-VLP-02,VLP,new AMSID Pair,1,1,0,8.9,0,0,registration,1,1,120,0,20,priority,1,0,0,0.0,Normal
2026-01-06T02:00,SYN-VLP-02,VLP,historic resubmission,1,1,0,6.8,0,0,registration,0,1,120,0,20,standard,0,0,0,0.0,Normal
2026-01-06T02:00,SYN-VTP-02,VTP,new MSID Pair,0,0,0,8.2,0,0,registration,0,0,120,0,20,priority,1,1,0,0.0,Normal
2026-01-06T02:00,SYN-VTP-02,VTP,new AMSID Pair,0,0,0,6.5,0,0,registration,0,0,120,0,20,priority,1,0,0,0.0,Normal
2026-01-06T02:00,SYN-VTP-02,VTP,historic resubmission,0,0,0,6.8,0,0,registration,0,0,120,0,20,standard,0,0,0,0.0,Normal
2026-01-06T02:00,SYN-SUP-01,Supplier,new MSID Pair,0,0,0,8.9,0,0,registration,0,0,120,0,20,priority,1,1,0,0.0,Normal
2026-01-06T02:00,SYN-SUP-01,Supplier,new AMSID Pair,0,0,0,5.9,0,0,registration,1,0,120,0,20,priority,1,0,0,-100.0,Normal
2026-01-06T02:00,SYN-SUP-01,Supplier,historic resubmission,1,1,0,7.9,0,0,registration,0,1,120,0,20,standard,0,0,0,0.0,Normal
2026-01-06T03:00,SYN-VLP-01,VLP,new MSID Pair,1,1,0,8.7,0,0,registration,1,1,120,0,20,priority,1,1,0,0.0,Normal
2026-01-06T03:00,SYN-VLP-01,VLP,new AMSID Pair,0,0,0,7.4,0,0,registration,1,0,120,0,20,priority,1,0,0,-100.0,Normal
2026-01-06T03:00,SYN-VLP-01,VLP,historic resubmission,0,0,0,7.2,0,0,registration,0,0,120,0,20,standard,0,0,0,0.0,Normal
2026-01-06T03:00,SYN-VTP-01,VTP,new MSID Pair,0,0,0,8.1,0,0,registration,0,0,120,0,20,priority,1,1,0,0.0,Normal
2026-01-06T03:00,SYN-VTP-01,VTP,new AMSID Pair,0,0,0,6.2,0,0,registration,1,0,120,0,20,priority,1,0,0,-100.0,Normal
2026-01-06T03:00,SYN-VTP-01,VTP,historic resubmission,0,0,0,6.4,0,0,registration,1,0,120,0,20,standard,0,0,0,-100.0,Normal
2026-01-06T03:00,SYN-AMVLP-01,AMVLP,new MSID Pair,0,0,0,7.9,0,0,registration,0,0,120,0,20,priority,1,1,0,0.0,Normal
2026-01-06T03:00,SYN-AMVLP-01,AMVLP,new AMSID Pair,0,0,0,5.5,0,0,registration,1,0,120,0,20,priority,1,0,0,-100.0,Normal
2026-01-06T03:00,SYN-AMVLP-01,AMVLP,historic resubmission,0,0,0,7.4,0,0,registration,0,0,120,0,20,standard,0,0,0,0.0,Normal
2026-01-06T03:00,SYN-VLP-02,VLP,new MSID Pair,1,1,0,8.0,0,0,registration,0,1,120,0,20,priority,1,1,0,0.0,Normal
2026-01-06T03:00,SYN-VLP-02,VLP,new AMSID Pair,2,2,0,7.6,0,0,registration,1,2,120,0,20,priority,1,0,0,100.0,Normal
2026-01-06T03:00,SYN-VLP-02,VLP,historic resubmission,0,0,0,5.0,0,0,registration,0,0,120,0,20,standard,0,0,0,0.0,Normal
2026-01-06T03:00,SYN-VTP-02,VTP,new MSID Pair,1,1,0,7.4,0,0,registration,0,1,120,0,20,priority,1,1,0,0.0,Normal
2026-01-06T03:00,SYN-VTP-02,VTP,new AMSID Pair,0,0,0,6.3,0,0,registration,0,0,120,0,20,priority,1,0,0,0.0,Normal
2026-01-06T03:00,SYN-VTP-02,VTP,historic resubmission,1,1,0,8.3,0,0,registration,1,1,120,0,20,standard,0,0,0,0.0,Normal
2026-01-06T03:00,SYN-SUP-01,Supplier,new MSID Pair,0,0,0,7.4,0,0,registration,0,0,120,0,20,priority,1,1,0,0.0,Normal
2026-01-06T03:00,SYN-SUP-01,Supplier,new AMSID Pair,0,0,0,8.7,0,0,registration,0,0,120,0,20,priority,1,0,0,0.0,Normal
2026-01-06T03:00,SYN-SUP-01,Supplier,historic resubmission,1,1,0,6.1,0,0,registration,1,1,120,0,20,standard,0,0,0,0.0,Normal
2026-01-06T04:00,SYN-VLP-01,VLP,new MSID Pair,1,1,0,8.2,0,0,registration,2,1,120,0,20,priority,1,1,0,-50.0,Normal
2026-01-06T04:00,SYN-VLP-01,VLP,new AMSID Pair,0,0,0,6.7,0,0,registration,0,0,120,0,20,priority,1,0,0,0.0,Normal
2026-01-06T04:00,SYN-VLP-01,VLP,historic resubmission,1,1,0,6.3,0,0,registration,0,1,120,0,20,standard,0,0,0,0.0,Normal
2026-01-06T04:00,SYN-VTP-01,VTP,new MSID Pair,1,1,0,5.0,0,0,registration,1,1,120,0,20,priority,1,1,0,0.0,Normal
2026-01-06T04:00,SYN-VTP-01,VTP,new AMSID Pair,0,0,0,6.2,0,0,registration,0,0,120,0,20,priority,1,0,0,0.0,Normal
2026-01-06T04:00,SYN-VTP-01,VTP,historic resubmission,0,0,0,7.6,0,0,registration,0,0,120,0,20,standard,0,0,0,0.0,Normal
2026-01-06T04:00,SYN-AMVLP-01,AMVLP,new MSID Pair,1,1,0,8.2,0,0,registration,0,1,120,0,20,priority,1,1,0,0.0,Normal
2026-01-06T04:00,SYN-AMVLP-01,AMVLP,new AMSID Pair,1,1,0,6.3,0,0,registration,2,1,120,0,20,priority,1,0,0,-50.0,Normal
2026-01-06T04:00,SYN-AMVLP-01,AMVLP,historic resubmission,0,0,0,7.4,0,0,registration,1,0,120,0,20,standard,0,0,0,-100.0,Normal
2026-01-06T04:00,SYN-VLP-02,VLP,new MSID Pair,1,1,0,5.4,0,0,registration,0,1,120,0,20,priority,1,1,0,0.0,Normal
2026-01-06T04:00,SYN-VLP-02,VLP,new AMSID Pair,0,0,0,7.8,0,0,registration,0,0,120,0,20,priority,1,0,0,0.0,Normal
2026-01-06T04:00,SYN-VLP-02,VLP,historic resubmission,0,0,0,5.5,0,0,registration,0,0,120,0,20,standard,0,0,0,0.0,Normal
2026-01-06T04:00,SYN-VTP-02,VTP,new MSID Pair,0,0,0,6.1,0,0,registration,1,0,120,0,20,priority,1,1,0,-100.0,Normal
2026-01-06T04:00,SYN-VTP-02,VTP,new AMSID Pair,2,2,0,7.9,0,0,registration,1,2,120,0,20,priority,1,0,0,100.0,Normal
2026-01-06T04:00,SYN-VTP-02,VTP,historic resubmission,0,0,0,8.8,0,0,registration,1,0,120,0,20,standard,0,0,0,-100.0,Normal
2026-01-06T04:00,SYN-SUP-01,Supplier,new MSID Pair,1,1,0,6.1,0,0,registration,1,1,120,0,20,priority,1,1,0,0.0,Normal
2026-01-06T04:00,SYN-SUP-01,Supplier,new AMSID Pair,1,1,0,8.7,0,0,registration,0,1,120,0,20,priority,1,0,0,0.0,Normal
2026-01-06T04:00,SYN-SUP-01,Supplier,historic resubmission,0,0,0,5.7,0,0,registration,1,0,120,0,20,standard,0,0,0,-100.0,Normal
2026-01-06T05:00,SYN-VLP-01,VLP,new MSID Pair,1,1,0,8.7,0,0,registration,2,1,120,0,20,priority,1,1,0,-50.0,Normal
2026-01-06T05:00,SYN-VLP-01,VLP,new AMSID Pair,0,0,0,5.2,0,0,registration,1,0,120,0,20,priority,1,0,0,-100.0,Normal
2026-01-06T05:00,SYN-VLP-01,VLP,historic resubmission,0,0,0,8.2,0,0,registration,1,0,120,0,20,standard,0,0,0,-100.0,Normal
2026-01-06T05:00,SYN-VTP-01,VTP,new MSID Pair,0,0,0,7.6,0,0,registration,0,0,120,0,20,priority,1,1,0,0.0,Normal
2026-01-06T05:00,SYN-VTP-01,VTP,new AMSID Pair,1,1,0,5.4,0,0,registration,0,1,120,0,20,priority,1,0,0,0.0,Normal
2026-01-06T05:00,SYN-VTP-01,VTP,historic resubmission,0,0,0,7.3,0,0,registration,1,0,120,0,20,standard,0,0,0,-100.0,Normal
2026-01-06T05:00,SYN-AMVLP-01,AMVLP,new MSID Pair,0,0,0,7.4,0,0,registration,0,0,120,0,20,priority,1,1,0,0.0,Normal
2026-01-06T05:00,SYN-AMVLP-01,AMVLP,new AMSID Pair,2,2,0,8.9,0,0,registration,1,2,120,0,20,priority,1,0,0,100.0,Normal
2026-01-06T05:00,SYN-AMVLP-01,AMVLP,historic resubmission,1,1,0,7.2,0,0,registration,0,1,120,0,20,standard,0,0,0,0.0,Normal
2026-01-06T05:00,SYN-VLP-02,VLP,new MSID Pair,0,0,0,7.8,0,0,registration,1,0,120,0,20,priority,1,1,0,-100.0,Normal
2026-01-06T05:00,SYN-VLP-02,VLP,new AMSID Pair,0,0,0,7.3,0,0,registration,0,0,120,0,20,priority,1,0,0,0.0,Normal
2026-01-06T05:00,SYN-VLP-02,VLP,historic resubmission,0,0,0,6.1,0,0,registration,0,0,120,0,20,standard,0,0,0,0.0,Normal
2026-01-06T05:00,SYN-VTP-02,VTP,new MSID Pair,0,0,0,8.4,0,0,registration,0,0,120,0,20,priority,1,1,0,0.0,Normal
2026-01-06T05:00,SYN-VTP-02,VTP,new AMSID Pair,2,2,0,5.7,0,0,registration,1,2,120,0,20,priority,1,0,0,100.0,Normal
2026-01-06T05:00,SYN-VTP-02,VTP,historic resubmission,0,0,0,5.8,0,0,registration,1,0,120,0,20,standard,0,0,0,-100.0,Normal
2026-01-06T05:00,SYN-SUP-01,Supplier,new MSID Pair,1,1,0,7.9,0,0,registration,0,1,120,0,20,priority,1,1,0,0.0,Normal
2026-01-06T05:00,SYN-SUP-01,Supplier,new AMSID Pair,0,0,0,5.4,0,0,registration,2,0,120,0,20,priority,1,0,0,-100.0,Normal
2026-01-06T05:00,SYN-SUP-01,Supplier,historic resubmission,0,0,0,7.5,0,0,registration,0,0,120,0,20,standard,0,0,0,0.0,Normal
2026-01-06T06:00,SYN-VLP-01,VLP,new MSID Pair,3,3,0,5.5,0,0,registration,3,3,120,0,20,priority,1,1,0,0.0,Normal
2026-01-06T06:00,SYN-VLP-01,VLP,new AMSID Pair,0,0,0,6.7,0,0,registration,1,0,120,0,20,priority,1,0,0,-100.0,Normal
2026-01-06T06:00,SYN-VLP-01,VLP,historic resubmission,0,0,0,7.4,0,0,registration,1,0,120,0,20,standard,0,0,0,-100.0,Normal
2026-01-06T06:00,SYN-VTP-01,VTP,new MSID Pair,1,1,0,7.2,0,0,registration,2,1,120,0,20,priority,1,1,0,-50.0,Normal
2026-01-06T06:00,SYN-VTP-01,VTP,new AMSID Pair,2,2,0,8.2,1,1,registration,1,2,120,0,20,priority,1,0,0,100.0,Normal
2026-01-06T06:00,SYN-VTP-01,VTP,historic resubmission,0,0,0,5.7,0,0,registration,1,0,120,0,20,standard,0,0,0,-100.0,Normal
2026-01-06T06:00,SYN-AMVLP-01,AMVLP,new MSID Pair,1,1,0,6.1,0,0,registration,1,1,120,0,20,priority,1,1,0,0.0,Normal
2026-01-06T06:00,SYN-AMVLP-01,AMVLP,new AMSID Pair,3,3,0,8.8,0,0,registration,2,3,120,0,20,priority,1,0,0,50.0,Normal
2026-01-06T06:00,SYN-AMVLP-01,AMVLP,historic resubmission,0,0,0,6.2,0,0,registration,0,0,120,0,20,standard,0,0,0,0.0,Normal
2026-01-06T06:00,SYN-VLP-02,VLP,new MSID Pair,1,1,0,6.4,0,0,registration,2,1,120,0,20,priority,1,1,0,-50.0,Normal
2026-01-06T06:00,SYN-VLP-02,VLP,new AMSID Pair,0,0,0,7.9,0,0,registration,1,0,120,0,20,priority,1,0,0,-100.0,Normal
2026-01-06T06:00,SYN-VLP-02,VLP,historic resubmission,1,1,0,5.3,0,0,registration,0,1,120,0,20,standard,0,0,0,0.0,Normal
2026-01-06T06:00,SYN-VTP-02,VTP,new MSID Pair,0,0,0,8.4,0,0,registration,1,0,120,0,20,priority,1,1,0,-100.0,Normal
2026-01-06T06:00,SYN-VTP-02,VTP,new AMSID Pair,0,0,0,8.8,0,0,registration,0,0,120,0,20,priority,1,0,0,0.0,Normal
2026-01-06T06:00,SYN-VTP-02,VTP,historic resubmission,0,0,0,7.9,0,0,registration,0,0,120,0,20,standard,0,0,0,0.0,Normal
2026-01-06T06:00,SYN-SUP-01,Supplier,new MSID Pair,0,0,0,5.8,0,0,registration,0,0,120,0,20,priority,1,1,0,0.0,Normal
2026-01-06T06:00,SYN-SUP-01,Supplier,new AMSID Pair,1,1,0,6.7,0,0,registration,1,1,120,0,20,priority,1,0,0,0.0,Normal
2026-01-06T06:00,SYN-SUP-01,Supplier,historic resubmission,1,1,0,7.0,0,0,registration,1,1,120,0,20,standard,0,0,0,0.0,Normal
2026-01-06T07:00,SYN-VLP-01,VLP,new MSID Pair,2,2,0,8.2,0,0,registration,2,2,120,0,20,priority,1,1,0,0.0,Normal
2026-01-06T07:00,SYN-VLP-01,VLP,new AMSID Pair,0,0,0,6.7,0,0,registration,1,0,120,0,20,priority,1,0,0,-100.0,Normal
2026-01-06T07:00,SYN-VLP-01,VLP,historic resubmission,0,0,0,7.7,0,0,registration,0,0,120,0,20,standard,0,0,0,0.0,Normal
2026-01-06T07:00,SYN-VTP-01,VTP,new MSID Pair,0,0,0,7.5,0,0,registration,0,0,120,0,20,priority,1,1,0,0.0,Normal
2026-01-06T07:00,SYN-VTP-01,VTP,new AMSID Pair,2,2,0,5.0,0,0,registration,0,2,120,0,20,priority,1,0,0,0.0,Normal
2026-01-06T07:00,SYN-VTP-01,VTP,historic resubmission,1,1,0,6.8,0,0,registration,0,1,120,0,20,standard,0,0,0,0.0,Normal
2026-01-06T07:00,SYN-AMVLP-01,AMVLP,new MSID Pair,1,1,0,5.4,0,0,registration,2,1,120,0,20,priority,1,1,0,-50.0,Normal
2026-01-06T07:00,SYN-AMVLP-01,AMVLP,new AMSID Pair,3,3,0,5.9,0,0,registration,3,3,120,0,20,priority,1,0,0,0.0,Normal
2026-01-06T07:00,SYN-AMVLP-01,AMVLP,historic resubmission,2,2,0,8.5,0,0,registration,0,2,120,0,20,standard,0,0,0,0.0,Normal
2026-01-06T07:00,SYN-VLP-02,VLP,new MSID Pair,2,2,0,7.2,0,0,registration,0,2,120,0,20,priority,1,1,0,0.0,Normal
2026-01-06T07:00,SYN-VLP-02,VLP,new AMSID Pair,0,0,0,7.0,0,0,registration,0,0,120,0,20,priority,1,0,0,0.0,Normal
2026-01-06T07:00,SYN-VLP-02,VLP,historic resubmission,0,0,0,7.2,0,0,registration,0,0,120,0,20,standard,0,0,0,0.0,Normal
2026-01-06T07:00,SYN-VTP-02,VTP,new MSID Pair,1,1,0,6.1,0,0,registration,0,1,120,0,20,priority,1,1,0,0.0,Normal
2026-01-06T07:00,SYN-VTP-02,VTP,new AMSID Pair,1,1,0,7.4,0,0,registration,2,1,120,0,20,priority,1,0,0,-50.0,Normal
2026-01-06T07:00,SYN-VTP-02,VTP,historic resubmission,1,1,0,6.8,0,0,registration,1,1,120,0,20,standard,0,0,0,0.0,Normal
2026-01-06T07:00,SYN-SUP-01,Supplier,new MSID Pair,0,0,0,6.3,0,0,registration,0,0,120,0,20,priority,1,1,0,0.0,Normal
2026-01-06T07:00,SYN-SUP-01,Supplier,new AMSID Pair,1,1,0,5.2,1,1,registration,1,1,120,0,20,priority,1,0,0,0.0,Normal
2026-01-06T07:00,SYN-SUP-01,Supplier,historic resubmission,0,0,0,7.9,0,0,registration,0,0,120,0,20,standard,0,0,0,0.0,Normal
2026-01-06T08:00,SYN-VLP-01,VLP,new MSID Pair,3,3,0,7.7,0,0,registration,2,3,120,0,20,priority,1,1,0,50.0,Normal
2026-01-06T08:00,SYN-VLP-01,VLP,new AMSID Pair,0,0,0,5.1,0,0,registration,0,0,120,0,20,priority,1,0,0,0.0,Normal
2026-01-06T08:00,SYN-VLP-01,VLP,historic resubmission,0,0,0,7.0,0,0,registration,0,0,120,0,20,standard,0,0,0,0.0,Normal
2026-01-06T08:00,SYN-VTP-01,VTP,new MSID Pair,1,1,0,5.4,0,0,registration,0,1,120,0,20,priority,1,1,0,0.0,Normal
2026-01-06T08:00,SYN-VTP-01,VTP,new AMSID Pair,1,1,0,7.8,0,0,registration,2,1,120,0,20,priority,1,0,0,-50.0,Normal
2026-01-06T08:00,SYN-VTP-01,VTP,historic resubmission,0,0,0,8.0,0,0,registration,0,0,120,0,20,standard,0,0,0,0.0,Normal
2026-01-06T08:00,SYN-AMVLP-01,AMVLP,new MSID Pair,0,0,0,8.5,0,0,registration,0,0,120,0,20,priority,1,1,0,0.0,Normal
2026-01-06T08:00,SYN-AMVLP-01,AMVLP,new AMSID Pair,2,2,0,7.5,0,0,registration,2,2,120,0,20,priority,1,0,0,0.0,Normal
2026-01-06T08:00,SYN-AMVLP-01,AMVLP,historic resubmission,0,0,0,7.0,0,0,registration,2,0,120,0,20,standard,0,0,0,-100.0,Normal
2026-01-06T08:00,SYN-VLP-02,VLP,new MSID Pair,1,1,0,8.8,0,0,registration,1,1,120,0,20,priority,1,1,0,0.0,Normal
2026-01-06T08:00,SYN-VLP-02,VLP,new AMSID Pair,1,1,0,7.1,0,0,registration,2,1,120,0,20,priority,1,0,0,-50.0,Normal
2026-01-06T08:00,SYN-VLP-02,VLP,historic resubmission,1,1,0,7.0,0,0,registration,0,1,120,0,20,standard,0,0,0,0.0,Normal
2026-01-06T08:00,SYN-VTP-02,VTP,new MSID Pair,1,1,0,8.2,0,0,registration,1,1,120,0,20,priority,1,1,0,0.0,Normal
2026-01-06T08:00,SYN-VTP-02,VTP,new AMSID Pair,2,2,0,8.0,0,0,registration,0,2,120,0,20,priority,1,0,0,0.0,Normal
2026-01-06T08:00,SYN-VTP-02,VTP,historic resubmission,0,0,0,7.8,0,0,registration,1,0,120,0,20,standard,0,0,0,-100.0,Normal
2026-01-06T08:00,SYN-SUP-01,Supplier,new MSID Pair,1,1,0,6.9,0,0,registration,0,1,120,0,20,priority,1,1,0,0.0,Normal
2026-01-06T08:00,SYN-SUP-01,Supplier,new AMSID Pair,1,1,0,5.5,0,0,registration,0,1,120,0,20,priority,1,0,0,0.0,Normal
2026-01-06T08:00,SYN-SUP-01,Supplier,historic resubmission,0,0,0,6.4,0,0,registration,2,0,120,0,20,standard,0,0,0,-100.0,Normal
2026-01-06T09:00,SYN-VLP-01,VLP,new MSID Pair,4,4,0,6.1,0,0,registration,4,4,120,0,20,priority,1,1,0,0.0,Normal
2026-01-06T09:00,SYN-VLP-01,VLP,new AMSID Pair,0,0,0,7.0,0,0,registration,0,0,120,0,20,priority,1,0,0,0.0,Normal
2026-01-06T09:00,SYN-VLP-01,VLP,historic resubmission,2,2,0,5.6,0,0,registration,0,2,120,0,20,standard,0,0,0,0.0,Normal
2026-01-06T09:00,SYN-VTP-01,VTP,new MSID Pair,1,1,0,7.3,0,0,registration,1,1,120,0,20,priority,1,1,0,0.0,Normal
2026-01-06T09:00,SYN-VTP-01,VTP,new AMSID Pair,2,2,0,5.8,0,0,registration,3,2,120,0,20,priority,1,0,0,-33.33,Normal
2026-01-06T09:00,SYN-VTP-01,VTP,historic resubmission,0,0,0,5.3,0,0,registration,1,0,120,0,20,standard,0,0,0,-100.0,Normal
2026-01-06T09:00,SYN-AMVLP-01,AMVLP,new MSID Pair,0,0,0,5.9,0,0,registration,0,0,120,0,20,priority,1,1,0,0.0,Normal
2026-01-06T09:00,SYN-AMVLP-01,AMVLP,new AMSID Pair,3,3,0,6.5,0,0,registration,3,3,120,0,20,priority,1,0,0,0.0,Normal
2026-01-06T09:00,SYN-AMVLP-01,AMVLP,historic resubmission,0,0,0,6.6,0,0,registration,1,0,120,0,20,standard,0,0,0,-100.0,Normal
2026-01-06T09:00,SYN-VLP-02,VLP,new MSID Pair,1,1,0,6.3,0,0,registration,3,1,120,0,20,priority,1,1,0,-66.67,Normal
2026-01-06T09:00,SYN-VLP-02,VLP,new AMSID Pair,0,0,0,8.7,0,0,registration,0,0,120,0,20,priority,1,0,0,0.0,Normal
2026-01-06T09:00,SYN-VLP-02,VLP,historic resubmission,0,0,0,6.1,0,0,registration,0,0,120,0,20,standard,0,0,0,0.0,Normal
2026-01-06T09:00,SYN-VTP-02,VTP,new MSID Pair,0,0,0,6.2,0,0,registration,1,0,120,0,20,priority,1,1,0,-100.0,Normal
2026-01-06T09:00,SYN-VTP-02,VTP,new AMSID Pair,2,2,0,7.9,0,0,registration,1,2,120,0,20,priority,1,0,0,100.0,Normal
2026-01-06T09:00,SYN-VTP-02,VTP,historic resubmission,0,0,0,8.2,0,0,registration,0,0,120,0,20,standard,0,0,0,0.0,Normal
2026-01-06T09:00,SYN-SUP-01,Supplier,new MSID Pair,0,0,0,5.8,0,0,registration,1,0,120,0,20,priority,1,1,0,-100.0,Normal
2026-01-06T09:00,SYN-SUP-01,Supplier,new AMSID Pair,0,0,0,9.0,0,0,registration,0,0,120,0,20,priority,1,0,0,0.0,Normal
2026-01-06T09:00,SYN-SUP-01,Supplier,historic resubmission,2,2,0,5.2,0,0,registration,1,2,120,0,20,standard,0,0,0,100.0,Normal
2026-01-06T10:00,SYN-VLP-01,VLP,new MSID Pair,6,5,1,5.1,0,0,registration,3,6,120,0,20,priority,1,1,1,100.0,Normal
2026-01-06T10:00,SYN-VLP-01,VLP,new AMSID Pair,2,2,0,5.4,0,0,registration,1,2,120,0,20,priority,1,0,0,100.0,Normal
2026-01-06T10:00,SYN-VLP-01,VLP,historic resubmission,0,0,0,9.0,0,0,registration,1,0,120,0,20,standard,0,0,0,-100.0,Normal
2026-01-06T10:00,SYN-VTP-01,VTP,new MSID Pair,1,1,0,5.2,0,0,registration,2,1,120,0,20,priority,1,1,0,-50.0,Normal
2026-01-06T10:00,SYN-VTP-01,VTP,new AMSID Pair,3,2,1,7.5,0,0,registration,2,3,120,0,20,priority,1,0,1,50.0,Normal
2026-01-06T10:00,SYN-VTP-01,VTP,historic resubmission,2,1,1,7.1,0,1,registration,1,2,120,0,20,standard,0,0,1,100.0,Normal
2026-01-06T10:00,SYN-AMVLP-01,AMVLP,new MSID Pair,0,0,0,6.4,0,0,registration,1,0,120,0,20,priority,1,1,0,-100.0,Normal
2026-01-06T10:00,SYN-AMVLP-01,AMVLP,new AMSID Pair,4,3,1,7.8,0,0,registration,4,4,120,0,20,priority,1,0,1,0.0,Normal
2026-01-06T10:00,SYN-AMVLP-01,AMVLP,historic resubmission,0,0,0,8.5,0,0,registration,1,0,120,0,20,standard,0,0,0,-100.0,Normal
2026-01-06T10:00,SYN-VLP-02,VLP,new MSID Pair,1,1,0,7.6,0,0,registration,1,1,120,0,20,priority,1,1,0,0.0,Normal
2026-01-06T10:00,SYN-VLP-02,VLP,new AMSID Pair,0,0,0,8.5,0,0,registration,1,0,120,0,20,priority,1,0,0,-100.0,Normal
2026-01-06T10:00,SYN-VLP-02,VLP,historic resubmission,1,0,1,7.3,0,0,registration,2,1,120,0,20,standard,0,0,1,-50.0,Normal
2026-01-06T10:00,SYN-VTP-02,VTP,new MSID Pair,1,1,0,8.3,0,0,registration,0,1,120,0,20,priority,1,1,0,0.0,Normal
2026-01-06T10:00,SYN-VTP-02,VTP,new AMSID Pair,1,1,0,6.7,0,0,registration,2,1,120,0,20,priority,1,0,0,-50.0,Normal
2026-01-06T10:00,SYN-VTP-02,VTP,historic resubmission,0,0,0,7.4,0,0,registration,1,0,120,0,20,standard,0,0,0,-100.0,Normal
2026-01-06T10:00,SYN-SUP-01,Supplier,new MSID Pair,1,1,0,8.7,0,0,registration,1,1,120,0,20,priority,1,1,0,0.0,Normal
2026-01-06T10:00,SYN-SUP-01,Supplier,new AMSID Pair,1,1,0,8.3,0,0,registration,0,1,120,0,20,priority,1,0,0,0.0,Normal
2026-01-06T10:00,SYN-SUP-01,Supplier,historic resubmission,2,1,1,7.0,0,0,registration,1,2,120,0,20,standard,0,0,1,100.0,Normal
2026-01-06T11:00,SYN-VLP-01,VLP,new MSID Pair,3,3,1,8.7,0,0,registration,4,3,120,0,20,priority,1,1,0,-25.0,Normal
2026-01-06T11:00,SYN-VLP-01,VLP,new AMSID Pair,0,0,0,6.4,0,0,registration,1,0,120,0,20,priority,1,0,0,-100.0,Normal
2026-01-06T11:00,SYN-VLP-01,VLP,historic resubmission,0,0,0,9.1,0,0,registration,0,0,120,0,20,standard,0,0,0,0.0,Normal
2026-01-06T11:00,SYN-VTP-01,VTP,new MSID Pair,2,1,1,8.3,0,0,registration,2,2,120,0,20,priority,1,1,1,0.0,Normal
2026-01-06T11:00,SYN-VTP-01,VTP,new AMSID Pair,3,3,1,7.1,0,0,registration,2,3,120,0,20,priority,1,0,0,50.0,Normal
2026-01-06T11:00,SYN-VTP-01,VTP,historic resubmission,0,0,1,7.0,0,0,registration,0,0,120,0,20,standard,0,0,0,0.0,Normal
2026-01-06T11:00,SYN-AMVLP-01,AMVLP,new MSID Pair,0,0,0,8.0,0,0,registration,0,0,120,0,20,priority,1,1,0,0.0,Normal
2026-01-06T11:00,SYN-AMVLP-01,AMVLP,new AMSID Pair,5,4,2,6.5,0,0,registration,4,5,120,0,20,priority,1,0,1,25.0,Normal
2026-01-06T11:00,SYN-AMVLP-01,AMVLP,historic resubmission,0,0,0,5.5,0,0,registration,2,0,120,0,20,standard,0,0,0,-100.0,Normal
2026-01-06T11:00,SYN-VLP-02,VLP,new MSID Pair,3,2,1,6.7,0,0,registration,1,3,120,0,20,priority,1,1,1,200.0,Normal
2026-01-06T11:00,SYN-VLP-02,VLP,new AMSID Pair,1,1,0,7.6,0,0,registration,2,1,120,0,20,priority,1,0,0,-50.0,Normal
2026-01-06T11:00,SYN-VLP-02,VLP,historic resubmission,0,0,1,9.3,0,0,registration,0,0,120,0,20,standard,0,0,0,0.0,Normal
2026-01-06T11:00,SYN-VTP-02,VTP,new MSID Pair,2,2,0,8.2,0,0,registration,0,2,120,0,20,priority,1,1,0,0.0,Normal
2026-01-06T11:00,SYN-VTP-02,VTP,new AMSID Pair,2,1,1,8.0,0,0,registration,1,2,120,0,20,priority,1,0,1,100.0,Normal
2026-01-06T11:00,SYN-VTP-02,VTP,historic resubmission,2,1,1,9.3,0,0,registration,1,2,120,0,20,standard,0,0,1,100.0,Normal
2026-01-06T11:00,SYN-SUP-01,Supplier,new MSID Pair,0,0,0,8.8,0,0,registration,1,0,120,0,20,priority,1,1,0,-100.0,Normal
2026-01-06T11:00,SYN-SUP-01,Supplier,new AMSID Pair,1,1,0,6.0,0,0,registration,0,1,120,0,20,priority,1,0,0,0.0,Normal
2026-01-06T11:00,SYN-SUP-01,Supplier,historic resubmission,1,1,1,8.1,0,0,registration,1,1,120,0,20,standard,0,0,0,0.0,Normal
2026-01-06T12:00,SYN-VLP-01,VLP,new MSID Pair,4,4,1,9.1,0,0,registration,3,4,120,0,20,priority,1,1,0,33.33,Normal
2026-01-06T12:00,SYN-VLP-01,VLP,new AMSID Pair,0,0,0,8.0,0,0,registration,2,0,120,0,20,priority,1,0,0,-100.0,Normal
2026-01-06T12:00,SYN-VLP-01,VLP,historic resubmission,0,0,0,7.2,0,0,registration,2,0,120,0,20,standard,0,0,0,-100.0,Normal
2026-01-06T12:00,SYN-VTP-01,VTP,new MSID Pair,2,2,1,8.6,0,0,registration,2,2,120,0,20,priority,1,1,0,0.0,Normal
2026-01-06T12:00,SYN-VTP-01,VTP,new AMSID Pair,2,2,1,8.4,0,0,registration,2,2,120,0,20,priority,1,0,0,0.0,Normal
2026-01-06T12:00,SYN-VTP-01,VTP,historic resubmission,0,0,1,6.4,0,0,registration,1,0,120,0,20,standard,0,0,0,-100.0,Normal
2026-01-06T12:00,SYN-AMVLP-01,AMVLP,new MSID Pair,0,0,0,6.6,0,0,registration,0,0,120,0,20,priority,1,1,0,0.0,Normal
2026-01-06T12:00,SYN-AMVLP-01,AMVLP,new AMSID Pair,4,4,2,9.4,1,1,registration,4,4,120,0,20,priority,1,0,0,0.0,Normal
2026-01-06T12:00,SYN-AMVLP-01,AMVLP,historic resubmission,1,0,1,7.3,0,0,registration,1,1,120,0,20,standard,0,0,1,0.0,Normal
2026-01-06T12:00,SYN-VLP-02,VLP,new MSID Pair,3,3,1,9.0,0,0,registration,1,3,120,0,20,priority,1,1,0,200.0,Normal
2026-01-06T12:00,SYN-VLP-02,VLP,new AMSID Pair,1,1,0,8.1,0,0,registration,0,1,120,0,20,priority,1,0,0,0.0,Normal
2026-01-06T12:00,SYN-VLP-02,VLP,historic resubmission,1,1,1,7.6,0,0,registration,0,1,120,0,20,standard,0,0,0,0.0,Normal
2026-01-06T12:00,SYN-VTP-02,VTP,new MSID Pair,0,0,0,6.1,0,0,registration,2,0,120,0,20,priority,1,1,0,-100.0,Normal
2026-01-06T12:00,SYN-VTP-02,VTP,new AMSID Pair,1,1,1,8.0,0,0,registration,2,1,120,0,20,priority,1,0,0,-50.0,Normal
2026-01-06T12:00,SYN-VTP-02,VTP,historic resubmission,1,1,1,5.9,0,0,registration,0,1,120,0,20,standard,0,0,0,0.0,Normal
2026-01-06T12:00,SYN-SUP-01,Supplier,new MSID Pair,0,0,0,7.0,0,0,registration,0,0,120,0,20,priority,1,1,0,0.0,Normal
2026-01-06T12:00,SYN-SUP-01,Supplier,new AMSID Pair,0,0,0,9.8,0,0,registration,1,0,120,0,20,priority,1,0,0,-100.0,Normal
2026-01-06T12:00,SYN-SUP-01,Supplier,historic resubmission,1,1,1,6.0,0,0,registration,2,1,120,0,20,standard,0,0,0,-50.0,Normal
2026-01-06T13:00,SYN-VLP-01,VLP,new MSID Pair,4,4,1,7.2,0,0,registration,4,4,120,0,20,priority,1,1,0,0.0,Normal
2026-01-06T13:00,SYN-VLP-01,VLP,new AMSID Pair,0,0,0,5.9,0,0,registration,1,0,120,0,20,priority,1,0,0,-100.0,Normal
2026-01-06T13:00,SYN-VLP-01,VLP,historic resubmission,0,0,0,8.4,0,0,registration,1,0,120,0,20,standard,0,0,0,-100.0,Normal
2026-01-06T13:00,SYN-VTP-01,VTP,new MSID Pair,1,1,1,6.1,0,0,registration,1,1,120,0,20,priority,1,1,0,0.0,Normal
2026-01-06T13:00,SYN-VTP-01,VTP,new AMSID Pair,2,2,1,6.6,0,0,registration,2,2,120,0,20,priority,1,0,0,0.0,Normal
2026-01-06T13:00,SYN-VTP-01,VTP,historic resubmission,0,0,1,6.7,0,0,registration,0,0,120,0,20,standard,0,0,0,0.0,Normal
2026-01-06T13:00,SYN-AMVLP-01,AMVLP,new MSID Pair,0,0,0,6.0,0,0,registration,0,0,120,0,20,priority,1,1,0,0.0,Normal
2026-01-06T13:00,SYN-AMVLP-01,AMVLP,new AMSID Pair,6,6,2,8.8,0,0,registration,4,6,120,0,20,priority,1,0,0,50.0,Normal
2026-01-06T13:00,SYN-AMVLP-01,AMVLP,historic resubmission,1,1,1,7.8,0,0,registration,1,1,120,0,20,standard,0,0,0,0.0,Normal
2026-01-06T13:00,SYN-VLP-02,VLP,new MSID Pair,1,1,1,6.1,0,0,registration,2,1,120,0,20,priority,1,1,0,-50.0,Normal
2026-01-06T13:00,SYN-VLP-02,VLP,new AMSID Pair,0,0,0,9.2,0,0,registration,1,0,120,0,20,priority,1,0,0,-100.0,Normal
2026-01-06T13:00,SYN-VLP-02,VLP,historic resubmission,0,0,1,8.9,0,0,registration,0,0,120,0,20,standard,0,0,0,0.0,Normal
2026-01-06T13:00,SYN-VTP-02,VTP,new MSID Pair,1,1,0,7.2,0,0,registration,1,1,120,0,20,priority,1,1,0,0.0,Normal
2026-01-06T13:00,SYN-VTP-02,VTP,new AMSID Pair,2,2,1,6.1,1,1,registration,3,2,120,0,20,priority,1,0,0,-33.33,Normal
2026-01-06T13:00,SYN-VTP-02,VTP,historic resubmission,0,0,1,9.8,0,0,registration,1,0,120,0,20,standard,0,0,0,-100.0,Normal
2026-01-06T13:00,SYN-SUP-01,Supplier,new MSID Pair,1,1,0,9.8,0,0,registration,0,1,120,0,20,priority,1,1,0,0.0,Normal
2026-01-06T13:00,SYN-SUP-01,Supplier,new AMSID Pair,0,0,0,9.1,0,0,registration,0,0,120,0,20,priority,1,0,0,0.0,Normal
2026-01-06T13:00,SYN-SUP-01,Supplier,historic resubmission,2,1,2,6.1,0,0,registration,3,2,120,0,20,standard,0,0,1,-33.33,Normal
2026-01-06T14:00,SYN-VLP-01,VLP,new MSID Pair,4,3,2,6.0,0,0,registration,4,4,120,0,20,priority,1,1,1,0.0,Normal
2026-01-06T14:00,SYN-VLP-01,VLP,new AMSID Pair,1,1,0,9.2,0,0,registration,0,1,120,0,20,priority,1,0,0,0.0,Normal
2026-01-06T14:00,SYN-VLP-01,VLP,historic resubmission,0,0,0,8.7,0,0,registration,1,0,120,0,20,standard,0,0,0,-100.0,Normal
2026-01-06T14:00,SYN-VTP-01,VTP,new MSID Pair,1,1,1,6.9,0,0,registration,1,1,120,0,20,priority,1,1,0,0.0,Normal
2026-01-06T14:00,SYN-VTP-01,VTP,new AMSID Pair,3,2,2,7.8,0,0,registration,3,3,120,0,20,priority,1,0,1,0.0,Normal
2026-01-06T14:00,SYN-VTP-01,VTP,historic resubmission,1,0,2,7.0,0,0,registration,0,1,120,0,20,standard,0,0,1,0.0,Normal
2026-01-06T14:00,SYN-AMVLP-01,AMVLP,new MSID Pair,0,0,0,6.4,0,0,registration,1,0,120,0,20,priority,1,1,0,-100.0,Normal
2026-01-06T14:00,SYN-AMVLP-01,AMVLP,new AMSID Pair,5,4,3,8.5,0,0,registration,3,5,120,0,20,priority,1,0,1,66.67,Normal
2026-01-06T14:00,SYN-AMVLP-01,AMVLP,historic resubmission,0,0,1,8.1,0,0,registration,1,0,120,0,20,standard,0,0,0,-100.0,Normal
2026-01-06T14:00,SYN-VLP-02,VLP,new MSID Pair,2,2,1,8.5,0,0,registration,2,2,120,0,20,priority,1,1,0,0.0,Normal
2026-01-06T14:00,SYN-VLP-02,VLP,new AMSID Pair,0,0,0,8.2,0,0,registration,0,0,120,0,20,priority,1,0,0,0.0,Normal
2026-01-06T14:00,SYN-VLP-02,VLP,historic resubmission,1,0,2,6.0,0,0,registration,0,1,120,0,20,standard,0,0,1,0.0,Normal
2026-01-06T14:00,SYN-VTP-02,VTP,new MSID Pair,1,1,0,8.4,0,0,registration,1,1,120,0,20,priority,1,1,0,0.0,Normal
2026-01-06T14:00,SYN-VTP-02,VTP,new AMSID Pair,2,2,1,9.5,0,0,registration,1,2,120,0,20,priority,1,0,0,100.0,Normal
2026-01-06T14:00,SYN-VTP-02,VTP,historic resubmission,2,1,2,8.1,0,0,registration,1,2,120,0,20,standard,0,0,1,100.0,Normal
2026-01-06T14:00,SYN-SUP-01,Supplier,new MSID Pair,1,1,0,6.5,0,0,registration,0,1,120,0,20,priority,1,1,0,0.0,Normal
2026-01-06T14:00,SYN-SUP-01,Supplier,new AMSID Pair,1,1,0,9.2,0,0,registration,0,1,120,0,20,priority,1,0,0,0.0,Normal
2026-01-06T14:00,SYN-SUP-01,Supplier,historic resubmission,2,1,3,6.3,0,0,registration,2,2,120,0,20,standard,0,0,1,0.0,Normal
2026-01-06T15:00,SYN-VLP-01,VLP,new MSID Pair,3,3,2,6.7,0,0,registration,3,3,120,0,20,priority,1,1,0,0.0,Normal
2026-01-06T15:00,SYN-VLP-01,VLP,new AMSID Pair,0,0,0,8.7,0,0,registration,0,0,120,0,20,priority,1,0,0,0.0,Normal
2026-01-06T15:00,SYN-VLP-01,VLP,historic resubmission,0,0,0,7.6,0,0,registration,1,0,120,0,20,standard,0,0,0,-100.0,Normal
2026-01-06T15:00,SYN-VTP-01,VTP,new MSID Pair,1,1,1,9.8,0,0,registration,1,1,120,0,20,priority,1,1,0,0.0,Normal
2026-01-06T15:00,SYN-VTP-01,VTP,new AMSID Pair,2,2,2,10.0,0,0,registration,1,2,120,0,20,priority,1,0,0,100.0,Normal
2026-01-06T15:00,SYN-VTP-01,VTP,historic resubmission,0,0,2,8.9,0,0,registration,2,0,120,0,20,standard,0,0,0,-100.0,Normal
2026-01-06T15:00,SYN-AMVLP-01,AMVLP,new MSID Pair,1,0,1,7.1,0,1,registration,1,1,120,0,20,priority,1,1,1,0.0,Normal
2026-01-06T15:00,SYN-AMVLP-01,AMVLP,new AMSID Pair,4,4,3,10.1,0,0,registration,3,4,120,0,20,priority,1,0,0,33.33,Normal
2026-01-06T15:00,SYN-AMVLP-01,AMVLP,historic resubmission,2,1,2,7.1,0,0,registration,1,2,120,0,20,standard,0,0,1,100.0,Normal
2026-01-06T15:00,SYN-VLP-02,VLP,new MSID Pair,2,2,1,8.3,0,0,registration,3,2,120,0,20,priority,1,1,0,-33.33,Normal
2026-01-06T15:00,SYN-VLP-02,VLP,new AMSID Pair,1,1,0,10.0,0,1,registration,0,1,120,0,20,priority,1,0,0,0.0,Normal
2026-01-06T15:00,SYN-VLP-02,VLP,historic resubmission,1,1,2,9.7,0,0,registration,1,1,120,0,20,standard,0,0,0,0.0,Normal
2026-01-06T15:00,SYN-VTP-02,VTP,new MSID Pair,1,1,0,8.9,0,0,registration,0,1,120,0,20,priority,1,1,0,0.0,Normal
2026-01-06T15:00,SYN-VTP-02,VTP,new AMSID Pair,2,2,1,8.2,0,0,registration,2,2,120,0,20,priority,1,0,0,0.0,Normal
2026-01-06T15:00,SYN-VTP-02,VTP,historic resubmission,1,1,2,7.2,0,0,registration,1,1,120,0,20,standard,0,0,0,0.0,Normal
2026-01-06T15:00,SYN-SUP-01,Supplier,new MSID Pair,1,0,1,7.8,0,0,registration,1,1,120,0,20,priority,1,1,1,0.0,Normal
2026-01-06T15:00,SYN-SUP-01,Supplier,new AMSID Pair,1,0,1,8.2,0,0,registration,0,1,120,0,20,priority,1,0,1,0.0,Normal
2026-01-06T15:00,SYN-SUP-01,Supplier,historic resubmission,1,1,3,6.8,0,0,registration,1,1,120,0,20,standard,0,0,0,0.0,Normal
2026-01-06T16:00,SYN-VLP-01,VLP,new MSID Pair,3,2,3,6.9,0,0,registration,4,3,120,0,20,priority,1,1,1,-25.0,Normal
2026-01-06T16:00,SYN-VLP-01,VLP,new AMSID Pair,1,1,0,6.9,0,0,registration,1,1,120,0,20,priority,1,0,0,0.0,Normal
2026-01-06T16:00,SYN-VLP-01,VLP,historic resubmission,1,0,1,10.6,0,0,registration,0,1,120,0,20,standard,0,0,1,0.0,Normal
2026-01-06T16:00,SYN-VTP-01,VTP,new MSID Pair,2,1,2,10.3,0,0,registration,2,2,120,0,20,priority,1,1,1,0.0,Normal
2026-01-06T16:00,SYN-VTP-01,VTP,new AMSID Pair,2,2,2,9.0,0,0,registration,1,2,120,0,20,priority,1,0,0,100.0,Normal
2026-01-06T16:00,SYN-VTP-01,VTP,historic resubmission,1,1,2,10.4,0,0,registration,0,1,120,0,20,standard,0,0,0,0.0,Normal
2026-01-06T16:00,SYN-AMVLP-01,AMVLP,new MSID Pair,0,0,1,9.2,0,0,registration,1,0,120,0,20,priority,1,1,0,-100.0,Normal
2026-01-06T16:00,SYN-AMVLP-01,AMVLP,new AMSID Pair,4,3,4,10.3,0,0,registration,4,4,120,0,20,priority,1,0,1,0.0,Normal
2026-01-06T16:00,SYN-AMVLP-01,AMVLP,historic resubmission,1,1,2,10.2,0,0,registration,0,1,120,0,20,standard,0,0,0,0.0,Normal
2026-01-06T16:00,SYN-VLP-02,VLP,new MSID Pair,3,2,2,10.6,0,1,registration,2,3,120,0,20,priority,1,1,1,50.0,Normal
2026-01-06T16:00,SYN-VLP-02,VLP,new AMSID Pair,1,1,0,8.1,0,0,registration,1,1,120,0,20,priority,1,0,0,0.0,Normal
2026-01-06T16:00,SYN-VLP-02,VLP,historic resubmission,0,0,2,8.2,0,0,registration,0,0,120,0,20,standard,0,0,0,0.0,Normal
2026-01-06T16:00,SYN-VTP-02,VTP,new MSID Pair,0,0,0,8.0,0,0,registration,2,0,120,0,20,priority,1,1,0,-100.0,Normal
2026-01-06T16:00,SYN-VTP-02,VTP,new AMSID Pair,3,2,2,10.6,0,0,registration,1,3,120,0,20,priority,1,0,1,200.0,Normal
2026-01-06T16:00,SYN-VTP-02,VTP,historic resubmission,2,1,3,10.2,0,1,registration,0,2,120,0,20,standard,0,0,1,0.0,Normal
2026-01-06T16:00,SYN-SUP-01,Supplier,new MSID Pair,0,1,0,8.4,0,0,registration,1,0,120,0,20,priority,1,1,-1,-100.0,Normal
2026-01-06T16:00,SYN-SUP-01,Supplier,new AMSID Pair,2,1,2,10.1,0,0,registration,0,2,120,0,20,priority,1,0,1,0.0,Normal
2026-01-06T16:00,SYN-SUP-01,Supplier,historic resubmission,2,1,4,8.9,0,0,registration,1,2,120,0,20,standard,0,0,1,100.0,Normal
2026-01-06T17:00,SYN-VLP-01,VLP,new MSID Pair,2,3,2,8.4,1,1,registration,2,2,120,0,20,priority,1,1,-1,0.0,Normal
2026-01-06T17:00,SYN-VLP-01,VLP,new AMSID Pair,0,0,0,10.4,0,0,registration,1,0,120,0,20,priority,1,0,0,-100.0,Normal
2026-01-06T17:00,SYN-VLP-01,VLP,historic resubmission,0,0,1,9.8,0,0,registration,0,0,120,0,20,standard,0,0,0,0.0,Normal
2026-01-06T17:00,SYN-VTP-01,VTP,new MSID Pair,0,1,1,10.2,0,0,registration,0,0,120,0,20,priority,1,1,-1,0.0,Normal
2026-01-06T17:00,SYN-VTP-01,VTP,new AMSID Pair,1,2,1,8.2,0,0,registration,2,1,120,0,20,priority,1,0,-1,-50.0,Normal
2026-01-06T17:00,SYN-VTP-01,VTP,historic resubmission,0,0,2,10.7,0,0,registration,2,0,120,0,20,standard,0,0,0,-100.0,Normal
2026-01-06T17:00,SYN-AMVLP-01,AMVLP,new MSID Pair,1,1,1,10.1,0,0,registration,1,1,120,0,20,priority,1,1,0,0.0,Normal
2026-01-06T17:00,SYN-AMVLP-01,AMVLP,new AMSID Pair,3,4,3,7.8,0,0,registration,2,3,120,0,20,priority,1,0,-1,50.0,Normal
2026-01-06T17:00,SYN-AMVLP-01,AMVLP,historic resubmission,0,0,2,8.7,0,0,registration,0,0,120,0,20,standard,0,0,0,0.0,Normal
2026-01-06T17:00,SYN-VLP-02,VLP,new MSID Pair,2,2,2,11.3,0,0,registration,0,2,120,0,20,priority,1,1,0,0.0,Normal
2026-01-06T17:00,SYN-VLP-02,VLP,new AMSID Pair,1,0,1,7.9,0,0,registration,0,1,120,0,20,priority,1,0,1,0.0,Normal
2026-01-06T17:00,SYN-VLP-02,VLP,historic resubmission,0,0,2,7.7,0,0,registration,1,0,120,0,20,standard,0,0,0,-100.0,Normal
2026-01-06T17:00,SYN-VTP-02,VTP,new MSID Pair,0,0,0,7.5,0,0,registration,1,0,120,0,20,priority,1,1,0,-100.0,Normal
2026-01-06T17:00,SYN-VTP-02,VTP,new AMSID Pair,1,2,1,11.2,0,0,registration,2,1,120,0,20,priority,1,0,-1,-50.0,Normal
2026-01-06T17:00,SYN-VTP-02,VTP,historic resubmission,1,1,3,10.8,0,0,registration,1,1,120,0,20,standard,0,0,0,0.0,Normal
2026-01-06T17:00,SYN-SUP-01,Supplier,new MSID Pair,1,1,0,8.4,0,0,registration,0,1,120,0,20,priority,1,1,0,0.0,Normal
2026-01-06T17:00,SYN-SUP-01,Supplier,new AMSID Pair,1,2,1,9.2,0,0,registration,1,1,120,0,20,priority,1,0,-1,0.0,Normal
2026-01-06T17:00,SYN-SUP-01,Supplier,historic resubmission,1,1,4,9.8,0,0,registration,2,1,120,0,20,standard,0,0,0,-50.0,Normal
2026-01-06T18:00,SYN-VLP-01,VLP,new MSID Pair,3,3,2,8.1,0,0,registration,3,3,120,0,20,priority,1,1,0,0.0,Normal
2026-01-06T18:00,SYN-VLP-01,VLP,new AMSID Pair,0,0,0,10.4,0,0,registration,0,0,120,0,20,priority,1,0,0,0.0,Normal
2026-01-06T18:00,SYN-VLP-01,VLP,historic resubmission,0,0,1,11.0,0,0,registration,0,0,120,0,20,standard,0,0,0,0.0,Normal
2026-01-06T18:00,SYN-VTP-01,VTP,new MSID Pair,0,1,0,10.2,0,0,registration,1,0,120,0,20,priority,1,1,-1,-100.0,Normal
2026-01-06T18:00,SYN-VTP-01,VTP,new AMSID Pair,2,2,1,10.8,0,0,registration,2,2,120,0,20,priority,1,0,0,0.0,Normal
2026-01-06T18:00,SYN-VTP-01,VTP,historic resubmission,1,1,2,11.0,0,0,registration,1,1,120,0,20,standard,0,0,0,0.0,Normal
2026-01-06T18:00,SYN-AMVLP-01,AMVLP,new MSID Pair,0,1,0,8.0,0,0,registration,0,0,120,0,20,priority,1,1,-1,0.0,Normal
2026-01-06T18:00,SYN-AMVLP-01,AMVLP,new AMSID Pair,3,4,2,8.8,0,0,registration,3,3,120,0,20,priority,1,0,-1,0.0,Normal
2026-01-06T18:00,SYN-AMVLP-01,AMVLP,historic resubmission,0,0,2,7.2,0,0,registration,0,0,120,0,20,standard,0,0,0,0.0,Normal
2026-01-06T18:00,SYN-VLP-02,VLP,new MSID Pair,2,2,2,10.3,0,0,registration,2,2,120,0,20,priority,1,1,0,0.0,Normal
2026-01-06T18:00,SYN-VLP-02,VLP,new AMSID Pair,0,0,1,10.6,0,0,registration,1,0,120,0,20,priority,1,0,0,-100.0,Normal
2026-01-06T18:00,SYN-VLP-02,VLP,historic resubmission,1,1,2,9.4,1,1,registration,1,1,120,0,20,standard,0,0,0,0.0,Normal
2026-01-06T18:00,SYN-VTP-02,VTP,new MSID Pair,1,1,0,7.9,0,0,registration,0,1,120,0,20,priority,1,1,0,0.0,Normal
2026-01-06T18:00,SYN-VTP-02,VTP,new AMSID Pair,1,1,1,10.3,0,0,registration,0,1,120,0,20,priority,1,0,0,0.0,Normal
2026-01-06T18:00,SYN-VTP-02,VTP,historic resubmission,0,1,2,7.1,0,0,registration,1,0,120,0,20,standard,0,0,-1,-100.0,Normal
2026-01-06T18:00,SYN-SUP-01,Supplier,new MSID Pair,0,0,0,9.9,0,0,registration,1,0,120,0,20,priority,1,1,0,-100.0,Normal
2026-01-06T18:00,SYN-SUP-01,Supplier,new AMSID Pair,0,1,0,7.7,0,0,registration,1,0,120,0,20,priority,1,0,-1,-100.0,Normal
2026-01-06T18:00,SYN-SUP-01,Supplier,historic resubmission,0,1,3,8.9,0,0,registration,1,0,120,0,20,standard,0,0,-1,-100.0,Normal
2026-01-06T19:00,SYN-VLP-01,VLP,new MSID Pair,4,4,2,9.3,0,0,registration,1,4,120,0,20,priority,1,1,0,300.0,Normal
2026-01-06T19:00,SYN-VLP-01,VLP,new AMSID Pair,1,1,0,10.1,0,0,registration,0,1,120,0,20,priority,1,0,0,0.0,Normal
2026-01-06T19:00,SYN-VLP-01,VLP,historic resubmission,1,0,2,8.6,0,0,registration,0,1,120,0,20,standard,0,0,1,0.0,Normal
2026-01-06T19:00,SYN-VTP-01,VTP,new MSID Pair,1,1,0,9.7,0,0,registration,2,1,120,0,20,priority,1,1,0,-50.0,Normal
2026-01-06T19:00,SYN-VTP-01,VTP,new AMSID Pair,1,1,1,6.6,0,0,registration,1,1,120,0,20,priority,1,0,0,0.0,Normal
2026-01-06T19:00,SYN-VTP-01,VTP,historic resubmission,1,1,2,8.8,0,0,registration,0,1,120,0,20,standard,0,0,0,0.0,Normal
2026-01-06T19:00,SYN-AMVLP-01,AMVLP,new MSID Pair,0,0,0,6.6,0,0,registration,0,0,120,0,20,priority,1,1,0,0.0,Normal
2026-01-06T19:00,SYN-AMVLP-01,AMVLP,new AMSID Pair,2,3,1,10.4,0,0,registration,2,2,120,0,20,priority,1,0,-1,0.0,Normal
2026-01-06T19:00,SYN-AMVLP-01,AMVLP,historic resubmission,0,0,2,9.8,0,0,registration,0,0,120,0,20,standard,0,0,0,0.0,Normal
2026-01-06T19:00,SYN-VLP-02,VLP,new MSID Pair,2,3,1,8.4,0,0,registration,1,2,120,0,20,priority,1,1,-1,100.0,Normal
2026-01-06T19:00,SYN-VLP-02,VLP,new AMSID Pair,0,1,0,7.6,0,0,registration,0,0,120,0,20,priority,1,0,-1,0.0,Normal
2026-01-06T19:00,SYN-VLP-02,VLP,historic resubmission,0,0,2,8.6,0,0,registration,1,0,120,0,20,standard,0,0,0,-100.0,Normal
2026-01-06T19:00,SYN-VTP-02,VTP,new MSID Pair,1,1,0,9.6,0,0,registration,0,1,120,0,20,priority,1,1,0,0.0,Normal
2026-01-06T19:00,SYN-VTP-02,VTP,new AMSID Pair,2,2,1,6.9,0,1,registration,1,2,120,0,20,priority,1,0,0,100.0,Normal
2026-01-06T19:00,SYN-VTP-02,VTP,historic resubmission,1,1,2,10.3,0,0,registration,0,1,120,0,20,standard,0,0,0,0.0,Normal
2026-01-06T19:00,SYN-SUP-01,Supplier,new MSID Pair,0,0,0,9.9,0,0,registration,1,0,120,0,20,priority,1,1,0,-100.0,Normal
2026-01-06T19:00,SYN-SUP-01,Supplier,new AMSID Pair,0,0,0,9.7,0,0,registration,1,0,120,0,20,priority,1,0,0,-100.0,Normal
2026-01-06T19:00,SYN-SUP-01,Supplier,historic resubmission,0,1,2,10.2,0,0,registration,1,0,120,0,20,standard,0,0,-1,-100.0,Normal
2026-01-06T20:00,SYN-VLP-01,VLP,new MSID Pair,3,4,1,9.6,0,0,registration,2,3,120,0,20,priority,1,1,-1,50.0,Normal
2026-01-06T20:00,SYN-VLP-01,VLP,new AMSID Pair,2,1,1,8.8,0,0,registration,1,2,120,0,20,priority,1,0,1,100.0,Normal
2026-01-06T20:00,SYN-VLP-01,VLP,historic resubmission,1,1,2,7.2,0,0,registration,0,1,120,0,20,standard,0,0,0,0.0,Normal
2026-01-06T20:00,SYN-VTP-01,VTP,new MSID Pair,0,0,0,10.2,0,0,registration,1,0,120,0,20,priority,1,1,0,-100.0,Normal
2026-01-06T20:00,SYN-VTP-01,VTP,new AMSID Pair,1,1,1,7.0,0,0,registration,1,1,120,0,20,priority,1,0,0,0.0,Normal
2026-01-06T20:00,SYN-VTP-01,VTP,historic resubmission,0,1,1,6.7,0,0,registration,0,0,120,0,20,standard,0,0,-1,0.0,Normal
2026-01-06T20:00,SYN-AMVLP-01,AMVLP,new MSID Pair,1,1,0,8.6,0,0,registration,1,1,120,0,20,priority,1,1,0,0.0,Normal
2026-01-06T20:00,SYN-AMVLP-01,AMVLP,new AMSID Pair,4,4,1,8.8,0,0,registration,2,4,120,0,20,priority,1,0,0,100.0,Normal
2026-01-06T20:00,SYN-AMVLP-01,AMVLP,historic resubmission,2,1,3,8.5,0,0,registration,0,2,120,0,20,standard,0,0,1,0.0,Normal
2026-01-06T20:00,SYN-VLP-02,VLP,new MSID Pair,1,1,1,6.8,0,0,registration,2,1,120,0,20,priority,1,1,0,-50.0,Normal
2026-01-06T20:00,SYN-VLP-02,VLP,new AMSID Pair,0,0,0,9.5,0,0,registration,0,0,120,0,20,priority,1,0,0,0.0,Normal
2026-01-06T20:00,SYN-VLP-02,VLP,historic resubmission,0,1,1,7.3,0,0,registration,0,0,120,0,20,standard,0,0,-1,0.0,Normal
2026-01-06T20:00,SYN-VTP-02,VTP,new MSID Pair,0,0,0,6.9,0,0,registration,2,0,120,0,20,priority,1,1,0,-100.0,Normal
2026-01-06T20:00,SYN-VTP-02,VTP,new AMSID Pair,1,1,1,8.6,0,0,registration,0,1,120,0,20,priority,1,0,0,0.0,Normal
2026-01-06T20:00,SYN-VTP-02,VTP,historic resubmission,0,1,1,6.9,0,0,registration,0,0,120,0,20,standard,0,0,-1,0.0,Normal
2026-01-06T20:00,SYN-SUP-01,Supplier,new MSID Pair,0,0,0,7.1,0,0,registration,0,0,120,0,20,priority,1,1,0,0.0,Normal
2026-01-06T20:00,SYN-SUP-01,Supplier,new AMSID Pair,1,1,0,9.5,0,0,registration,0,1,120,0,20,priority,1,0,0,0.0,Normal
2026-01-06T20:00,SYN-SUP-01,Supplier,historic resubmission,1,1,2,9.2,0,0,registration,1,1,120,0,20,standard,0,0,0,0.0,Normal
2026-01-06T21:00,SYN-VLP-01,VLP,new MSID Pair,1,2,0,8.8,0,1,registration,2,1,120,0,20,priority,1,1,-1,-50.0,Normal
2026-01-06T21:00,SYN-VLP-01,VLP,new AMSID Pair,1,2,0,6.4,0,0,registration,1,1,120,0,20,priority,1,0,-1,0.0,Normal
2026-01-06T21:00,SYN-VLP-01,VLP,historic resubmission,0,1,1,9.0,0,0,registration,0,0,120,0,20,standard,0,0,-1,0.0,Normal
2026-01-06T21:00,SYN-VTP-01,VTP,new MSID Pair,2,2,0,9.9,0,0,registration,1,2,120,0,20,priority,1,1,0,100.0,Normal
2026-01-06T21:00,SYN-VTP-01,VTP,new AMSID Pair,1,2,0,9.1,0,0,registration,0,1,120,0,20,priority,1,0,-1,0.0,Normal
2026-01-06T21:00,SYN-VTP-01,VTP,historic resubmission,1,1,1,6.5,0,0,registration,0,1,120,0,20,standard,0,0,0,0.0,Normal
2026-01-06T21:00,SYN-AMVLP-01,AMVLP,new MSID Pair,0,0,0,6.2,0,0,registration,0,0,120,0,20,priority,1,1,0,0.0,Normal
2026-01-06T21:00,SYN-AMVLP-01,AMVLP,new AMSID Pair,2,2,1,7.4,0,0,registration,2,2,120,0,20,priority,1,0,0,0.0,Normal
2026-01-06T21:00,SYN-AMVLP-01,AMVLP,historic resubmission,0,1,2,6.9,0,0,registration,1,0,120,0,20,standard,0,0,-1,-100.0,Normal
2026-01-06T21:00,SYN-VLP-02,VLP,new MSID Pair,1,2,0,8.0,0,0,registration,1,1,120,0,20,priority,1,1,-1,0.0,Normal
2026-01-06T21:00,SYN-VLP-02,VLP,new AMSID Pair,0,0,0,7.5,0,0,registration,2,0,120,0,20,priority,1,0,0,-100.0,Normal
2026-01-06T21:00,SYN-VLP-02,VLP,historic resubmission,0,0,1,8.0,0,0,registration,1,0,120,0,20,standard,0,0,0,-100.0,Normal
2026-01-06T21:00,SYN-VTP-02,VTP,new MSID Pair,1,1,0,9.8,0,0,registration,1,1,120,0,20,priority,1,1,0,0.0,Normal
2026-01-06T21:00,SYN-VTP-02,VTP,new AMSID Pair,1,2,0,10.1,0,0,registration,1,1,120,0,20,priority,1,0,-1,0.0,Normal
2026-01-06T21:00,SYN-VTP-02,VTP,historic resubmission,0,0,1,6.8,0,0,registration,0,0,120,0,20,standard,0,0,0,0.0,Normal
2026-01-06T21:00,SYN-SUP-01,Supplier,new MSID Pair,1,1,0,9.5,0,0,registration,0,1,120,0,20,priority,1,1,0,0.0,Normal
2026-01-06T21:00,SYN-SUP-01,Supplier,new AMSID Pair,0,0,0,9.1,0,0,registration,0,0,120,0,20,priority,1,0,0,0.0,Normal
2026-01-06T21:00,SYN-SUP-01,Supplier,historic resubmission,0,1,1,6.6,0,0,registration,1,0,120,0,20,standard,0,0,-1,-100.0,Normal
2026-01-06T22:00,SYN-VLP-01,VLP,new MSID Pair,1,1,0,8.9,0,0,registration,2,1,120,0,20,priority,1,1,0,-50.0,Normal
2026-01-06T22:00,SYN-VLP-01,VLP,new AMSID Pair,0,0,0,9.0,0,0,registration,0,0,120,0,20,priority,1,0,0,0.0,Normal
2026-01-06T22:00,SYN-VLP-01,VLP,historic resubmission,0,1,0,9.1,0,0,registration,0,0,120,0,20,standard,0,0,-1,0.0,Normal
2026-01-06T22:00,SYN-VTP-01,VTP,new MSID Pair,0,0,0,8.3,0,0,registration,2,0,120,0,20,priority,1,1,0,-100.0,Normal
2026-01-06T22:00,SYN-VTP-01,VTP,new AMSID Pair,0,0,0,7.3,0,0,registration,0,0,120,0,20,priority,1,0,0,0.0,Normal
2026-01-06T22:00,SYN-VTP-01,VTP,historic resubmission,0,1,0,8.8,0,0,registration,1,0,120,0,20,standard,0,0,-1,-100.0,Normal
2026-01-06T22:00,SYN-AMVLP-01,AMVLP,new MSID Pair,0,0,0,6.0,0,0,registration,0,0,120,0,20,priority,1,1,0,0.0,Normal
2026-01-06T22:00,SYN-AMVLP-01,AMVLP,new AMSID Pair,3,4,0,9.1,0,0,registration,2,3,120,0,20,priority,1,0,-1,50.0,Normal
2026-01-06T22:00,SYN-AMVLP-01,AMVLP,historic resubmission,1,3,0,8.5,0,0,registration,0,1,120,0,20,standard,0,0,-2,0.0,Normal
2026-01-06T22:00,SYN-VLP-02,VLP,new MSID Pair,0,0,0,8.4,0,0,registration,2,0,120,0,20,priority,1,1,0,-100.0,Normal
2026-01-06T22:00,SYN-VLP-02,VLP,new AMSID Pair,1,1,0,7.5,0,0,registration,0,1,120,0,20,priority,1,0,0,0.0,Normal
2026-01-06T22:00,SYN-VLP-02,VLP,historic resubmission,0,1,0,9.0,0,0,registration,1,0,120,0,20,standard,0,0,-1,-100.0,Normal
2026-01-06T22:00,SYN-VTP-02,VTP,new MSID Pair,0,0,0,8.4,0,0,registration,0,0,120,0,20,priority,1,1,0,0.0,Normal
2026-01-06T22:00,SYN-VTP-02,VTP,new AMSID Pair,0,0,0,9.2,0,0,registration,1,0,120,0,20,priority,1,0,0,-100.0,Normal
2026-01-06T22:00,SYN-VTP-02,VTP,historic resubmission,1,2,0,6.4,0,0,registration,1,1,120,0,20,standard,0,0,-1,0.0,Normal
2026-01-06T22:00,SYN-SUP-01,Supplier,new MSID Pair,0,0,0,7.2,0,0,registration,0,0,120,0,20,priority,1,1,0,0.0,Normal
2026-01-06T22:00,SYN-SUP-01,Supplier,new AMSID Pair,0,0,0,6.3,0,0,registration,0,0,120,0,20,priority,1,0,0,0.0,Normal
2026-01-06T22:00,SYN-SUP-01,Supplier,historic resubmission,1,2,0,7.9,0,0,registration,0,1,120,0,20,standard,0,0,-1,0.0,Normal
2026-01-06T23:00,SYN-VLP-01,VLP,new MSID Pair,1,1,0,7.3,0,0,registration,1,1,120,0,20,priority,1,1,0,0.0,Normal
2026-01-06T23:00,SYN-VLP-01,VLP,new AMSID Pair,0,0,0,8.1,0,0,registration,1,0,120,0,20,priority,1,0,0,-100.0,Normal
2026-01-06T23:00,SYN-VLP-01,VLP,historic resubmission,0,0,0,7.5,0,0,registration,0,0,120,0,20,standard,0,0,0,0.0,Normal
2026-01-06T23:00,SYN-VTP-01,VTP,new MSID Pair,1,1,0,5.2,0,0,registration,1,1,120,0,20,priority,1,1,0,0.0,Normal
2026-01-06T23:00,SYN-VTP-01,VTP,new AMSID Pair,0,0,0,7.4,0,0,registration,1,0,120,0,20,priority,1,0,0,-100.0,Normal
2026-01-06T23:00,SYN-VTP-01,VTP,historic resubmission,0,0,0,7.1,0,0,registration,0,0,120,0,20,standard,0,0,0,0.0,Normal
2026-01-06T23:00,SYN-AMVLP-01,AMVLP,new MSID Pair,1,1,0,8.0,1,1,registration,0,1,120,0,20,priority,1,1,0,0.0,Normal
2026-01-06T23:00,SYN-AMVLP-01,AMVLP,new AMSID Pair,1,1,0,5.8,0,0,registration,0,1,120,0,20,priority,1,0,0,0.0,Normal
2026-01-06T23:00,SYN-AMVLP-01,AMVLP,historic resubmission,0,0,0,7.0,0,0,registration,0,0,120,0,20,standard,0,0,0,0.0,Normal
2026-01-06T23:00,SYN-VLP-02,VLP,new MSID Pair,0,0,0,6.1,0,0,registration,0,0,120,0,20,priority,1,1,0,0.0,Normal
2026-01-06T23:00,SYN-VLP-02,VLP,new AMSID Pair,1,1,0,7.8,1,1,registration,0,1,120,0,20,priority,1,0,0,0.0,Normal
2026-01-06T23:00,SYN-VLP-02,VLP,historic resubmission,0,0,0,7.8,0,0,registration,0,0,120,0,20,standard,0,0,0,0.0,Normal
2026-01-06T23:00,SYN-VTP-02,VTP,new MSID Pair,0,0,0,5.7,0,0,registration,0,0,120,0,20,priority,1,1,0,0.0,Normal
2026-01-06T23:00,SYN-VTP-02,VTP,new AMSID Pair,0,0,0,7.2,0,0,registration,1,0,120,0,20,priority,1,0,0,-100.0,Normal
2026-01-06T23:00,SYN-VTP-02,VTP,historic resubmission,0,0,0,7.8,0,0,registration,2,0,120,0,20,standard,0,0,0,-100.0,Normal
2026-01-06T23:00,SYN-SUP-01,Supplier,new MSID Pair,0,0,0,6.4,0,0,registration,0,0,120,0,20,priority,1,1,0,0.0,Normal
2026-01-06T23:00,SYN-SUP-01,Supplier,new AMSID Pair,0,0,0,5.8,0,0,registration,1,0,120,0,20,priority,1,0,0,-100.0,Normal
2026-01-06T23:00,SYN-SUP-01,Supplier,historic resubmission,1,1,0,7.3,0,0,registration,1,1,120,0,20,standard,0,0,0,0.0,Normal
2026-01-07T00:00,SYN-VLP-01,VLP,new MSID Pair,2,2,0,8.0,0,0,registration,1,2,120,0,20,priority,1,1,0,100.0,Normal
2026-01-07T00:00,SYN-VLP-01,VLP,new AMSID Pair,0,0,0,6.0,0,0,registration,0,0,120,0,20,priority,1,0,0,0.0,Normal
2026-01-07T00:00,SYN-VLP-01,VLP,historic resubmission,0,0,0,5.7,0,0,registration,1,0,120,0,20,standard,0,0,0,-100.0,Normal
2026-01-07T00:00,SYN-VTP-01,VTP,new MSID Pair,0,0,0,5.9,0,0,registration,1,0,120,0,20,priority,1,1,0,-100.0,Normal
2026-01-07T00:00,SYN-VTP-01,VTP,new AMSID Pair,1,1,0,5.6,0,0,registration,0,1,120,0,20,priority,1,0,0,0.0,Normal
2026-01-07T00:00,SYN-VTP-01,VTP,historic resubmission,0,0,0,8.9,0,0,registration,0,0,120,0,20,standard,0,0,0,0.0,Normal
2026-01-07T00:00,SYN-AMVLP-01,AMVLP,new MSID Pair,0,0,0,8.4,0,0,registration,0,0,120,0,20,priority,1,1,0,0.0,Normal
2026-01-07T00:00,SYN-AMVLP-01,AMVLP,new AMSID Pair,1,1,0,8.4,0,0,registration,2,1,120,0,20,priority,1,0,0,-50.0,Normal
2026-01-07T00:00,SYN-AMVLP-01,AMVLP,historic resubmission,0,0,0,5.4,0,0,registration,1,0,120,0,20,standard,0,0,0,-100.0,Normal
2026-01-07T00:00,SYN-VLP-02,VLP,new MSID Pair,1,1,0,8.9,0,0,registration,0,1,120,0,20,priority,1,1,0,0.0,Normal
2026-01-07T00:00,SYN-VLP-02,VLP,new AMSID Pair,0,0,0,8.0,0,0,registration,0,0,120,0,20,priority,1,0,0,0.0,Normal
2026-01-07T00:00,SYN-VLP-02,VLP,historic resubmission,2,2,0,5.6,0,0,registration,1,2,120,0,20,standard,0,0,0,100.0,Normal
2026-01-07T00:00,SYN-VTP-02,VTP,new MSID Pair,2,2,0,5.3,0,1,registration,0,2,120,0,20,priority,1,1,0,0.0,Normal
2026-01-07T00:00,SYN-VTP-02,VTP,new AMSID Pair,0,0,0,6.4,0,0,registration,1,0,120,0,20,priority,1,0,0,-100.0,Normal
2026-01-07T00:00,SYN-VTP-02,VTP,historic resubmission,0,0,0,5.4,0,0,registration,0,0,120,0,20,standard,0,0,0,0.0,Normal
2026-01-07T00:00,SYN-SUP-01,Supplier,new MSID Pair,1,1,0,8.6,0,0,registration,0,1,120,0,20,priority,1,1,0,0.0,Normal
2026-01-07T00:00,SYN-SUP-01,Supplier,new AMSID Pair,0,0,0,5.1,0,0,registration,0,0,120,0,20,priority,1,0,0,0.0,Normal
2026-01-07T00:00,SYN-SUP-01,Supplier,historic resubmission,1,1,0,7.7,0,0,registration,1,1,120,0,20,standard,0,0,0,0.0,Normal
2026-01-07T01:00,SYN-VLP-01,VLP,new MSID Pair,2,2,0,7.8,0,0,registration,0,2,120,0,20,priority,1,1,0,0.0,Normal
2026-01-07T01:00,SYN-VLP-01,VLP,new AMSID Pair,1,1,0,6.8,0,0,registration,1,1,120,0,20,priority,1,0,0,0.0,Normal
2026-01-07T01:00,SYN-VLP-01,VLP,historic resubmission,0,0,0,6.4,0,0,registration,1,0,120,0,20,standard,0,0,0,-100.0,Normal
2026-01-07T01:00,SYN-VTP-01,VTP,new MSID Pair,0,0,0,7.3,0,0,registration,0,0,120,0,20,priority,1,1,0,0.0,Normal
2026-01-07T01:00,SYN-VTP-01,VTP,new AMSID Pair,2,2,0,8.4,0,0,registration,0,2,120,0,20,priority,1,0,0,0.0,Normal
2026-01-07T01:00,SYN-VTP-01,VTP,historic resubmission,0,0,0,6.9,0,0,registration,0,0,120,0,20,standard,0,0,0,0.0,Normal
2026-01-07T01:00,SYN-AMVLP-01,AMVLP,new MSID Pair,0,0,0,7.3,0,0,registration,0,0,120,0,20,priority,1,1,0,0.0,Normal
2026-01-07T01:00,SYN-AMVLP-01,AMVLP,new AMSID Pair,1,1,0,7.3,0,0,registration,2,1,120,0,20,priority,1,0,0,-50.0,Normal
2026-01-07T01:00,SYN-AMVLP-01,AMVLP,historic resubmission,1,1,0,5.6,0,0,registration,1,1,120,0,20,standard,0,0,0,0.0,Normal
2026-01-07T01:00,SYN-VLP-02,VLP,new MSID Pair,1,1,0,6.9,0,0,registration,0,1,120,0,20,priority,1,1,0,0.0,Normal
2026-01-07T01:00,SYN-VLP-02,VLP,new AMSID Pair,0,0,0,6.5,0,0,registration,0,0,120,0,20,priority,1,0,0,0.0,Normal
2026-01-07T01:00,SYN-VLP-02,VLP,historic resubmission,0,0,0,7.1,0,0,registration,0,0,120,0,20,standard,0,0,0,0.0,Normal
2026-01-07T01:00,SYN-VTP-02,VTP,new MSID Pair,1,1,0,8.0,0,0,registration,1,1,120,0,20,priority,1,1,0,0.0,Normal
2026-01-07T01:00,SYN-VTP-02,VTP,new AMSID Pair,2,2,0,6.1,0,0,registration,0,2,120,0,20,priority,1,0,0,0.0,Normal
2026-01-07T01:00,SYN-VTP-02,VTP,historic resubmission,1,1,0,5.7,0,1,registration,1,1,120,0,20,standard,0,0,0,0.0,Normal
2026-01-07T01:00,SYN-SUP-01,Supplier,new MSID Pair,1,1,0,7.7,0,0,registration,1,1,120,0,20,priority,1,1,0,0.0,Normal
2026-01-07T01:00,SYN-SUP-01,Supplier,new AMSID Pair,0,0,0,7.0,0,0,registration,0,0,120,0,20,priority,1,0,0,0.0,Normal
2026-01-07T01:00,SYN-SUP-01,Supplier,historic resubmission,0,0,0,7.5,0,0,registration,1,0,120,0,20,standard,0,0,0,-100.0,Normal
2026-01-07T02:00,SYN-VLP-01,VLP,new MSID Pair,2,2,0,7.6,0,0,registration,0,2,120,0,20,priority,1,1,0,0.0,Normal
2026-01-07T02:00,SYN-VLP-01,VLP,new AMSID Pair,1,1,0,7.7,0,0,registration,1,1,120,0,20,priority,1,0,0,0.0,Normal
2026-01-07T02:00,SYN-VLP-01,VLP,historic resubmission,0,0,0,9.0,0,0,registration,0,0,120,0,20,standard,0,0,0,0.0,Normal
2026-01-07T02:00,SYN-VTP-01,VTP,new MSID Pair,0,0,0,8.1,0,0,registration,1,0,120,0,20,priority,1,1,0,-100.0,Normal
2026-01-07T02:00,SYN-VTP-01,VTP,new AMSID Pair,0,0,0,7.5,0,0,registration,1,0,120,0,20,priority,1,0,0,-100.0,Normal
2026-01-07T02:00,SYN-VTP-01,VTP,historic resubmission,0,0,0,5.9,0,0,registration,0,0,120,0,20,standard,0,0,0,0.0,Normal
2026-01-07T02:00,SYN-AMVLP-01,AMVLP,new MSID Pair,0,0,0,7.7,0,0,registration,0,0,120,0,20,priority,1,1,0,0.0,Normal
2026-01-07T02:00,SYN-AMVLP-01,AMVLP,new AMSID Pair,1,1,0,7.6,0,0,registration,1,1,120,0,20,priority,1,0,0,0.0,Normal
2026-01-07T02:00,SYN-AMVLP-01,AMVLP,historic resubmission,1,1,0,8.6,0,0,registration,0,1,120,0,20,standard,0,0,0,0.0,Normal
2026-01-07T02:00,SYN-VLP-02,VLP,new MSID Pair,2,2,0,6.2,0,0,registration,2,2,120,0,20,priority,1,1,0,0.0,Normal
2026-01-07T02:00,SYN-VLP-02,VLP,new AMSID Pair,0,0,0,7.4,0,0,registration,0,0,120,0,20,priority,1,0,0,0.0,Normal
2026-01-07T02:00,SYN-VLP-02,VLP,historic resubmission,1,1,0,7.0,0,0,registration,0,1,120,0,20,standard,0,0,0,0.0,Normal
2026-01-07T02:00,SYN-VTP-02,VTP,new MSID Pair,1,1,0,7.9,0,0,registration,0,1,120,0,20,priority,1,1,0,0.0,Normal
2026-01-07T02:00,SYN-VTP-02,VTP,new AMSID Pair,1,1,0,9.0,0,0,registration,1,1,120,0,20,priority,1,0,0,0.0,Normal
2026-01-07T02:00,SYN-VTP-02,VTP,historic resubmission,1,1,0,8.3,0,0,registration,0,1,120,0,20,standard,0,0,0,0.0,Normal
2026-01-07T02:00,SYN-SUP-01,Supplier,new MSID Pair,0,0,0,6.2,0,0,registration,1,0,120,0,20,priority,1,1,0,-100.0,Normal
2026-01-07T02:00,SYN-SUP-01,Supplier,new AMSID Pair,0,0,0,7.1,0,0,registration,0,0,120,0,20,priority,1,0,0,0.0,Normal
2026-01-07T02:00,SYN-SUP-01,Supplier,historic resubmission,0,0,0,8.3,0,0,registration,1,0,120,0,20,standard,0,0,0,-100.0,Normal
2026-01-07T03:00,SYN-VLP-01,VLP,new MSID Pair,2,2,0,5.0,0,0,registration,1,2,120,0,20,priority,1,1,0,100.0,Normal
2026-01-07T03:00,SYN-VLP-01,VLP,new AMSID Pair,1,1,0,6.5,0,0,registration,1,1,120,0,20,priority,1,0,0,0.0,Normal
2026-01-07T03:00,SYN-VLP-01,VLP,historic resubmission,0,0,0,7.7,0,0,registration,1,0,120,0,20,standard,0,0,0,-100.0,Normal
2026-01-07T03:00,SYN-VTP-01,VTP,new MSID Pair,0,0,0,5.6,0,0,registration,1,0,120,0,20,priority,1,1,0,-100.0,Normal
2026-01-07T03:00,SYN-VTP-01,VTP,new AMSID Pair,2,2,0,7.9,0,0,registration,0,2,120,0,20,priority,1,0,0,0.0,Normal
2026-01-07T03:00,SYN-VTP-01,VTP,historic resubmission,1,1,0,8.5,0,0,registration,0,1,120,0,20,standard,0,0,0,0.0,Normal
2026-01-07T03:00,SYN-AMVLP-01,AMVLP,new MSID Pair,0,0,0,8.6,0,0,registration,0,0,120,0,20,priority,1,1,0,0.0,Normal
2026-01-07T03:00,SYN-AMVLP-01,AMVLP,new AMSID Pair,2,2,0,6.1,0,0,registration,2,2,120,0,20,priority,1,0,0,0.0,Normal
2026-01-07T03:00,SYN-AMVLP-01,AMVLP,historic resubmission,0,0,0,6.3,0,0,registration,0,0,120,0,20,standard,0,0,0,0.0,Normal
2026-01-07T03:00,SYN-VLP-02,VLP,new MSID Pair,2,2,0,7.3,0,0,registration,0,2,120,0,20,priority,1,1,0,0.0,Normal
2026-01-07T03:00,SYN-VLP-02,VLP,new AMSID Pair,0,0,0,7.0,0,0,registration,0,0,120,0,20,priority,1,0,0,0.0,Normal
2026-01-07T03:00,SYN-VLP-02,VLP,historic resubmission,1,1,0,5.4,0,0,registration,0,1,120,0,20,standard,0,0,0,0.0,Normal
2026-01-07T03:00,SYN-VTP-02,VTP,new MSID Pair,1,1,0,5.5,0,0,registration,0,1,120,0,20,priority,1,1,0,0.0,Normal
2026-01-07T03:00,SYN-VTP-02,VTP,new AMSID Pair,0,0,0,8.5,0,0,registration,1,0,120,0,20,priority,1,0,0,-100.0,Normal
2026-01-07T03:00,SYN-VTP-02,VTP,historic resubmission,0,0,0,5.9,0,0,registration,1,0,120,0,20,standard,0,0,0,-100.0,Normal
2026-01-07T03:00,SYN-SUP-01,Supplier,new MSID Pair,0,0,0,8.0,0,0,registration,1,0,120,0,20,priority,1,1,0,-100.0,Normal
2026-01-07T03:00,SYN-SUP-01,Supplier,new AMSID Pair,0,0,0,6.4,0,0,registration,1,0,120,0,20,priority,1,0,0,-100.0,Normal
2026-01-07T03:00,SYN-SUP-01,Supplier,historic resubmission,1,1,0,7.1,0,0,registration,0,1,120,0,20,standard,0,0,0,0.0,Normal
2026-01-07T04:00,SYN-VLP-01,VLP,new MSID Pair,1,1,0,7.3,0,0,registration,2,1,120,0,20,priority,1,1,0,-50.0,Normal
2026-01-07T04:00,SYN-VLP-01,VLP,new AMSID Pair,0,0,0,7.5,0,0,registration,0,0,120,0,20,priority,1,0,0,0.0,Normal
2026-01-07T04:00,SYN-VLP-01,VLP,historic resubmission,0,0,0,7.3,0,0,registration,0,0,120,0,20,standard,0,0,0,0.0,Normal
2026-01-07T04:00,SYN-VTP-01,VTP,new MSID Pair,0,0,0,8.5,0,0,registration,1,0,120,0,20,priority,1,1,0,-100.0,Normal
2026-01-07T04:00,SYN-VTP-01,VTP,new AMSID Pair,1,1,0,6.5,0,0,registration,0,1,120,0,20,priority,1,0,0,0.0,Normal
2026-01-07T04:00,SYN-VTP-01,VTP,historic resubmission,0,0,0,5.4,0,0,registration,1,0,120,0,20,standard,0,0,0,-100.0,Normal
2026-01-07T04:00,SYN-AMVLP-01,AMVLP,new MSID Pair,0,0,0,5.3,0,0,registration,0,0,120,0,20,priority,1,1,0,0.0,Normal
2026-01-07T04:00,SYN-AMVLP-01,AMVLP,new AMSID Pair,0,0,0,8.0,0,0,registration,1,0,120,0,20,priority,1,0,0,-100.0,Normal
2026-01-07T04:00,SYN-AMVLP-01,AMVLP,historic resubmission,1,1,0,6.8,0,0,registration,0,1,120,0,20,standard,0,0,0,0.0,Normal
2026-01-07T04:00,SYN-VLP-02,VLP,new MSID Pair,0,0,0,9.0,0,0,registration,0,0,120,0,20,priority,1,1,0,0.0,Normal
2026-01-07T04:00,SYN-VLP-02,VLP,new AMSID Pair,0,0,0,7.7,0,0,registration,1,0,120,0,20,priority,1,0,0,-100.0,Normal
2026-01-07T04:00,SYN-VLP-02,VLP,historic resubmission,1,1,0,8.7,0,0,registration,0,1,120,0,20,standard,0,0,0,0.0,Normal
2026-01-07T04:00,SYN-VTP-02,VTP,new MSID Pair,0,0,0,7.1,0,0,registration,2,0,120,0,20,priority,1,1,0,-100.0,Normal
2026-01-07T04:00,SYN-VTP-02,VTP,new AMSID Pair,0,0,0,5.6,0,0,registration,0,0,120,0,20,priority,1,0,0,0.0,Normal
2026-01-07T04:00,SYN-VTP-02,VTP,historic resubmission,0,0,0,5.5,0,0,registration,1,0,120,0,20,standard,0,0,0,-100.0,Normal
2026-01-07T04:00,SYN-SUP-01,Supplier,new MSID Pair,0,0,0,8.7,0,0,registration,0,0,120,0,20,priority,1,1,0,0.0,Normal
2026-01-07T04:00,SYN-SUP-01,Supplier,new AMSID Pair,1,1,0,7.1,0,0,registration,0,1,120,0,20,priority,1,0,0,0.0,Normal
2026-01-07T04:00,SYN-SUP-01,Supplier,historic resubmission,0,0,0,6.0,0,0,registration,0,0,120,0,20,standard,0,0,0,0.0,Normal
2026-01-07T05:00,SYN-VLP-01,VLP,new MSID Pair,2,2,0,7.1,1,1,registration,2,2,120,0,20,priority,1,1,0,0.0,Normal
2026-01-07T05:00,SYN-VLP-01,VLP,new AMSID Pair,1,1,0,5.5,0,0,registration,0,1,120,0,20,priority,1,0,0,0.0,Normal
2026-01-07T05:00,SYN-VLP-01,VLP,historic resubmission,0,0,0,7.8,0,0,registration,0,0,120,0,20,standard,0,0,0,0.0,Normal
2026-01-07T05:00,SYN-VTP-01,VTP,new MSID Pair,3,3,0,5.3,0,0,registration,0,3,120,0,20,priority,1,1,0,0.0,Normal
2026-01-07T05:00,SYN-VTP-01,VTP,new AMSID Pair,0,0,0,7.5,0,0,registration,1,0,120,0,20,priority,1,0,0,-100.0,Normal
2026-01-07T05:00,SYN-VTP-01,VTP,historic resubmission,0,0,0,7.3,0,0,registration,0,0,120,0,20,standard,0,0,0,0.0,Normal
2026-01-07T05:00,SYN-AMVLP-01,AMVLP,new MSID Pair,0,0,0,6.8,0,0,registration,0,0,120,0,20,priority,1,1,0,0.0,Normal
2026-01-07T05:00,SYN-AMVLP-01,AMVLP,new AMSID Pair,1,1,0,8.4,0,0,registration,1,1,120,0,20,priority,1,0,0,0.0,Normal
2026-01-07T05:00,SYN-AMVLP-01,AMVLP,historic resubmission,1,1,0,6.0,0,0,registration,0,1,120,0,20,standard,0,0,0,0.0,Normal
2026-01-07T05:00,SYN-VLP-02,VLP,new MSID Pair,1,1,0,8.1,0,0,registration,0,1,120,0,20,priority,1,1,0,0.0,Normal
2026-01-07T05:00,SYN-VLP-02,VLP,new AMSID Pair,1,1,0,6.1,0,0,registration,0,1,120,0,20,priority,1,0,0,0.0,Normal
2026-01-07T05:00,SYN-VLP-02,VLP,historic resubmission,1,1,0,5.9,0,0,registration,1,1,120,0,20,standard,0,0,0,0.0,Normal
2026-01-07T05:00,SYN-VTP-02,VTP,new MSID Pair,0,0,0,8.9,0,0,registration,0,0,120,0,20,priority,1,1,0,0.0,Normal
2026-01-07T05:00,SYN-VTP-02,VTP,new AMSID Pair,0,0,0,5.6,0,0,registration,0,0,120,0,20,priority,1,0,0,0.0,Normal
2026-01-07T05:00,SYN-VTP-02,VTP,historic resubmission,0,0,0,8.9,0,0,registration,1,0,120,0,20,standard,0,0,0,-100.0,Normal
2026-01-07T05:00,SYN-SUP-01,Supplier,new MSID Pair,0,0,0,7.8,0,0,registration,0,0,120,0,20,priority,1,1,0,0.0,Normal
2026-01-07T05:00,SYN-SUP-01,Supplier,new AMSID Pair,1,1,0,6.2,0,0,registration,0,1,120,0,20,priority,1,0,0,0.0,Normal
2026-01-07T05:00,SYN-SUP-01,Supplier,historic resubmission,0,0,0,6.3,0,0,registration,0,0,120,0,20,standard,0,0,0,0.0,Normal
2026-01-07T06:00,SYN-VLP-01,VLP,new MSID Pair,4,4,0,8.3,0,0,registration,3,4,120,0,20,priority,1,1,0,33.33,Normal
2026-01-07T06:00,SYN-VLP-01,VLP,new AMSID Pair,0,0,0,8.6,0,0,registration,0,0,120,0,20,priority,1,0,0,0.0,Normal
2026-01-07T06:00,SYN-VLP-01,VLP,historic resubmission,0,0,0,5.1,0,0,registration,0,0,120,0,20,standard,0,0,0,0.0,Normal
2026-01-07T06:00,SYN-VTP-01,VTP,new MSID Pair,0,0,0,8.0,0,0,registration,0,0,120,0,20,priority,1,1,0,0.0,Normal
2026-01-07T06:00,SYN-VTP-01,VTP,new AMSID Pair,2,2,0,7.9,0,0,registration,2,2,120,0,20,priority,1,0,0,0.0,Normal
2026-01-07T06:00,SYN-VTP-01,VTP,historic resubmission,0,0,0,7.5,0,0,registration,0,0,120,0,20,standard,0,0,0,0.0,Normal
2026-01-07T06:00,SYN-AMVLP-01,AMVLP,new MSID Pair,0,0,0,5.3,0,0,registration,0,0,120,0,20,priority,1,1,0,0.0,Normal
2026-01-07T06:00,SYN-AMVLP-01,AMVLP,new AMSID Pair,3,3,0,7.5,0,0,registration,3,3,120,0,20,priority,1,0,0,0.0,Normal
2026-01-07T06:00,SYN-AMVLP-01,AMVLP,historic resubmission,2,2,0,7.6,0,0,registration,0,2,120,0,20,standard,0,0,0,0.0,Normal
2026-01-07T06:00,SYN-VLP-02,VLP,new MSID Pair,2,2,0,6.2,0,0,registration,2,2,120,0,20,priority,1,1,0,0.0,Normal
2026-01-07T06:00,SYN-VLP-02,VLP,new AMSID Pair,0,0,0,7.9,0,0,registration,0,0,120,0,20,priority,1,0,0,0.0,Normal
2026-01-07T06:00,SYN-VLP-02,VLP,historic resubmission,0,0,0,7.9,0,0,registration,0,0,120,0,20,standard,0,0,0,0.0,Normal
2026-01-07T06:00,SYN-VTP-02,VTP,new MSID Pair,1,1,0,5.8,0,0,registration,1,1,120,0,20,priority,1,1,0,0.0,Normal
2026-01-07T06:00,SYN-VTP-02,VTP,new AMSID Pair,1,1,0,6.4,0,0,registration,1,1,120,0,20,priority,1,0,0,0.0,Normal
2026-01-07T06:00,SYN-VTP-02,VTP,historic resubmission,1,1,0,7.9,0,0,registration,0,1,120,0,20,standard,0,0,0,0.0,Normal
2026-01-07T06:00,SYN-SUP-01,Supplier,new MSID Pair,1,1,0,5.3,0,0,registration,0,1,120,0,20,priority,1,1,0,0.0,Normal
2026-01-07T06:00,SYN-SUP-01,Supplier,new AMSID Pair,0,0,0,8.8,0,0,registration,0,0,120,0,20,priority,1,0,0,0.0,Normal
2026-01-07T06:00,SYN-SUP-01,Supplier,historic resubmission,1,1,0,8.9,0,0,registration,0,1,120,0,20,standard,0,0,0,0.0,Normal
2026-01-07T07:00,SYN-VLP-01,VLP,new MSID Pair,3,3,0,5.6,0,0,registration,2,3,120,0,20,priority,1,1,0,50.0,Normal
2026-01-07T07:00,SYN-VLP-01,VLP,new AMSID Pair,1,1,0,7.4,0,0,registration,1,1,120,0,20,priority,1,0,0,0.0,Normal
2026-01-07T07:00,SYN-VLP-01,VLP,historic resubmission,1,1,0,5.5,0,0,registration,0,1,120,0,20,standard,0,0,0,0.0,Normal
2026-01-07T07:00,SYN-VTP-01,VTP,new MSID Pair,1,1,0,7.1,0,0,registration,1,1,120,0,20,priority,1,1,0,0.0,Normal
2026-01-07T07:00,SYN-VTP-01,VTP,new AMSID Pair,2,2,0,7.6,0,0,registration,0,2,120,0,20,priority,1,0,0,0.0,Normal
2026-01-07T07:00,SYN-VTP-01,VTP,historic resubmission,1,0,1,6.1,0,0,registration,0,1,120,0,20,standard,0,0,1,0.0,Normal
2026-01-07T07:00,SYN-AMVLP-01,AMVLP,new MSID Pair,0,0,0,8.8,0,0,registration,1,0,120,0,20,priority,1,1,0,-100.0,Normal
2026-01-07T07:00,SYN-AMVLP-01,AMVLP,new AMSID Pair,2,2,0,8.1,0,0,registration,2,2,120,0,20,priority,1,0,0,0.0,Normal
2026-01-07T07:00,SYN-AMVLP-01,AMVLP,historic resubmission,1,1,0,7.0,0,0,registration,0,1,120,0,20,standard,0,0,0,0.0,Normal
2026-01-07T07:00,SYN-VLP-02,VLP,new MSID Pair,3,3,0,6.3,0,0,registration,2,3,120,0,20,priority,1,1,0,50.0,Normal
2026-01-07T07:00,SYN-VLP-02,VLP,new AMSID Pair,1,1,0,7.6,0,0,registration,0,1,120,0,20,priority,1,0,0,0.0,Normal
2026-01-07T07:00,SYN-VLP-02,VLP,historic resubmission,1,1,0,7.1,0,0,registration,0,1,120,0,20,standard,0,0,0,0.0,Normal
2026-01-07T07:00,SYN-VTP-02,VTP,new MSID Pair,1,1,0,7.0,0,0,registration,0,1,120,0,20,priority,1,1,0,0.0,Normal
2026-01-07T07:00,SYN-VTP-02,VTP,new AMSID Pair,1,1,0,5.2,0,0,registration,1,1,120,0,20,priority,1,0,0,0.0,Normal
2026-01-07T07:00,SYN-VTP-02,VTP,historic resubmission,1,1,0,5.2,0,0,registration,1,1,120,0,20,standard,0,0,0,0.0,Normal
2026-01-07T07:00,SYN-SUP-01,Supplier,new MSID Pair,0,0,0,7.2,0,0,registration,0,0,120,0,20,priority,1,1,0,0.0,Normal
2026-01-07T07:00,SYN-SUP-01,Supplier,new AMSID Pair,1,1,0,8.4,0,0,registration,0,1,120,0,20,priority,1,0,0,0.0,Normal
2026-01-07T07:00,SYN-SUP-01,Supplier,historic resubmission,0,0,0,6.5,0,0,registration,2,0,120,0,20,standard,0,0,0,-100.0,Normal
2026-01-07T08:00,SYN-VLP-01,VLP,new MSID Pair,3,3,0,5.8,0,0,registration,2,3,120,0,20,priority,1,1,0,50.0,Normal
2026-01-07T08:00,SYN-VLP-01,VLP,new AMSID Pair,0,0,0,6.7,0,0,registration,0,0,120,0,20,priority,1,0,0,0.0,Normal
2026-01-07T08:00,SYN-VLP-01,VLP,historic resubmission,0,0,0,8.8,0,0,registration,0,0,120,0,20,standard,0,0,0,0.0,Normal
2026-01-07T08:00,SYN-VTP-01,VTP,new MSID Pair,1,1,0,5.4,0,0,registration,1,1,120,0,20,priority,1,1,0,0.0,Normal
2026-01-07T08:00,SYN-VTP-01,VTP,new AMSID Pair,1,1,0,7.8,0,0,registration,1,1,120,0,20,priority,1,0,0,0.0,Normal
2026-01-07T08:00,SYN-VTP-01,VTP,historic resubmission,0,1,0,8.8,0,0,registration,1,0,120,0,20,standard,0,0,-1,-100.0,Normal
2026-01-07T08:00,SYN-AMVLP-01,AMVLP,new MSID Pair,0,0,0,6.5,0,0,registration,0,0,120,0,20,priority,1,1,0,0.0,Normal
2026-01-07T08:00,SYN-AMVLP-01,AMVLP,new AMSID Pair,3,3,0,8.2,0,0,registration,2,3,120,0,20,priority,1,0,0,50.0,Normal
2026-01-07T08:00,SYN-AMVLP-01,AMVLP,historic resubmission,1,1,0,8.4,0,0,registration,0,1,120,0,20,standard,0,0,0,0.0,Normal
2026-01-07T08:00,SYN-VLP-02,VLP,new MSID Pair,2,2,0,8.2,1,2,registration,1,2,120,0,20,priority,1,1,0,100.0,Normal
2026-01-07T08:00,SYN-VLP-02,VLP,new AMSID Pair,0,0,0,6.3,0,0,registration,1,0,120,0,20,priority,1,0,0,-100.0,Normal
2026-01-07T08:00,SYN-VLP-02,VLP,historic resubmission,1,1,0,7.7,0,0,registration,0,1,120,0,20,standard,0,0,0,0.0,Normal
2026-01-07T08:00,SYN-VTP-02,VTP,new MSID Pair,0,0,0,5.7,0,0,registration,0,0,120,0,20,priority,1,1,0,0.0,Normal
2026-01-07T08:00,SYN-VTP-02,VTP,new AMSID Pair,1,1,0,9.0,0,0,registration,2,1,120,0,20,priority,1,0,0,-50.0,Normal
2026-01-07T08:00,SYN-VTP-02,VTP,historic resubmission,2,2,0,7.3,0,0,registration,0,2,120,0,20,standard,0,0,0,0.0,Normal
2026-01-07T08:00,SYN-SUP-01,Supplier,new MSID Pair,1,1,0,6.0,0,0,registration,0,1,120,0,20,priority,1,1,0,0.0,Normal
2026-01-07T08:00,SYN-SUP-01,Supplier,new AMSID Pair,0,0,0,7.1,0,0,registration,0,0,120,0,20,priority,1,0,0,0.0,Normal
2026-01-07T08:00,SYN-SUP-01,Supplier,historic resubmission,1,1,0,7.2,0,0,registration,1,1,120,0,20,standard,0,0,0,0.0,Normal
2026-01-07T09:00,SYN-VLP-01,VLP,new MSID Pair,3,3,0,5.5,0,0,registration,4,3,120,0,20,priority,1,1,0,-25.0,Normal
2026-01-07T09:00,SYN-VLP-01,VLP,new AMSID Pair,0,0,0,7.8,0,0,registration,0,0,120,0,20,priority,1,0,0,0.0,Normal
2026-01-07T09:00,SYN-VLP-01,VLP,historic resubmission,2,1,1,8.3,0,0,registration,0,2,120,0,20,standard,0,0,1,0.0,Normal
2026-01-07T09:00,SYN-VTP-01,VTP,new MSID Pair,1,1,0,5.1,0,0,registration,0,1,120,0,20,priority,1,1,0,0.0,Normal
2026-01-07T09:00,SYN-VTP-01,VTP,new AMSID Pair,2,2,0,8.8,0,0,registration,2,2,120,0,20,priority,1,0,0,0.0,Normal
2026-01-07T09:00,SYN-VTP-01,VTP,historic resubmission,1,0,1,5.7,0,0,registration,0,1,120,0,20,standard,0,0,1,0.0,Normal
2026-01-07T09:00,SYN-AMVLP-01,AMVLP,new MSID Pair,0,0,0,5.2,0,0,registration,0,0,120,0,20,priority,1,1,0,0.0,Normal
2026-01-07T09:00,SYN-AMVLP-01,AMVLP,new AMSID Pair,4,4,0,6.0,0,0,registration,4,4,120,0,20,priority,1,0,0,0.0,Normal
2026-01-07T09:00,SYN-AMVLP-01,AMVLP,historic resubmission,0,0,0,5.3,0,0,registration,1,0,120,0,20,standard,0,0,0,-100.0,Normal
2026-01-07T09:00,SYN-VLP-02,VLP,new MSID Pair,2,2,0,5.5,0,0,registration,2,2,120,0,20,priority,1,1,0,0.0,Normal
2026-01-07T09:00,SYN-VLP-02,VLP,new AMSID Pair,2,2,0,5.4,0,0,registration,1,2,120,0,20,priority,1,0,0,100.0,Normal
2026-01-07T09:00,SYN-VLP-02,VLP,historic resubmission,0,0,0,5.5,0,0,registration,0,0,120,0,20,standard,0,0,0,0.0,Normal
2026-01-07T09:00,SYN-VTP-02,VTP,new MSID Pair,0,0,0,6.1,0,0,registration,1,0,120,0,20,priority,1,1,0,-100.0,Normal
2026-01-07T09:00,SYN-VTP-02,VTP,new AMSID Pair,2,2,0,6.7,0,0,registration,1,2,120,0,20,priority,1,0,0,100.0,Normal
2026-01-07T09:00,SYN-VTP-02,VTP,historic resubmission,1,1,0,6.5,0,0,registration,2,1,120,0,20,standard,0,0,0,-50.0,Normal
2026-01-07T09:00,SYN-SUP-01,Supplier,new MSID Pair,1,1,0,6.2,0,0,registration,1,1,120,0,20,priority,1,1,0,0.0,Normal
2026-01-07T09:00,SYN-SUP-01,Supplier,new AMSID Pair,0,0,0,7.1,0,0,registration,1,0,120,0,20,priority,1,0,0,-100.0,Normal
2026-01-07T09:00,SYN-SUP-01,Supplier,historic resubmission,2,1,1,8.1,0,0,registration,1,2,120,0,20,standard,0,0,1,100.0,Normal
2026-01-07T10:00,SYN-VLP-01,VLP,new MSID Pair,5,4,1,5.4,0,0,registration,4,5,120,0,20,priority,1,1,1,25.0,Normal
2026-01-07T10:00,SYN-VLP-01,VLP,new AMSID Pair,2,1,1,8.4,0,0,registration,0,2,120,0,20,priority,1,0,1,0.0,Normal
2026-01-07T10:00,SYN-VLP-01,VLP,historic resubmission,0,0,1,8.5,0,0,registration,0,0,120,0,20,standard,0,0,0,0.0,Normal
2026-01-07T10:00,SYN-VTP-01,VTP,new MSID Pair,0,0,0,6.1,0,0,registration,1,0,120,0,20,priority,1,1,0,-100.0,Normal
2026-01-07T10:00,SYN-VTP-01,VTP,new AMSID Pair,3,2,1,7.3,0,0,registration,1,3,120,0,20,priority,1,0,1,200.0,Normal
2026-01-07T10:00,SYN-VTP-01,VTP,historic resubmission,1,1,1,6.3,0,0,registration,1,1,120,0,20,standard,0,0,0,0.0,Normal
2026-01-07T10:00,SYN-AMVLP-01,AMVLP,new MSID Pair,1,1,0,7.0,0,0,registration,0,1,120,0,20,priority,1,1,0,0.0,Normal
2026-01-07T10:00,SYN-AMVLP-01,AMVLP,new AMSID Pair,4,3,1,6.3,0,0,registration,1,4,120,0,20,priority,1,0,1,300.0,Normal
2026-01-07T10:00,SYN-AMVLP-01,AMVLP,historic resubmission,1,0,1,8.9,0,0,registration,0,1,120,0,20,standard,0,0,1,0.0,Normal
2026-01-07T10:00,SYN-VLP-02,VLP,new MSID Pair,2,1,1,8.0,0,0,registration,1,2,120,0,20,priority,1,1,1,100.0,Normal
2026-01-07T10:00,SYN-VLP-02,VLP,new AMSID Pair,1,1,0,8.6,0,0,registration,1,1,120,0,20,priority,1,0,0,0.0,Normal
2026-01-07T10:00,SYN-VLP-02,VLP,historic resubmission,0,0,0,7.4,0,0,registration,1,0,120,0,20,standard,0,0,0,-100.0,Normal
2026-01-07T10:00,SYN-VTP-02,VTP,new MSID Pair,1,1,0,5.9,0,0,registration,1,1,120,0,20,priority,1,1,0,0.0,Normal
2026-01-07T10:00,SYN-VTP-02,VTP,new AMSID Pair,2,2,0,6.9,0,0,registration,3,2,120,0,20,priority,1,0,0,-33.33,Normal
2026-01-07T10:00,SYN-VTP-02,VTP,historic resubmission,2,1,1,5.8,0,0,registration,1,2,120,0,20,standard,0,0,1,100.0,Normal
2026-01-07T10:00,SYN-SUP-01,Supplier,new MSID Pair,1,1,0,8.1,0,0,registration,0,1,120,0,20,priority,1,1,0,0.0,Normal
2026-01-07T10:00,SYN-SUP-01,Supplier,new AMSID Pair,0,0,0,7.0,0,0,registration,0,0,120,0,20,priority,1,0,0,0.0,Normal
2026-01-07T10:00,SYN-SUP-01,Supplier,historic resubmission,2,1,2,7.1,0,0,registration,1,2,120,0,20,standard,0,0,1,100.0,Normal
2026-01-07T11:00,SYN-VLP-01,VLP,new MSID Pair,3,3,1,8.6,0,0,registration,3,3,120,0,20,priority,1,1,0,0.0,Normal
2026-01-07T11:00,SYN-VLP-01,VLP,new AMSID Pair,0,1,0,9.5,0,0,registration,0,0,120,0,20,priority,1,0,-1,0.0,Normal
2026-01-07T11:00,SYN-VLP-01,VLP,historic resubmission,1,1,1,8.3,0,0,registration,1,1,120,0,20,standard,0,0,0,0.0,Normal
2026-01-07T11:00,SYN-VTP-01,VTP,new MSID Pair,1,1,0,6.0,0,0,registration,2,1,120,0,20,priority,1,1,0,-50.0,Normal
2026-01-07T11:00,SYN-VTP-01,VTP,new AMSID Pair,2,2,1,9.4,0,0,registration,2,2,120,0,20,priority,1,0,0,0.0,Normal
2026-01-07T11:00,SYN-VTP-01,VTP,historic resubmission,2,1,2,8.4,0,0,registration,0,2,120,0,20,standard,0,0,1,0.0,Normal
2026-01-07T11:00,SYN-AMVLP-01,AMVLP,new MSID Pair,1,1,0,7.3,1,1,registration,0,1,120,0,20,priority,1,1,0,0.0,Normal
2026-01-07T11:00,SYN-AMVLP-01,AMVLP,new AMSID Pair,3,3,1,8.8,0,0,registration,4,3,120,0,20,priority,1,0,0,-25.0,Normal
2026-01-07T11:00,SYN-AMVLP-01,AMVLP,historic resubmission,1,0,2,6.1,0,0,registration,1,1,120,0,20,standard,0,0,1,0.0,Normal
2026-01-07T11:00,SYN-VLP-02,VLP,new MSID Pair,3,3,1,7.3,0,0,registration,1,3,120,0,20,priority,1,1,0,200.0,Normal
2026-01-07T11:00,SYN-VLP-02,VLP,new AMSID Pair,0,0,0,9.2,0,0,registration,1,0,120,0,20,priority,1,0,0,-100.0,Normal
2026-01-07T11:00,SYN-VLP-02,VLP,historic resubmission,1,0,1,6.6,0,0,registration,1,1,120,0,20,standard,0,0,1,0.0,Normal
2026-01-07T11:00,SYN-VTP-02,VTP,new MSID Pair,0,0,0,9.7,0,0,registration,0,0,120,0,20,priority,1,1,0,0.0,Normal
2026-01-07T11:00,SYN-VTP-02,VTP,new AMSID Pair,2,1,1,9.7,1,1,registration,2,2,120,0,20,priority,1,0,1,0.0,Normal
2026-01-07T11:00,SYN-VTP-02,VTP,historic resubmission,0,0,1,8.9,0,0,registration,1,0,120,0,20,standard,0,0,0,-100.0,Normal
2026-01-07T11:00,SYN-SUP-01,Supplier,new MSID Pair,1,1,0,8.6,0,0,registration,0,1,120,0,20,priority,1,1,0,0.0,Normal
2026-01-07T11:00,SYN-SUP-01,Supplier,new AMSID Pair,1,1,0,6.0,0,0,registration,1,1,120,0,20,priority,1,0,0,0.0,Normal
2026-01-07T11:00,SYN-SUP-01,Supplier,historic resubmission,1,1,2,8.1,0,0,registration,2,1,120,0,20,standard,0,0,0,-50.0,Normal
2026-01-07T12:00,SYN-VLP-01,VLP,new MSID Pair,2,2,1,8.8,0,0,registration,2,2,120,0,20,priority,1,1,0,0.0,Normal
2026-01-07T12:00,SYN-VLP-01,VLP,new AMSID Pair,0,0,0,10.0,0,0,registration,1,0,120,0,20,priority,1,0,0,-100.0,Normal
2026-01-07T12:00,SYN-VLP-01,VLP,historic resubmission,0,1,0,7.2,0,0,registration,1,0,120,0,20,standard,0,0,-1,-100.0,Normal
2026-01-07T12:00,SYN-VTP-01,VTP,new MSID Pair,2,2,0,6.1,0,0,registration,1,2,120,0,20,priority,1,1,0,100.0,Normal
2026-01-07T12:00,SYN-VTP-01,VTP,new AMSID Pair,2,2,1,9.8,0,0,registration,3,2,120,0,20,priority,1,0,0,-33.33,Normal
2026-01-07T12:00,SYN-VTP-01,VTP,historic resubmission,1,1,2,8.8,0,0,registration,1,1,120,0,20,standard,0,0,0,0.0,Normal
2026-01-07T12:00,SYN-AMVLP-01,AMVLP,new MSID Pair,0,0,0,7.8,0,0,registration,1,0,120,0,20,priority,1,1,0,-100.0,Normal
2026-01-07T12:00,SYN-AMVLP-01,AMVLP,new AMSID Pair,2,2,1,6.4,0,0,registration,3,2,120,0,20,priority,1,0,0,-33.33,Normal
2026-01-07T12:00,SYN-AMVLP-01,AMVLP,historic resubmission,1,1,2,9.0,0,0,registration,0,1,120,0,20,standard,0,0,0,0.0,Normal
2026-01-07T12:00,SYN-VLP-02,VLP,new MSID Pair,2,2,1,8.7,0,0,registration,1,2,120,0,20,priority,1,1,0,100.0,Normal
2026-01-07T12:00,SYN-VLP-02,VLP,new AMSID Pair,0,0,0,6.7,0,0,registration,1,0,120,0,20,priority,1,0,0,-100.0,Normal
2026-01-07T12:00,SYN-VLP-02,VLP,historic resubmission,0,0,1,8.1,0,0,registration,1,0,120,0,20,standard,0,0,0,-100.0,Normal
2026-01-07T12:00,SYN-VTP-02,VTP,new MSID Pair,2,2,0,9.3,0,0,registration,2,2,120,0,20,priority,1,1,0,0.0,Normal
2026-01-07T12:00,SYN-VTP-02,VTP,new AMSID Pair,2,2,1,8.4,0,0,registration,2,2,120,0,20,priority,1,0,0,0.0,Normal
2026-01-07T12:00,SYN-VTP-02,VTP,historic resubmission,1,1,1,8.1,0,0,registration,1,1,120,0,20,standard,0,0,0,0.0,Normal
2026-01-07T12:00,SYN-SUP-01,Supplier,new MSID Pair,0,0,0,6.1,0,0,registration,1,0,120,0,20,priority,1,1,0,-100.0,Normal
2026-01-07T12:00,SYN-SUP-01,Supplier,new AMSID Pair,0,0,0,7.4,0,0,registration,0,0,120,0,20,priority,1,0,0,0.0,Normal
2026-01-07T12:00,SYN-SUP-01,Supplier,historic resubmission,2,2,2,9.0,0,0,registration,2,2,120,0,20,standard,0,0,0,0.0,Normal
2026-01-07T13:00,SYN-VLP-01,VLP,new MSID Pair,3,3,1,9.2,1,1,registration,4,3,120,0,20,priority,1,1,0,-25.0,Normal
2026-01-07T13:00,SYN-VLP-01,VLP,new AMSID Pair,0,0,0,8.5,0,0,registration,0,0,120,0,20,priority,1,0,0,0.0,Normal
2026-01-07T13:00,SYN-VLP-01,VLP,historic resubmission,0,0,0,9.7,0,0,registration,0,0,120,0,20,standard,0,0,0,0.0,Normal
2026-01-07T13:00,SYN-VTP-01,VTP,new MSID Pair,3,2,1,8.4,0,0,registration,3,3,120,0,20,priority,1,1,1,0.0,Normal
2026-01-07T13:00,SYN-VTP-01,VTP,new AMSID Pair,1,2,0,8.0,1,1,registration,1,1,120,0,20,priority,1,0,-1,0.0,Normal
2026-01-07T13:00,SYN-VTP-01,VTP,historic resubmission,0,1,1,9.3,0,0,registration,0,0,120,0,20,standard,0,0,-1,0.0,Normal
2026-01-07T13:00,SYN-AMVLP-01,AMVLP,new MSID Pair,0,0,0,8.3,0,0,registration,0,0,120,0,20,priority,1,1,0,0.0,Normal
2026-01-07T13:00,SYN-AMVLP-01,AMVLP,new AMSID Pair,3,3,1,6.7,0,0,registration,3,3,120,0,20,priority,1,0,0,0.0,Normal
2026-01-07T13:00,SYN-AMVLP-01,AMVLP,historic resubmission,1,1,2,7.4,0,0,registration,1,1,120,0,20,standard,0,0,0,0.0,Normal
2026-01-07T13:00,SYN-VLP-02,VLP,new MSID Pair,2,2,1,7.8,0,0,registration,1,2,120,0,20,priority,1,1,0,100.0,Normal
2026-01-07T13:00,SYN-VLP-02,VLP,new AMSID Pair,1,1,0,7.3,0,0,registration,1,1,120,0,20,priority,1,0,0,0.0,Normal
2026-01-07T13:00,SYN-VLP-02,VLP,historic resubmission,1,1,1,7.7,0,0,registration,1,1,120,0,20,standard,0,0,0,0.0,Normal
2026-01-07T13:00,SYN-VTP-02,VTP,new MSID Pair,0,0,0,9.9,0,0,registration,1,0,120,0,20,priority,1,1,0,-100.0,Normal
2026-01-07T13:00,SYN-VTP-02,VTP,new AMSID Pair,2,2,1,7.0,0,0,registration,1,2,120,0,20,priority,1,0,0,100.0,Normal
2026-01-07T13:00,SYN-VTP-02,VTP,historic resubmission,1,1,1,9.0,0,0,registration,0,1,120,0,20,standard,0,0,0,0.0,Normal
2026-01-07T13:00,SYN-SUP-01,Supplier,new MSID Pair,0,0,0,8.3,0,0,registration,0,0,120,0,20,priority,1,1,0,0.0,Normal
2026-01-07T13:00,SYN-SUP-01,Supplier,new AMSID Pair,0,0,0,9.3,0,0,registration,0,0,120,0,20,priority,1,0,0,0.0,Normal
2026-01-07T13:00,SYN-SUP-01,Supplier,historic resubmission,2,1,3,6.7,0,0,registration,2,2,120,0,20,standard,0,0,1,0.0,Normal
2026-01-07T14:00,SYN-VLP-01,VLP,new MSID Pair,5,4,2,9.3,0,0,registration,3,5,120,0,20,priority,1,1,1,66.67,Normal
2026-01-07T14:00,SYN-VLP-01,VLP,new AMSID Pair,1,1,0,7.6,0,0,registration,1,1,120,0,20,priority,1,0,0,0.0,Normal
2026-01-07T14:00,SYN-VLP-01,VLP,historic resubmission,1,0,1,6.6,0,0,registration,0,1,120,0,20,standard,0,0,1,0.0,Normal
2026-01-07T14:00,SYN-VTP-01,VTP,new MSID Pair,1,1,1,8.3,1,1,registration,1,1,120,0,20,priority,1,1,0,0.0,Normal
2026-01-07T14:00,SYN-VTP-01,VTP,new AMSID Pair,1,1,0,6.7,0,0,registration,2,1,120,0,20,priority,1,0,0,-50.0,Normal
2026-01-07T14:00,SYN-VTP-01,VTP,historic resubmission,1,1,1,7.2,0,0,registration,1,1,120,0,20,standard,0,0,0,0.0,Normal
2026-01-07T14:00,SYN-AMVLP-01,AMVLP,new MSID Pair,0,0,0,7.7,0,0,registration,1,0,120,0,20,priority,1,1,0,-100.0,Normal
2026-01-07T14:00,SYN-AMVLP-01,AMVLP,new AMSID Pair,4,3,2,9.7,0,0,registration,4,4,120,0,20,priority,1,0,1,0.0,Normal
2026-01-07T14:00,SYN-AMVLP-01,AMVLP,historic resubmission,1,1,2,8.5,0,0,registration,0,1,120,0,20,standard,0,0,0,0.0,Normal
2026-01-07T14:00,SYN-VLP-02,VLP,new MSID Pair,2,2,1,9.7,0,0,registration,2,2,120,0,20,priority,1,1,0,0.0,Normal
2026-01-07T14:00,SYN-VLP-02,VLP,new AMSID Pair,1,1,0,9.9,0,0,registration,0,1,120,0,20,priority,1,0,0,0.0,Normal
2026-01-07T14:00,SYN-VLP-02,VLP,historic resubmission,1,1,1,6.3,0,0,registration,1,1,120,0,20,standard,0,0,0,0.0,Normal
2026-01-07T14:00,SYN-VTP-02,VTP,new MSID Pair,1,1,0,8.2,0,0,registration,2,1,120,0,20,priority,1,1,0,-50.0,Normal
2026-01-07T14:00,SYN-VTP-02,VTP,new AMSID Pair,1,1,1,9.4,0,0,registration,2,1,120,0,20,priority,1,0,0,-50.0,Normal
2026-01-07T14:00,SYN-VTP-02,VTP,historic resubmission,0,0,1,7.1,0,0,registration,1,0,120,0,20,standard,0,0,0,-100.0,Normal
2026-01-07T14:00,SYN-SUP-01,Supplier,new MSID Pair,0,0,0,7.6,0,0,registration,0,0,120,0,20,priority,1,1,0,0.0,Normal
2026-01-07T14:00,SYN-SUP-01,Supplier,new AMSID Pair,0,0,0,8.6,0,0,registration,0,0,120,0,20,priority,1,0,0,0.0,Normal
2026-01-07T14:00,SYN-SUP-01,Supplier,historic resubmission,2,2,3,7.8,0,0,registration,1,2,120,0,20,standard,0,0,0,100.0,Normal
2026-01-07T15:00,SYN-VLP-01,VLP,new MSID Pair,4,4,2,7.9,0,0,registration,2,4,120,0,20,priority,1,1,0,100.0,Normal
2026-01-07T15:00,SYN-VLP-01,VLP,new AMSID Pair,0,0,0,7.3,0,0,registration,1,0,120,0,20,priority,1,0,0,-100.0,Normal
2026-01-07T15:00,SYN-VLP-01,VLP,historic resubmission,0,0,1,8.5,0,0,registration,1,0,120,0,20,standard,0,0,0,-100.0,Normal
2026-01-07T15:00,SYN-VTP-01,VTP,new MSID Pair,0,1,0,8.7,0,0,registration,1,0,120,0,20,priority,1,1,-1,-100.0,Normal
2026-01-07T15:00,SYN-VTP-01,VTP,new AMSID Pair,3,2,1,6.3,0,0,registration,1,3,120,0,20,priority,1,0,1,200.0,Normal
2026-01-07T15:00,SYN-VTP-01,VTP,historic resubmission,0,0,1,7.2,0,0,registration,0,0,120,0,20,standard,0,0,0,0.0,Normal
2026-01-07T15:00,SYN-AMVLP-01,AMVLP,new MSID Pair,1,1,0,7.2,0,0,registration,1,1,120,0,20,priority,1,1,0,0.0,Normal
2026-01-07T15:00,SYN-AMVLP-01,AMVLP,new AMSID Pair,5,5,2,8.3,0,0,registration,4,5,120,0,20,priority,1,0,0,25.0,Normal
2026-01-07T15:00,SYN-AMVLP-01,AMVLP,historic resubmission,1,1,2,8.6,0,0,registration,2,1,120,0,20,standard,0,0,0,-50.0,Normal
2026-01-07T15:00,SYN-VLP-02,VLP,new MSID Pair,1,1,1,7.4,0,0,registration,2,1,120,0,20,priority,1,1,0,-50.0,Normal
2026-01-07T15:00,SYN-VLP-02,VLP,new AMSID Pair,0,0,0,9.1,0,0,registration,0,0,120,0,20,priority,1,0,0,0.0,Normal
2026-01-07T15:00,SYN-VLP-02,VLP,historic resubmission,0,0,1,9.9,0,0,registration,0,0,120,0,20,standard,0,0,0,0.0,Normal
2026-01-07T15:00,SYN-VTP-02,VTP,new MSID Pair,0,0,0,9.5,0,0,registration,1,0,120,0,20,priority,1,1,0,-100.0,Normal
2026-01-07T15:00,SYN-VTP-02,VTP,new AMSID Pair,2,2,1,10.0,1,2,registration,2,2,120,0,20,priority,1,0,0,0.0,Normal
2026-01-07T15:00,SYN-VTP-02,VTP,historic resubmission,1,0,2,8.1,0,0,registration,1,1,120,0,20,standard,0,0,1,0.0,Normal
2026-01-07T15:00,SYN-SUP-01,Supplier,new MSID Pair,1,1,0,8.2,0,0,registration,1,1,120,0,20,priority,1,1,0,0.0,Normal
2026-01-07T15:00,SYN-SUP-01,Supplier,new AMSID Pair,1,1,0,6.6,0,0,registration,2,1,120,0,20,priority,1,0,0,-50.0,Normal
2026-01-07T15:00,SYN-SUP-01,Supplier,historic resubmission,0,1,2,6.5,0,0,registration,1,0,120,0,20,standard,0,0,-1,-100.0,Normal
2026-01-07T16:00,SYN-VLP-01,VLP,new MSID Pair,4,4,2,9.4,0,0,registration,4,4,120,0,20,priority,1,1,0,0.0,Normal
2026-01-07T16:00,SYN-VLP-01,VLP,new AMSID Pair,1,1,0,7.8,0,0,registration,2,1,120,0,20,priority,1,0,0,-50.0,Normal
2026-01-07T16:00,SYN-VLP-01,VLP,historic resubmission,1,1,1,7.1,0,0,registration,0,1,120,0,20,standard,0,0,0,0.0,Normal
2026-01-07T16:00,SYN-VTP-01,VTP,new MSID Pair,2,1,1,6.9,0,0,registration,1,2,120,0,20,priority,1,1,1,100.0,Normal
2026-01-07T16:00,SYN-VTP-01,VTP,new AMSID Pair,1,1,1,9.4,0,0,registration,3,1,120,0,20,priority,1,0,0,-66.67,Normal
2026-01-07T16:00,SYN-VTP-01,VTP,historic resubmission,1,1,1,8.6,0,0,registration,2,1,120,0,20,standard,0,0,0,-50.0,Normal
2026-01-07T16:00,SYN-AMVLP-01,AMVLP,new MSID Pair,0,0,0,8.2,0,0,registration,0,0,120,0,20,priority,1,1,0,0.0,Normal
2026-01-07T16:00,SYN-AMVLP-01,AMVLP,new AMSID Pair,4,4,2,7.5,0,0,registration,4,4,120,0,20,priority,1,0,0,0.0,Normal
2026-01-07T16:00,SYN-AMVLP-01,AMVLP,historic resubmission,1,1,2,7.6,0,0,registration,0,1,120,0,20,standard,0,0,0,0.0,Normal
2026-01-07T16:00,SYN-VLP-02,VLP,new MSID Pair,1,1,1,9.5,0,0,registration,2,1,120,0,20,priority,1,1,0,-50.0,Normal
2026-01-07T16:00,SYN-VLP-02,VLP,new AMSID Pair,0,0,0,8.0,0,0,registration,2,0,120,0,20,priority,1,0,0,-100.0,Normal
2026-01-07T16:00,SYN-VLP-02,VLP,historic resubmission,1,0,2,8.8,0,0,registration,0,1,120,0,20,standard,0,0,1,0.0,Normal
2026-01-07T16:00,SYN-VTP-02,VTP,new MSID Pair,1,1,0,7.2,0,0,registration,1,1,120,0,20,priority,1,1,0,0.0,Normal
2026-01-07T16:00,SYN-VTP-02,VTP,new AMSID Pair,2,2,1,8.6,0,0,registration,1,2,120,0,20,priority,1,0,0,100.0,Normal
2026-01-07T16:00,SYN-VTP-02,VTP,historic resubmission,1,1,2,8.6,0,0,registration,2,1,120,0,20,standard,0,0,0,-50.0,Normal
2026-01-07T16:00,SYN-SUP-01,Supplier,new MSID Pair,0,0,0,8.4,0,0,registration,1,0,120,0,20,priority,1,1,0,-100.0,Normal
2026-01-07T16:00,SYN-SUP-01,Supplier,new AMSID Pair,0,0,0,9.9,0,0,registration,0,0,120,0,20,priority,1,0,0,0.0,Normal
2026-01-07T16:00,SYN-SUP-01,Supplier,historic resubmission,2,1,3,9.0,0,0,registration,1,2,120,0,20,standard,0,0,1,100.0,Normal
2026-01-07T17:00,SYN-VLP-01,VLP,new MSID Pair,3,4,1,7.8,0,0,registration,3,3,120,0,20,priority,1,1,-1,0.0,Normal
2026-01-07T17:00,SYN-VLP-01,VLP,new AMSID Pair,0,0,0,8.5,0,0,registration,1,0,120,0,20,priority,1,0,0,-100.0,Normal
2026-01-07T17:00,SYN-VLP-01,VLP,historic resubmission,1,1,1,8.4,0,0,registration,0,1,120,0,20,standard,0,0,0,0.0,Normal
2026-01-07T17:00,SYN-VTP-01,VTP,new MSID Pair,0,1,0,8.7,0,0,registration,0,0,120,0,20,priority,1,1,-1,0.0,Normal
2026-01-07T17:00,SYN-VTP-01,VTP,new AMSID Pair,2,2,1,9.6,0,0,registration,2,2,120,0,20,priority,1,0,0,0.0,Normal
2026-01-07T17:00,SYN-VTP-01,VTP,historic resubmission,2,1,2,9.2,0,0,registration,1,2,120,0,20,standard,0,0,1,100.0,Normal
2026-01-07T17:00,SYN-AMVLP-01,AMVLP,new MSID Pair,0,0,0,9.3,0,0,registration,1,0,120,0,20,priority,1,1,0,-100.0,Normal
2026-01-07T17:00,SYN-AMVLP-01,AMVLP,new AMSID Pair,3,3,2,10.4,0,0,registration,3,3,120,0,20,priority,1,0,0,0.0,Normal
2026-01-07T17:00,SYN-AMVLP-01,AMVLP,historic resubmission,2,1,3,7.5,0,0,registration,1,2,120,0,20,standard,0,0,1,100.0,Normal
2026-01-07T17:00,SYN-VLP-02,VLP,new MSID Pair,1,1,1,6.8,0,0,registration,1,1,120,0,20,priority,1,1,0,0.0,Normal
2026-01-07T17:00,SYN-VLP-02,VLP,new AMSID Pair,1,1,0,6.9,0,0,registration,0,1,120,0,20,priority,1,0,0,0.0,Normal
2026-01-07T17:00,SYN-VLP-02,VLP,historic resubmission,0,1,1,7.6,0,0,registration,1,0,120,0,20,standard,0,0,-1,-100.0,Normal
2026-01-07T17:00,SYN-VTP-02,VTP,new MSID Pair,1,1,0,7.1,0,0,registration,0,1,120,0,20,priority,1,1,0,0.0,Normal
2026-01-07T17:00,SYN-VTP-02,VTP,new AMSID Pair,1,1,1,8.8,0,0,registration,2,1,120,0,20,priority,1,0,0,-50.0,Normal
2026-01-07T17:00,SYN-VTP-02,VTP,historic resubmission,0,1,1,8.8,0,0,registration,1,0,120,0,20,standard,0,0,-1,-100.0,Normal
2026-01-07T17:00,SYN-SUP-01,Supplier,new MSID Pair,0,0,0,8.0,0,0,registration,0,0,120,0,20,priority,1,1,0,0.0,Normal
2026-01-07T17:00,SYN-SUP-01,Supplier,new AMSID Pair,0,0,0,9.3,0,0,registration,0,0,120,0,20,priority,1,0,0,0.0,Normal
2026-01-07T17:00,SYN-SUP-01,Supplier,historic resubmission,0,1,2,7.1,0,0,registration,1,0,120,0,20,standard,0,0,-1,-100.0,Normal
2026-01-07T18:00,SYN-VLP-01,VLP,new MSID Pair,3,4,0,10.0,0,0,registration,3,3,120,0,20,priority,1,1,-1,0.0,Normal
2026-01-07T18:00,SYN-VLP-01,VLP,new AMSID Pair,0,0,0,7.1,0,0,registration,1,0,120,0,20,priority,1,0,0,-100.0,Normal
2026-01-07T18:00,SYN-VLP-01,VLP,historic resubmission,0,1,0,9.1,0,0,registration,0,0,120,0,20,standard,0,0,-1,0.0,Normal
2026-01-07T18:00,SYN-VTP-01,VTP,new MSID Pair,0,0,0,6.2,0,0,registration,0,0,120,0,20,priority,1,1,0,0.0,Normal
2026-01-07T18:00,SYN-VTP-01,VTP,new AMSID Pair,1,2,0,6.6,0,0,registration,1,1,120,0,20,priority,1,0,-1,0.0,Normal
2026-01-07T18:00,SYN-VTP-01,VTP,historic resubmission,1,1,2,10.1,0,0,registration,1,1,120,0,20,standard,0,0,0,0.0,Normal
2026-01-07T18:00,SYN-AMVLP-01,AMVLP,new MSID Pair,0,0,0,6.4,0,0,registration,0,0,120,0,20,priority,1,1,0,0.0,Normal
2026-01-07T18:00,SYN-AMVLP-01,AMVLP,new AMSID Pair,3,5,0,6.7,0,0,registration,3,3,120,0,20,priority,1,0,-2,0.0,Normal
2026-01-07T18:00,SYN-AMVLP-01,AMVLP,historic resubmission,0,1,2,8.4,0,0,registration,0,0,120,0,20,standard,0,0,-1,0.0,Normal
2026-01-07T18:00,SYN-VLP-02,VLP,new MSID Pair,2,3,0,7.5,0,0,registration,3,2,120,0,20,priority,1,1,-1,-33.33,Normal
2026-01-07T18:00,SYN-VLP-02,VLP,new AMSID Pair,0,0,0,8.1,0,0,registration,0,0,120,0,20,priority,1,0,0,0.0,Normal
2026-01-07T18:00,SYN-VLP-02,VLP,historic resubmission,0,0,1,7.2,0,0,registration,0,0,120,0,20,standard,0,0,0,0.0,Normal
2026-01-07T18:00,SYN-VTP-02,VTP,new MSID Pair,0,0,0,6.3,0,0,registration,0,0,120,0,20,priority,1,1,0,0.0,Normal
2026-01-07T18:00,SYN-VTP-02,VTP,new AMSID Pair,0,1,0,9.6,0,0,registration,1,0,120,0,20,priority,1,0,-1,-100.0,Normal
2026-01-07T18:00,SYN-VTP-02,VTP,historic resubmission,1,1,1,7.4,0,0,registration,0,1,120,0,20,standard,0,0,0,0.0,Normal
2026-01-07T18:00,SYN-SUP-01,Supplier,new MSID Pair,0,0,0,9.3,0,0,registration,0,0,120,0,20,priority,1,1,0,0.0,Normal
2026-01-07T18:00,SYN-SUP-01,Supplier,new AMSID Pair,0,0,0,8.7,0,0,registration,0,0,120,0,20,priority,1,0,0,0.0,Normal
2026-01-07T18:00,SYN-SUP-01,Supplier,historic resubmission,0,1,1,9.5,0,0,registration,1,0,120,0,20,standard,0,0,-1,-100.0,Normal
2026-01-07T19:00,SYN-VLP-01,VLP,new MSID Pair,2,2,0,7.1,0,0,registration,3,2,120,0,20,priority,1,1,0,-33.33,Normal
2026-01-07T19:00,SYN-VLP-01,VLP,new AMSID Pair,1,1,0,7.8,0,0,registration,0,1,120,0,20,priority,1,0,0,0.0,Normal
2026-01-07T19:00,SYN-VLP-01,VLP,historic resubmission,0,0,0,6.8,0,0,registration,0,0,120,0,20,standard,0,0,0,0.0,Normal
2026-01-07T19:00,SYN-VTP-01,VTP,new MSID Pair,1,1,0,7.9,0,0,registration,1,1,120,0,20,priority,1,1,0,0.0,Normal
2026-01-07T19:00,SYN-VTP-01,VTP,new AMSID Pair,2,2,0,5.6,0,1,registration,0,2,120,0,20,priority,1,0,0,0.0,Normal
2026-01-07T19:00,SYN-VTP-01,VTP,historic resubmission,0,2,0,6.7,0,0,registration,0,0,120,0,20,standard,0,0,-2,0.0,Normal
2026-01-07T19:00,SYN-AMVLP-01,AMVLP,new MSID Pair,0,0,0,5.8,0,0,registration,1,0,120,0,20,priority,1,1,0,-100.0,Normal
2026-01-07T19:00,SYN-AMVLP-01,AMVLP,new AMSID Pair,2,2,0,8.2,0,0,registration,3,2,120,0,20,priority,1,0,0,-33.33,Normal
2026-01-07T19:00,SYN-AMVLP-01,AMVLP,historic resubmission,2,3,1,8.5,0,0,registration,0,2,120,0,20,standard,0,0,-1,0.0,Normal
2026-01-07T19:00,SYN-VLP-02,VLP,new MSID Pair,1,1,0,9.1,0,0,registration,2,1,120,0,20,priority,1,1,0,-50.0,Normal
2026-01-07T19:00,SYN-VLP-02,VLP,new AMSID Pair,0,0,0,5.7,0,0,registration,0,0,120,0,20,priority,1,0,0,0.0,Normal
2026-01-07T19:00,SYN-VLP-02,VLP,historic resubmission,1,2,0,6.6,0,0,registration,0,1,120,0,20,standard,0,0,-1,0.0,Normal
2026-01-07T19:00,SYN-VTP-02,VTP,new MSID Pair,0,0,0,8.2,0,0,registration,1,0,120,0,20,priority,1,1,0,-100.0,Normal
2026-01-07T19:00,SYN-VTP-02,VTP,new AMSID Pair,0,0,0,6.4,0,0,registration,2,0,120,0,20,priority,1,0,0,-100.0,Normal
2026-01-07T19:00,SYN-VTP-02,VTP,historic resubmission,1,2,0,5.6,1,1,registration,1,1,120,0,20,standard,0,0,-1,0.0,Normal
2026-01-07T19:00,SYN-SUP-01,Supplier,new MSID Pair,0,0,0,9.2,0,0,registration,2,0,120,0,20,priority,1,1,0,-100.0,Normal
2026-01-07T19:00,SYN-SUP-01,Supplier,new AMSID Pair,0,0,0,7.4,0,0,registration,1,0,120,0,20,priority,1,0,0,-100.0,Normal
2026-01-07T19:00,SYN-SUP-01,Supplier,historic resubmission,1,2,0,7.4,0,0,registration,1,1,120,0,20,standard,0,0,-1,0.0,Normal
2026-01-07T20:00,SYN-VLP-01,VLP,new MSID Pair,2,2,0,6.1,0,0,registration,3,2,120,0,20,priority,1,1,0,-33.33,Normal
2026-01-07T20:00,SYN-VLP-01,VLP,new AMSID Pair,0,0,0,8.8,0,0,registration,0,0,120,0,20,priority,1,0,0,0.0,Normal
2026-01-07T20:00,SYN-VLP-01,VLP,historic resubmission,0,0,0,6.3,0,0,registration,0,0,120,0,20,standard,0,0,0,0.0,Normal
2026-01-07T20:00,SYN-VTP-01,VTP,new MSID Pair,0,0,0,6.9,0,0,registration,1,0,120,0,20,priority,1,1,0,-100.0,Normal
2026-01-07T20:00,SYN-VTP-01,VTP,new AMSID Pair,1,1,0,5.7,0,0,registration,1,1,120,0,20,priority,1,0,0,0.0,Normal
2026-01-07T20:00,SYN-VTP-01,VTP,historic resubmission,0,0,0,7.2,0,0,registration,1,0,120,0,20,standard,0,0,0,-100.0,Normal
2026-01-07T20:00,SYN-AMVLP-01,AMVLP,new MSID Pair,0,0,0,8.6,0,0,registration,0,0,120,0,20,priority,1,1,0,0.0,Normal
2026-01-07T20:00,SYN-AMVLP-01,AMVLP,new AMSID Pair,3,3,0,5.5,0,0,registration,3,3,120,0,20,priority,1,0,0,0.0,Normal
2026-01-07T20:00,SYN-AMVLP-01,AMVLP,historic resubmission,2,3,0,7.7,0,0,registration,0,2,120,0,20,standard,0,0,-1,0.0,Normal
2026-01-07T20:00,SYN-VLP-02,VLP,new MSID Pair,1,1,0,7.0,1,1,registration,3,1,120,0,20,priority,1,1,0,-66.67,Normal
2026-01-07T20:00,SYN-VLP-02,VLP,new AMSID Pair,1,1,0,6.7,1,1,registration,0,1,120,0,20,priority,1,0,0,0.0,Normal
2026-01-07T20:00,SYN-VLP-02,VLP,historic resubmission,1,1,0,5.5,0,0,registration,1,1,120,0,20,standard,0,0,0,0.0,Normal
2026-01-07T20:00,SYN-VTP-02,VTP,new MSID Pair,1,1,0,5.7,0,0,registration,1,1,120,0,20,priority,1,1,0,0.0,Normal
2026-01-07T20:00,SYN-VTP-02,VTP,new AMSID Pair,2,2,0,8.8,0,0,registration,1,2,120,0,20,priority,1,0,0,100.0,Normal
2026-01-07T20:00,SYN-VTP-02,VTP,historic resubmission,1,1,0,6.2,0,0,registration,1,1,120,0,20,standard,0,0,0,0.0,Normal
2026-01-07T20:00,SYN-SUP-01,Supplier,new MSID Pair,1,1,0,5.2,0,0,registration,1,1,120,0,20,priority,1,1,0,0.0,Normal
2026-01-07T20:00,SYN-SUP-01,Supplier,new AMSID Pair,0,0,0,6.3,0,0,registration,0,0,120,0,20,priority,1,0,0,0.0,Normal
2026-01-07T20:00,SYN-SUP-01,Supplier,historic resubmission,0,0,0,6.9,0,0,registration,1,0,120,0,20,standard,0,0,0,-100.0,Normal
2026-01-07T21:00,SYN-VLP-01,VLP,new MSID Pair,2,2,0,6.7,0,0,registration,2,2,120,0,20,priority,1,1,0,0.0,Normal
2026-01-07T21:00,SYN-VLP-01,VLP,new AMSID Pair,0,0,0,7.8,0,0,registration,0,0,120,0,20,priority,1,0,0,0.0,Normal
2026-01-07T21:00,SYN-VLP-01,VLP,historic resubmission,0,0,0,5.7,0,0,registration,0,0,120,0,20,standard,0,0,0,0.0,Normal
2026-01-07T21:00,SYN-VTP-01,VTP,new MSID Pair,0,0,0,6.5,0,0,registration,0,0,120,0,20,priority,1,1,0,0.0,Normal
2026-01-07T21:00,SYN-VTP-01,VTP,new AMSID Pair,2,2,0,8.6,0,0,registration,0,2,120,0,20,priority,1,0,0,0.0,Normal
2026-01-07T21:00,SYN-VTP-01,VTP,historic resubmission,1,1,0,6.4,0,0,registration,0,1,120,0,20,standard,0,0,0,0.0,Normal
2026-01-07T21:00,SYN-AMVLP-01,AMVLP,new MSID Pair,0,0,0,7.3,0,0,registration,0,0,120,0,20,priority,1,1,0,0.0,Normal
2026-01-07T21:00,SYN-AMVLP-01,AMVLP,new AMSID Pair,1,1,0,8.4,0,0,registration,1,1,120,0,20,priority,1,0,0,0.0,Normal
2026-01-07T21:00,SYN-AMVLP-01,AMVLP,historic resubmission,0,0,0,8.7,0,0,registration,0,0,120,0,20,standard,0,0,0,0.0,Normal
2026-01-07T21:00,SYN-VLP-02,VLP,new MSID Pair,1,1,0,8.4,0,0,registration,0,1,120,0,20,priority,1,1,0,0.0,Normal
2026-01-07T21:00,SYN-VLP-02,VLP,new AMSID Pair,0,0,0,6.2,0,0,registration,0,0,120,0,20,priority,1,0,0,0.0,Normal
2026-01-07T21:00,SYN-VLP-02,VLP,historic resubmission,0,0,0,5.3,0,0,registration,0,0,120,0,20,standard,0,0,0,0.0,Normal
2026-01-07T21:00,SYN-VTP-02,VTP,new MSID Pair,1,1,0,7.3,0,0,registration,1,1,120,0,20,priority,1,1,0,0.0,Normal
2026-01-07T21:00,SYN-VTP-02,VTP,new AMSID Pair,1,1,0,5.9,0,0,registration,1,1,120,0,20,priority,1,0,0,0.0,Normal
2026-01-07T21:00,SYN-VTP-02,VTP,historic resubmission,1,1,0,8.4,0,0,registration,1,1,120,0,20,standard,0,0,0,0.0,Normal
2026-01-07T21:00,SYN-SUP-01,Supplier,new MSID Pair,0,0,0,6.0,0,0,registration,0,0,120,0,20,priority,1,1,0,0.0,Normal
2026-01-07T21:00,SYN-SUP-01,Supplier,new AMSID Pair,0,0,0,6.9,0,0,registration,0,0,120,0,20,priority,1,0,0,0.0,Normal
2026-01-07T21:00,SYN-SUP-01,Supplier,historic resubmission,1,1,0,8.0,0,0,registration,2,1,120,0,20,standard,0,0,0,-50.0,Normal
2026-01-07T22:00,SYN-VLP-01,VLP,new MSID Pair,2,2,0,5.7,0,0,registration,2,2,120,0,20,priority,1,1,0,0.0,Normal
2026-01-07T22:00,SYN-VLP-01,VLP,new AMSID Pair,0,0,0,6.2,0,0,registration,0,0,120,0,20,priority,1,0,0,0.0,Normal
2026-01-07T22:00,SYN-VLP-01,VLP,historic resubmission,0,0,0,6.3,0,0,registration,2,0,120,0,20,standard,0,0,0,-100.0,Normal
2026-01-07T22:00,SYN-VTP-01,VTP,new MSID Pair,0,0,0,5.4,0,0,registration,1,0,120,0,20,priority,1,1,0,-100.0,Normal
2026-01-07T22:00,SYN-VTP-01,VTP,new AMSID Pair,0,0,0,6.1,0,0,registration,0,0,120,0,20,priority,1,0,0,0.0,Normal
2026-01-07T22:00,SYN-VTP-01,VTP,historic resubmission,0,0,0,7.1,0,0,registration,0,0,120,0,20,standard,0,0,0,0.0,Normal
2026-01-07T22:00,SYN-AMVLP-01,AMVLP,new MSID Pair,0,0,0,6.2,0,0,registration,1,0,120,0,20,priority,1,1,0,-100.0,Normal
2026-01-07T22:00,SYN-AMVLP-01,AMVLP,new AMSID Pair,1,1,0,5.6,0,0,registration,0,1,120,0,20,priority,1,0,0,0.0,Normal
2026-01-07T22:00,SYN-AMVLP-01,AMVLP,historic resubmission,1,1,0,5.6,0,0,registration,0,1,120,0,20,standard,0,0,0,0.0,Normal
2026-01-07T22:00,SYN-VLP-02,VLP,new MSID Pair,1,1,0,6.9,0,0,registration,1,1,120,0,20,priority,1,1,0,0.0,Normal
2026-01-07T22:00,SYN-VLP-02,VLP,new AMSID Pair,1,1,0,6.0,0,0,registration,1,1,120,0,20,priority,1,0,0,0.0,Normal
2026-01-07T22:00,SYN-VLP-02,VLP,historic resubmission,0,0,0,7.7,0,0,registration,1,0,120,0,20,standard,0,0,0,-100.0,Normal
2026-01-07T22:00,SYN-VTP-02,VTP,new MSID Pair,1,1,0,5.5,0,0,registration,0,1,120,0,20,priority,1,1,0,0.0,Normal
2026-01-07T22:00,SYN-VTP-02,VTP,new AMSID Pair,1,1,0,5.6,0,0,registration,1,1,120,0,20,priority,1,0,0,0.0,Normal
2026-01-07T22:00,SYN-VTP-02,VTP,historic resubmission,0,0,0,7.3,0,0,registration,1,0,120,0,20,standard,0,0,0,-100.0,Normal
2026-01-07T22:00,SYN-SUP-01,Supplier,new MSID Pair,0,0,0,7.2,0,0,registration,0,0,120,0,20,priority,1,1,0,0.0,Normal
2026-01-07T22:00,SYN-SUP-01,Supplier,new AMSID Pair,1,1,0,8.1,0,0,registration,0,1,120,0,20,priority,1,0,0,0.0,Normal
2026-01-07T22:00,SYN-SUP-01,Supplier,historic resubmission,1,1,0,5.6,0,1,registration,1,1,120,0,20,standard,0,0,0,0.0,Normal
2026-01-07T23:00,SYN-VLP-01,VLP,new MSID Pair,0,0,0,6.4,0,0,registration,2,0,120,0,20,priority,1,1,0,-100.0,Normal
2026-01-07T23:00,SYN-VLP-01,VLP,new AMSID Pair,0,0,0,5.9,0,0,registration,0,0,120,0,20,priority,1,0,0,0.0,Normal
2026-01-07T23:00,SYN-VLP-01,VLP,historic resubmission,0,0,0,5.8,0,0,registration,0,0,120,0,20,standard,0,0,0,0.0,Normal
2026-01-07T23:00,SYN-VTP-01,VTP,new MSID Pair,0,0,0,5.8,0,0,registration,1,0,120,0,20,priority,1,1,0,-100.0,Normal
2026-01-07T23:00,SYN-VTP-01,VTP,new AMSID Pair,1,1,0,8.8,0,0,registration,1,1,120,0,20,priority,1,0,0,0.0,Normal
2026-01-07T23:00,SYN-VTP-01,VTP,historic resubmission,1,1,0,8.2,0,0,registration,0,1,120,0,20,standard,0,0,0,0.0,Normal
2026-01-07T23:00,SYN-AMVLP-01,AMVLP,new MSID Pair,0,0,0,6.9,0,0,registration,0,0,120,0,20,priority,1,1,0,0.0,Normal
2026-01-07T23:00,SYN-AMVLP-01,AMVLP,new AMSID Pair,2,2,0,6.1,0,0,registration,2,2,120,0,20,priority,1,0,0,0.0,Normal
2026-01-07T23:00,SYN-AMVLP-01,AMVLP,historic resubmission,1,1,0,7.6,0,0,registration,1,1,120,0,20,standard,0,0,0,0.0,Normal
2026-01-07T23:00,SYN-VLP-02,VLP,new MSID Pair,1,1,0,5.1,0,0,registration,0,1,120,0,20,priority,1,1,0,0.0,Normal
2026-01-07T23:00,SYN-VLP-02,VLP,new AMSID Pair,0,0,0,6.0,0,0,registration,0,0,120,0,20,priority,1,0,0,0.0,Normal
2026-01-07T23:00,SYN-VLP-02,VLP,historic resubmission,0,0,0,5.6,0,0,registration,0,0,120,0,20,standard,0,0,0,0.0,Normal
2026-01-07T23:00,SYN-VTP-02,VTP,new MSID Pair,0,0,0,6.2,0,0,registration,0,0,120,0,20,priority,1,1,0,0.0,Normal
2026-01-07T23:00,SYN-VTP-02,VTP,new AMSID Pair,1,1,0,7.6,0,0,registration,0,1,120,0,20,priority,1,0,0,0.0,Normal
2026-01-07T23:00,SYN-VTP-02,VTP,historic resubmission,1,1,0,6.2,0,0,registration,0,1,120,0,20,standard,0,0,0,0.0,Normal
2026-01-07T23:00,SYN-SUP-01,Supplier,new MSID Pair,1,1,0,5.4,0,0,registration,0,1,120,0,20,priority,1,1,0,0.0,Normal
2026-01-07T23:00,SYN-SUP-01,Supplier,new AMSID Pair,0,0,0,7.4,0,0,registration,0,0,120,0,20,priority,1,0,0,0.0,Normal
2026-01-07T23:00,SYN-SUP-01,Supplier,historic resubmission,0,0,0,9.0,0,0,registration,1,0,120,0,20,standard,0,0,0,-100.0,Normal
2026-01-08T00:00,SYN-VLP-01,VLP,new MSID Pair,0,0,0,6.5,0,0,registration,1,0,120,0,20,priority,1,1,0,-100.0,Normal
2026-01-08T00:00,SYN-VLP-01,VLP,new AMSID Pair,0,0,0,7.7,0,0,registration,1,0,120,0,20,priority,1,0,0,-100.0,Normal
2026-01-08T00:00,SYN-VLP-01,VLP,historic resubmission,0,0,0,6.1,0,0,registration,1,0,120,0,20,standard,0,0,0,-100.0,Normal
2026-01-08T00:00,SYN-VTP-01,VTP,new MSID Pair,0,0,0,5.6,0,0,registration,0,0,120,0,20,priority,1,1,0,0.0,Normal
2026-01-08T00:00,SYN-VTP-01,VTP,new AMSID Pair,1,1,0,8.7,0,0,registration,1,1,120,0,20,priority,1,0,0,0.0,Normal
2026-01-08T00:00,SYN-VTP-01,VTP,historic resubmission,0,0,0,8.1,0,0,registration,0,0,120,0,20,standard,0,0,0,0.0,Normal
2026-01-08T00:00,SYN-AMVLP-01,AMVLP,new MSID Pair,1,1,0,5.9,0,0,registration,0,1,120,0,20,priority,1,1,0,0.0,Normal
2026-01-08T00:00,SYN-AMVLP-01,AMVLP,new AMSID Pair,2,2,0,5.1,0,0,registration,1,2,120,0,20,priority,1,0,0,100.0,Normal
2026-01-08T00:00,SYN-AMVLP-01,AMVLP,historic resubmission,1,1,0,5.3,0,0,registration,0,1,120,0,20,standard,0,0,0,0.0,Normal
2026-01-08T00:00,SYN-VLP-02,VLP,new MSID Pair,0,0,0,7.7,0,0,registration,1,0,120,0,20,priority,1,1,0,-100.0,Normal
2026-01-08T00:00,SYN-VLP-02,VLP,new AMSID Pair,0,0,0,8.4,0,0,registration,0,0,120,0,20,priority,1,0,0,0.0,Normal
2026-01-08T00:00,SYN-VLP-02,VLP,historic resubmission,1,1,0,8.8,0,0,registration,0,1,120,0,20,standard,0,0,0,0.0,Normal
2026-01-08T00:00,SYN-VTP-02,VTP,new MSID Pair,1,1,0,7.6,0,0,registration,1,1,120,0,20,priority,1,1,0,0.0,Normal
2026-01-08T00:00,SYN-VTP-02,VTP,new AMSID Pair,0,0,0,5.3,0,0,registration,0,0,120,0,20,priority,1,0,0,0.0,Normal
2026-01-08T00:00,SYN-VTP-02,VTP,historic resubmission,0,0,0,6.0,0,0,registration,0,0,120,0,20,standard,0,0,0,0.0,Normal
2026-01-08T00:00,SYN-SUP-01,Supplier,new MSID Pair,0,0,0,8.8,0,0,registration,1,0,120,0,20,priority,1,1,0,-100.0,Normal
2026-01-08T00:00,SYN-SUP-01,Supplier,new AMSID Pair,1,1,0,8.1,0,0,registration,0,1,120,0,20,priority,1,0,0,0.0,Normal
2026-01-08T00:00,SYN-SUP-01,Supplier,historic resubmission,1,1,0,7.9,0,0,registration,1,1,120,0,20,standard,0,0,0,0.0,Normal
2026-01-08T01:00,SYN-VLP-01,VLP,new MSID Pair,1,1,0,7.7,0,0,registration,0,1,120,0,20,priority,1,1,0,0.0,Normal
2026-01-08T01:00,SYN-VLP-01,VLP,new AMSID Pair,0,0,0,5.4,0,0,registration,0,0,120,0,20,priority,1,0,0,0.0,Normal
2026-01-08T01:00,SYN-VLP-01,VLP,historic resubmission,1,1,0,6.6,0,0,registration,0,1,120,0,20,standard,0,0,0,0.0,Normal
2026-01-08T01:00,SYN-VTP-01,VTP,new MSID Pair,1,1,0,5.5,0,0,registration,0,1,120,0,20,priority,1,1,0,0.0,Normal
2026-01-08T01:00,SYN-VTP-01,VTP,new AMSID Pair,0,0,0,7.1,0,0,registration,0,0,120,0,20,priority,1,0,0,0.0,Normal
2026-01-08T01:00,SYN-VTP-01,VTP,historic resubmission,0,0,0,5.5,0,0,registration,0,0,120,0,20,standard,0,0,0,0.0,Normal
2026-01-08T01:00,SYN-AMVLP-01,AMVLP,new MSID Pair,0,0,0,8.8,0,0,registration,0,0,120,0,20,priority,1,1,0,0.0,Normal
2026-01-08T01:00,SYN-AMVLP-01,AMVLP,new AMSID Pair,1,1,0,7.4,0,0,registration,2,1,120,0,20,priority,1,0,0,-50.0,Normal
2026-01-08T01:00,SYN-AMVLP-01,AMVLP,historic resubmission,0,0,0,9.0,0,0,registration,1,0,120,0,20,standard,0,0,0,-100.0,Normal
2026-01-08T01:00,SYN-VLP-02,VLP,new MSID Pair,1,1,0,8.3,0,0,registration,2,1,120,0,20,priority,1,1,0,-50.0,Normal
2026-01-08T01:00,SYN-VLP-02,VLP,new AMSID Pair,0,0,0,5.0,0,0,registration,1,0,120,0,20,priority,1,0,0,-100.0,Normal
2026-01-08T01:00,SYN-VLP-02,VLP,historic resubmission,1,1,0,6.7,0,0,registration,0,1,120,0,20,standard,0,0,0,0.0,Normal
2026-01-08T01:00,SYN-VTP-02,VTP,new MSID Pair,0,0,0,8.6,0,0,registration,1,0,120,0,20,priority,1,1,0,-100.0,Normal
2026-01-08T01:00,SYN-VTP-02,VTP,new AMSID Pair,1,1,0,5.5,0,0,registration,2,1,120,0,20,priority,1,0,0,-50.0,Normal
2026-01-08T01:00,SYN-VTP-02,VTP,historic resubmission,0,0,0,6.1,0,0,registration,1,0,120,0,20,standard,0,0,0,-100.0,Normal
2026-01-08T01:00,SYN-SUP-01,Supplier,new MSID Pair,1,1,0,5.9,0,0,registration,0,1,120,0,20,priority,1,1,0,0.0,Normal
2026-01-08T01:00,SYN-SUP-01,Supplier,new AMSID Pair,0,0,0,8.4,0,0,registration,0,0,120,0,20,priority,1,0,0,0.0,Normal
2026-01-08T01:00,SYN-SUP-01,Supplier,historic resubmission,0,0,0,7.2,0,0,registration,1,0,120,0,20,standard,0,0,0,-100.0,Normal
2026-01-08T02:00,SYN-VLP-01,VLP,new MSID Pair,2,2,0,5.6,0,0,registration,1,2,120,0,20,priority,1,1,0,100.0,Normal
2026-01-08T02:00,SYN-VLP-01,VLP,new AMSID Pair,1,1,0,6.6,0,0,registration,0,1,120,0,20,priority,1,0,0,0.0,Normal
2026-01-08T02:00,SYN-VLP-01,VLP,historic resubmission,1,1,0,8.8,0,0,registration,1,1,120,0,20,standard,0,0,0,0.0,Normal
2026-01-08T02:00,SYN-VTP-01,VTP,new MSID Pair,1,1,0,6.9,0,0,registration,0,1,120,0,20,priority,1,1,0,0.0,Normal
2026-01-08T02:00,SYN-VTP-01,VTP,new AMSID Pair,0,0,0,6.8,0,0,registration,1,0,120,0,20,priority,1,0,0,-100.0,Normal
2026-01-08T02:00,SYN-VTP-01,VTP,historic resubmission,1,1,0,5.9,0,0,registration,1,1,120,0,20,standard,0,0,0,0.0,Normal
2026-01-08T02:00,SYN-AMVLP-01,AMVLP,new MSID Pair,0,0,0,8.3,0,0,registration,1,0,120,0,20,priority,1,1,0,-100.0,Normal
2026-01-08T02:00,SYN-AMVLP-01,AMVLP,new AMSID Pair,2,2,0,7.2,0,0,registration,1,2,120,0,20,priority,1,0,0,100.0,Normal
2026-01-08T02:00,SYN-AMVLP-01,AMVLP,historic resubmission,1,1,0,8.3,0,0,registration,0,1,120,0,20,standard,0,0,0,0.0,Normal
2026-01-08T02:00,SYN-VLP-02,VLP,new MSID Pair,0,0,0,8.4,0,0,registration,0,0,120,0,20,priority,1,1,0,0.0,Normal
2026-01-08T02:00,SYN-VLP-02,VLP,new AMSID Pair,1,1,0,8.0,0,0,registration,1,1,120,0,20,priority,1,0,0,0.0,Normal
2026-01-08T02:00,SYN-VLP-02,VLP,historic resubmission,0,0,0,5.6,0,0,registration,0,0,120,0,20,standard,0,0,0,0.0,Normal
2026-01-08T02:00,SYN-VTP-02,VTP,new MSID Pair,2,2,0,5.5,0,0,registration,0,2,120,0,20,priority,1,1,0,0.0,Normal
2026-01-08T02:00,SYN-VTP-02,VTP,new AMSID Pair,0,0,0,8.7,0,0,registration,0,0,120,0,20,priority,1,0,0,0.0,Normal
2026-01-08T02:00,SYN-VTP-02,VTP,historic resubmission,1,1,0,7.4,0,0,registration,1,1,120,0,20,standard,0,0,0,0.0,Normal
2026-01-08T02:00,SYN-SUP-01,Supplier,new MSID Pair,0,0,0,8.7,0,0,registration,0,0,120,0,20,priority,1,1,0,0.0,Normal
2026-01-08T02:00,SYN-SUP-01,Supplier,new AMSID Pair,0,0,0,8.6,0,0,registration,1,0,120,0,20,priority,1,0,0,-100.0,Normal
2026-01-08T02:00,SYN-SUP-01,Supplier,historic resubmission,0,0,0,6.6,0,0,registration,0,0,120,0,20,standard,0,0,0,0.0,Normal
2026-01-08T03:00,SYN-VLP-01,VLP,new MSID Pair,1,1,0,6.8,0,0,registration,1,1,120,0,20,priority,1,1,0,0.0,Normal
2026-01-08T03:00,SYN-VLP-01,VLP,new AMSID Pair,1,1,0,7.4,0,0,registration,0,1,120,0,20,priority,1,0,0,0.0,Normal
2026-01-08T03:00,SYN-VLP-01,VLP,historic resubmission,0,0,0,7.2,0,0,registration,0,0,120,0,20,standard,0,0,0,0.0,Normal
2026-01-08T03:00,SYN-VTP-01,VTP,new MSID Pair,0,0,0,8.1,0,0,registration,0,0,120,0,20,priority,1,1,0,0.0,Normal
2026-01-08T03:00,SYN-VTP-01,VTP,new AMSID Pair,0,0,0,6.6,0,0,registration,1,0,120,0,20,priority,1,0,0,-100.0,Normal
2026-01-08T03:00,SYN-VTP-01,VTP,historic resubmission,0,0,0,6.1,0,0,registration,0,0,120,0,20,standard,0,0,0,0.0,Normal
2026-01-08T03:00,SYN-AMVLP-01,AMVLP,new MSID Pair,0,0,0,8.5,0,0,registration,0,0,120,0,20,priority,1,1,0,0.0,Normal
2026-01-08T03:00,SYN-AMVLP-01,AMVLP,new AMSID Pair,2,2,0,6.6,0,1,registration,2,2,120,0,20,priority,1,0,0,0.0,Normal
2026-01-08T03:00,SYN-AMVLP-01,AMVLP,historic resubmission,0,0,0,8.9,0,0,registration,0,0,120,0,20,standard,0,0,0,0.0,Normal
2026-01-08T03:00,SYN-VLP-02,VLP,new MSID Pair,0,0,0,8.7,0,0,registration,1,0,120,0,20,priority,1,1,0,-100.0,Normal
2026-01-08T03:00,SYN-VLP-02,VLP,new AMSID Pair,0,0,0,6.2,0,0,registration,0,0,120,0,20,priority,1,0,0,0.0,Normal
2026-01-08T03:00,SYN-VLP-02,VLP,historic resubmission,0,0,0,7.2,0,0,registration,1,0,120,0,20,standard,0,0,0,-100.0,Normal
2026-01-08T03:00,SYN-VTP-02,VTP,new MSID Pair,1,1,0,5.5,1,1,registration,0,1,120,0,20,priority,1,1,0,0.0,Normal
2026-01-08T03:00,SYN-VTP-02,VTP,new AMSID Pair,1,1,0,8.8,0,0,registration,1,1,120,0,20,priority,1,0,0,0.0,Normal
2026-01-08T03:00,SYN-VTP-02,VTP,historic resubmission,1,1,0,5.4,0,0,registration,0,1,120,0,20,standard,0,0,0,0.0,Normal
2026-01-08T03:00,SYN-SUP-01,Supplier,new MSID Pair,1,1,0,5.3,0,0,registration,0,1,120,0,20,priority,1,1,0,0.0,Normal
2026-01-08T03:00,SYN-SUP-01,Supplier,new AMSID Pair,0,0,0,7.3,0,0,registration,0,0,120,0,20,priority,1,0,0,0.0,Normal
2026-01-08T03:00,SYN-SUP-01,Supplier,historic resubmission,0,0,0,8.1,0,0,registration,1,0,120,0,20,standard,0,0,0,-100.0,Normal
2026-01-08T04:00,SYN-VLP-01,VLP,new MSID Pair,1,1,0,5.4,0,0,registration,1,1,120,0,20,priority,1,1,0,0.0,Normal
2026-01-08T04:00,SYN-VLP-01,VLP,new AMSID Pair,0,0,0,5.1,0,0,registration,2,0,120,0,20,priority,1,0,0,-100.0,Normal
2026-01-08T04:00,SYN-VLP-01,VLP,historic resubmission,1,1,0,5.3,0,0,registration,0,1,120,0,20,standard,0,0,0,0.0,Normal
2026-01-08T04:00,SYN-VTP-01,VTP,new MSID Pair,1,1,0,5.8,0,0,registration,0,1,120,0,20,priority,1,1,0,0.0,Normal
2026-01-08T04:00,SYN-VTP-01,VTP,new AMSID Pair,0,0,0,7.0,0,0,registration,1,0,120,0,20,priority,1,0,0,-100.0,Normal
2026-01-08T04:00,SYN-VTP-01,VTP,historic resubmission,1,1,0,7.8,0,0,registration,0,1,120,0,20,standard,0,0,0,0.0,Normal
2026-01-08T04:00,SYN-AMVLP-01,AMVLP,new MSID Pair,0,0,0,8.4,0,0,registration,0,0,120,0,20,priority,1,1,0,0.0,Normal
2026-01-08T04:00,SYN-AMVLP-01,AMVLP,new AMSID Pair,2,2,0,5.1,0,0,registration,1,2,120,0,20,priority,1,0,0,100.0,Normal
2026-01-08T04:00,SYN-AMVLP-01,AMVLP,historic resubmission,1,1,0,6.0,0,0,registration,0,1,120,0,20,standard,0,0,0,0.0,Normal
2026-01-08T04:00,SYN-VLP-02,VLP,new MSID Pair,0,0,0,5.8,0,0,registration,0,0,120,0,20,priority,1,1,0,0.0,Normal
2026-01-08T04:00,SYN-VLP-02,VLP,new AMSID Pair,0,0,0,5.9,0,0,registration,0,0,120,0,20,priority,1,0,0,0.0,Normal
2026-01-08T04:00,SYN-VLP-02,VLP,historic resubmission,0,0,0,7.0,0,0,registration,0,0,120,0,20,standard,0,0,0,0.0,Normal
2026-01-08T04:00,SYN-VTP-02,VTP,new MSID Pair,0,0,0,6.9,0,0,registration,2,0,120,0,20,priority,1,1,0,-100.0,Normal
2026-01-08T04:00,SYN-VTP-02,VTP,new AMSID Pair,0,0,0,7.7,0,0,registration,0,0,120,0,20,priority,1,0,0,0.0,Normal
2026-01-08T04:00,SYN-VTP-02,VTP,historic resubmission,1,1,0,8.3,0,0,registration,1,1,120,0,20,standard,0,0,0,0.0,Normal
2026-01-08T04:00,SYN-SUP-01,Supplier,new MSID Pair,0,0,0,7.4,0,0,registration,0,0,120,0,20,priority,1,1,0,0.0,Normal
2026-01-08T04:00,SYN-SUP-01,Supplier,new AMSID Pair,0,0,0,6.9,0,0,registration,1,0,120,0,20,priority,1,0,0,-100.0,Normal
2026-01-08T04:00,SYN-SUP-01,Supplier,historic resubmission,1,1,0,6.5,0,0,registration,1,1,120,0,20,standard,0,0,0,0.0,Normal
2026-01-08T05:00,SYN-VLP-01,VLP,new MSID Pair,1,1,0,6.4,0,0,registration,1,1,120,0,20,priority,1,1,0,0.0,Normal
2026-01-08T05:00,SYN-VLP-01,VLP,new AMSID Pair,1,1,0,8.4,0,0,registration,0,1,120,0,20,priority,1,0,0,0.0,Normal
2026-01-08T05:00,SYN-VLP-01,VLP,historic resubmission,0,0,0,5.9,0,0,registration,0,0,120,0,20,standard,0,0,0,0.0,Normal
2026-01-08T05:00,SYN-VTP-01,VTP,new MSID Pair,1,1,0,6.6,0,0,registration,1,1,120,0,20,priority,1,1,0,0.0,Normal
2026-01-08T05:00,SYN-VTP-01,VTP,new AMSID Pair,1,1,0,8.7,0,0,registration,1,1,120,0,20,priority,1,0,0,0.0,Normal
2026-01-08T05:00,SYN-VTP-01,VTP,historic resubmission,0,0,0,7.6,0,0,registration,0,0,120,0,20,standard,0,0,0,0.0,Normal
2026-01-08T05:00,SYN-AMVLP-01,AMVLP,new MSID Pair,0,0,0,8.3,0,0,registration,0,0,120,0,20,priority,1,1,0,0.0,Normal
2026-01-08T05:00,SYN-AMVLP-01,AMVLP,new AMSID Pair,2,2,0,7.4,0,0,registration,2,2,120,0,20,priority,1,0,0,0.0,Normal
2026-01-08T05:00,SYN-AMVLP-01,AMVLP,historic resubmission,0,0,0,5.3,0,0,registration,0,0,120,0,20,standard,0,0,0,0.0,Normal
2026-01-08T05:00,SYN-VLP-02,VLP,new MSID Pair,1,1,0,5.8,0,0,registration,0,1,120,0,20,priority,1,1,0,0.0,Normal
2026-01-08T05:00,SYN-VLP-02,VLP,new AMSID Pair,0,0,0,7.5,0,0,registration,0,0,120,0,20,priority,1,0,0,0.0,Normal
2026-01-08T05:00,SYN-VLP-02,VLP,historic resubmission,1,1,0,6.0,0,0,registration,1,1,120,0,20,standard,0,0,0,0.0,Normal
2026-01-08T05:00,SYN-VTP-02,VTP,new MSID Pair,0,0,0,7.4,0,0,registration,0,0,120,0,20,priority,1,1,0,0.0,Normal
2026-01-08T05:00,SYN-VTP-02,VTP,new AMSID Pair,1,1,0,6.3,0,0,registration,1,1,120,0,20,priority,1,0,0,0.0,Normal
2026-01-08T05:00,SYN-VTP-02,VTP,historic resubmission,2,2,0,7.7,0,0,registration,1,2,120,0,20,standard,0,0,0,100.0,Normal
2026-01-08T05:00,SYN-SUP-01,Supplier,new MSID Pair,1,1,0,6.5,0,0,registration,0,1,120,0,20,priority,1,1,0,0.0,Normal
2026-01-08T05:00,SYN-SUP-01,Supplier,new AMSID Pair,0,0,0,7.0,0,0,registration,1,0,120,0,20,priority,1,0,0,-100.0,Normal
2026-01-08T05:00,SYN-SUP-01,Supplier,historic resubmission,2,2,0,6.2,0,0,registration,1,2,120,0,20,standard,0,0,0,100.0,Normal
2026-01-08T06:00,SYN-VLP-01,VLP,new MSID Pair,1,1,0,7.0,0,0,registration,2,1,120,0,20,priority,1,1,0,-50.0,Normal
2026-01-08T06:00,SYN-VLP-01,VLP,new AMSID Pair,1,1,0,5.7,0,0,registration,1,1,120,0,20,priority,1,0,0,0.0,Normal
2026-01-08T06:00,SYN-VLP-01,VLP,historic resubmission,0,0,0,7.3,0,0,registration,0,0,120,0,20,standard,0,0,0,0.0,Normal
2026-01-08T06:00,SYN-VTP-01,VTP,new MSID Pair,2,2,0,6.8,0,0,registration,2,2,120,0,20,priority,1,1,0,0.0,Normal
2026-01-08T06:00,SYN-VTP-01,VTP,new AMSID Pair,1,1,0,7.7,0,0,registration,0,1,120,0,20,priority,1,0,0,0.0,Normal
2026-01-08T06:00,SYN-VTP-01,VTP,historic resubmission,0,0,0,5.7,0,0,registration,0,0,120,0,20,standard,0,0,0,0.0,Normal
2026-01-08T06:00,SYN-AMVLP-01,AMVLP,new MSID Pair,0,0,0,5.1,0,0,registration,0,0,120,0,20,priority,1,1,0,0.0,Normal
2026-01-08T06:00,SYN-AMVLP-01,AMVLP,new AMSID Pair,3,3,0,6.6,0,0,registration,3,3,120,0,20,priority,1,0,0,0.0,Normal
2026-01-08T06:00,SYN-AMVLP-01,AMVLP,historic resubmission,1,1,0,6.2,0,0,registration,0,1,120,0,20,standard,0,0,0,0.0,Normal
2026-01-08T06:00,SYN-VLP-02,VLP,new MSID Pair,1,1,0,9.0,0,0,registration,1,1,120,0,20,priority,1,1,0,0.0,Normal
2026-01-08T06:00,SYN-VLP-02,VLP,new AMSID Pair,1,1,0,8.1,0,0,registration,1,1,120,0,20,priority,1,0,0,0.0,Normal
2026-01-08T06:00,SYN-VLP-02,VLP,historic resubmission,0,0,0,7.2,0,0,registration,1,0,120,0,20,standard,0,0,0,-100.0,Normal
2026-01-08T06:00,SYN-VTP-02,VTP,new MSID Pair,0,0,0,8.2,0,0,registration,1,0,120,0,20,priority,1,1,0,-100.0,Normal
2026-01-08T06:00,SYN-VTP-02,VTP,new AMSID Pair,1,1,0,8.4,0,0,registration,1,1,120,0,20,priority,1,0,0,0.0,Normal
2026-01-08T06:00,SYN-VTP-02,VTP,historic resubmission,0,0,0,8.9,0,0,registration,0,0,120,0,20,standard,0,0,0,0.0,Normal
2026-01-08T06:00,SYN-SUP-01,Supplier,new MSID Pair,0,0,0,5.4,0,0,registration,0,0,120,0,20,priority,1,1,0,0.0,Normal
2026-01-08T06:00,SYN-SUP-01,Supplier,new AMSID Pair,0,0,0,6.1,0,0,registration,0,0,120,0,20,priority,1,0,0,0.0,Normal
2026-01-08T06:00,SYN-SUP-01,Supplier,historic resubmission,0,0,0,5.2,0,0,registration,1,0,120,0,20,standard,0,0,0,-100.0,Normal
2026-01-08T07:00,SYN-VLP-01,VLP,new MSID Pair,2,2,0,7.6,0,0,registration,1,2,120,0,20,priority,1,1,0,100.0,Normal
2026-01-08T07:00,SYN-VLP-01,VLP,new AMSID Pair,0,0,0,5.6,0,0,registration,1,0,120,0,20,priority,1,0,0,-100.0,Normal
2026-01-08T07:00,SYN-VLP-01,VLP,historic resubmission,0,0,0,5.7,0,0,registration,0,0,120,0,20,standard,0,0,0,0.0,Normal
2026-01-08T07:00,SYN-VTP-01,VTP,new MSID Pair,0,0,0,8.8,0,0,registration,0,0,120,0,20,priority,1,1,0,0.0,Normal
2026-01-08T07:00,SYN-VTP-01,VTP,new AMSID Pair,0,0,0,6.9,0,0,registration,1,0,120,0,20,priority,1,0,0,-100.0,Normal
2026-01-08T07:00,SYN-VTP-01,VTP,historic resubmission,0,0,0,9.0,0,0,registration,0,0,120,0,20,standard,0,0,0,0.0,Normal
2026-01-08T07:00,SYN-AMVLP-01,AMVLP,new MSID Pair,1,1,0,7.3,0,0,registration,0,1,120,0,20,priority,1,1,0,0.0,Normal
2026-01-08T07:00,SYN-AMVLP-01,AMVLP,new AMSID Pair,3,3,0,6.2,0,0,registration,3,3,120,0,20,priority,1,0,0,0.0,Normal
2026-01-08T07:00,SYN-AMVLP-01,AMVLP,historic resubmission,0,0,0,7.3,0,0,registration,0,0,120,0,20,standard,0,0,0,0.0,Normal
2026-01-08T07:00,SYN-VLP-02,VLP,new MSID Pair,1,1,0,6.5,0,0,registration,1,1,120,0,20,priority,1,1,0,0.0,Normal
2026-01-08T07:00,SYN-VLP-02,VLP,new AMSID Pair,1,1,0,5.2,0,0,registration,1,1,120,0,20,priority,1,0,0,0.0,Normal
2026-01-08T07:00,SYN-VLP-02,VLP,historic resubmission,2,2,0,5.6,0,0,registration,1,2,120,0,20,standard,0,0,0,100.0,Normal
2026-01-08T07:00,SYN-VTP-02,VTP,new MSID Pair,0,0,0,8.6,0,0,registration,1,0,120,0,20,priority,1,1,0,-100.0,Normal
2026-01-08T07:00,SYN-VTP-02,VTP,new AMSID Pair,1,1,0,9.0,1,1,registration,0,1,120,0,20,priority,1,0,0,0.0,Normal
2026-01-08T07:00,SYN-VTP-02,VTP,historic resubmission,0,0,0,6.9,0,0,registration,1,0,120,0,20,standard,0,0,0,-100.0,Normal
2026-01-08T07:00,SYN-SUP-01,Supplier,new MSID Pair,0,0,0,7.0,0,0,registration,1,0,120,0,20,priority,1,1,0,-100.0,Normal
2026-01-08T07:00,SYN-SUP-01,Supplier,new AMSID Pair,0,0,0,5.6,0,0,registration,1,0,120,0,20,priority,1,0,0,-100.0,Normal
2026-01-08T07:00,SYN-SUP-01,Supplier,historic resubmission,2,2,0,5.4,0,0,registration,1,2,120,0,20,standard,0,0,0,100.0,Normal
2026-01-08T08:00,SYN-VLP-01,VLP,new MSID Pair,2,2,0,7.6,0,0,registration,3,2,120,0,20,priority,1,1,0,-33.33,Normal
2026-01-08T08:00,SYN-VLP-01,VLP,new AMSID Pair,1,1,0,8.4,0,0,registration,1,1,120,0,20,priority,1,0,0,0.0,Normal
2026-01-08T08:00,SYN-VLP-01,VLP,historic resubmission,1,1,0,7.9,0,0,registration,0,1,120,0,20,standard,0,0,0,0.0,Normal
2026-01-08T08:00,SYN-VTP-01,VTP,new MSID Pair,0,0,0,6.3,0,0,registration,0,0,120,0,20,priority,1,1,0,0.0,Normal
2026-01-08T08:00,SYN-VTP-01,VTP,new AMSID Pair,1,1,0,6.6,0,0,registration,2,1,120,0,20,priority,1,0,0,-50.0,Normal
2026-01-08T08:00,SYN-VTP-01,VTP,historic resubmission,0,0,0,7.9,0,0,registration,0,0,120,0,20,standard,0,0,0,0.0,Normal
2026-01-08T08:00,SYN-AMVLP-01,AMVLP,new MSID Pair,0,0,0,8.4,0,0,registration,1,0,120,0,20,priority,1,1,0,-100.0,Normal
2026-01-08T08:00,SYN-AMVLP-01,AMVLP,new AMSID Pair,2,2,0,7.0,0,0,registration,3,2,120,0,20,priority,1,0,0,-33.33,Normal
2026-01-08T08:00,SYN-AMVLP-01,AMVLP,historic resubmission,1,1,0,7.8,0,0,registration,0,1,120,0,20,standard,0,0,0,0.0,Normal
2026-01-08T08:00,SYN-VLP-02,VLP,new MSID Pair,1,1,0,6.3,0,0,registration,1,1,120,0,20,priority,1,1,0,0.0,Normal
2026-01-08T08:00,SYN-VLP-02,VLP,new AMSID Pair,1,1,0,7.4,0,0,registration,0,1,120,0,20,priority,1,0,0,0.0,Normal
2026-01-08T08:00,SYN-VLP-02,VLP,historic resubmission,0,0,0,5.3,0,0,registration,0,0,120,0,20,standard,0,0,0,0.0,Normal
2026-01-08T08:00,SYN-VTP-02,VTP,new MSID Pair,0,0,0,8.2,0,0,registration,0,0,120,0,20,priority,1,1,0,0.0,Normal
2026-01-08T08:00,SYN-VTP-02,VTP,new AMSID Pair,1,1,0,5.5,0,0,registration,1,1,120,0,20,priority,1,0,0,0.0,Normal
2026-01-08T08:00,SYN-VTP-02,VTP,historic resubmission,1,1,0,6.2,0,0,registration,1,1,120,0,20,standard,0,0,0,0.0,Normal
2026-01-08T08:00,SYN-SUP-01,Supplier,new MSID Pair,0,0,0,6.7,0,0,registration,0,0,120,0,20,priority,1,1,0,0.0,Normal
2026-01-08T08:00,SYN-SUP-01,Supplier,new AMSID Pair,1,1,0,7.3,0,0,registration,1,1,120,0,20,priority,1,0,0,0.0,Normal
2026-01-08T08:00,SYN-SUP-01,Supplier,historic resubmission,1,1,0,8.3,0,0,registration,1,1,120,0,20,standard,0,0,0,0.0,Normal
2026-01-08T09:00,SYN-VLP-01,VLP,new MSID Pair,3,3,0,6.9,0,0,registration,3,3,120,0,20,priority,1,1,0,0.0,Normal
2026-01-08T09:00,SYN-VLP-01,VLP,new AMSID Pair,1,1,0,7.5,0,0,registration,0,1,120,0,20,priority,1,0,0,0.0,Normal
2026-01-08T09:00,SYN-VLP-01,VLP,historic resubmission,0,0,0,5.6,0,0,registration,1,0,120,0,20,standard,0,0,0,-100.0,Normal
2026-01-08T09:00,SYN-VTP-01,VTP,new MSID Pair,1,1,0,6.1,0,0,registration,0,1,120,0,20,priority,1,1,0,0.0,Normal
2026-01-08T09:00,SYN-VTP-01,VTP,new AMSID Pair,1,1,0,5.2,0,0,registration,2,1,120,0,20,priority,1,0,0,-50.0,Normal
2026-01-08T09:00,SYN-VTP-01,VTP,historic resubmission,0,0,0,5.9,0,0,registration,0,0,120,0,20,standard,0,0,0,0.0,Normal
2026-01-08T09:00,SYN-AMVLP-01,AMVLP,new MSID Pair,0,0,0,7.7,0,0,registration,1,0,120,0,20,priority,1,1,0,-100.0,Normal
2026-01-08T09:00,SYN-AMVLP-01,AMVLP,new AMSID Pair,1,1,0,6.0,0,0,registration,4,1,120,0,20,priority,1,0,0,-75.0,Normal
2026-01-08T09:00,SYN-AMVLP-01,AMVLP,historic resubmission,1,1,0,8.8,0,0,registration,1,1,120,0,20,standard,0,0,0,0.0,Normal
2026-01-08T09:00,SYN-VLP-02,VLP,new MSID Pair,2,2,0,7.6,0,0,registration,1,2,120,0,20,priority,1,1,0,100.0,Normal
2026-01-08T09:00,SYN-VLP-02,VLP,new AMSID Pair,1,1,0,6.8,0,0,registration,0,1,120,0,20,priority,1,0,0,0.0,Normal
2026-01-08T09:00,SYN-VLP-02,VLP,historic resubmission,1,1,0,5.8,0,0,registration,0,1,120,0,20,standard,0,0,0,0.0,Normal
2026-01-08T09:00,SYN-VTP-02,VTP,new MSID Pair,2,2,0,5.9,0,0,registration,1,2,120,0,20,priority,1,1,0,100.0,Normal
2026-01-08T09:00,SYN-VTP-02,VTP,new AMSID Pair,2,2,0,8.5,0,0,registration,2,2,120,0,20,priority,1,0,0,0.0,Normal
2026-01-08T09:00,SYN-VTP-02,VTP,historic resubmission,0,0,0,7.5,0,0,registration,1,0,120,0,20,standard,0,0,0,-100.0,Normal
2026-01-08T09:00,SYN-SUP-01,Supplier,new MSID Pair,1,1,0,8.0,0,0,registration,0,1,120,0,20,priority,1,1,0,0.0,Normal
2026-01-08T09:00,SYN-SUP-01,Supplier,new AMSID Pair,0,0,0,6.2,0,0,registration,0,0,120,0,20,priority,1,0,0,0.0,Normal
2026-01-08T09:00,SYN-SUP-01,Supplier,historic resubmission,1,1,0,6.2,0,0,registration,1,1,120,0,20,standard,0,0,0,0.0,Normal
2026-01-08T10:00,SYN-VLP-01,VLP,new MSID Pair,2,2,0,6.2,0,0,registration,5,2,120,0,20,priority,1,1,0,-60.0,Normal
2026-01-08T10:00,SYN-VLP-01,VLP,new AMSID Pair,0,0,0,8.4,0,0,registration,0,0,120,0,20,priority,1,0,0,0.0,Normal
2026-01-08T10:00,SYN-VLP-01,VLP,historic resubmission,1,0,1,5.0,0,0,registration,0,1,120,0,20,standard,0,0,1,0.0,Normal
2026-01-08T10:00,SYN-VTP-01,VTP,new MSID Pair,1,1,0,6.5,0,0,registration,2,1,120,0,20,priority,1,1,0,-50.0,Normal
2026-01-08T10:00,SYN-VTP-01,VTP,new AMSID Pair,2,2,0,5.5,0,0,registration,3,2,120,0,20,priority,1,0,0,-33.33,Normal
2026-01-08T10:00,SYN-VTP-01,VTP,historic resubmission,0,0,0,7.7,0,0,registration,0,0,120,0,20,standard,0,0,0,0.0,Normal
2026-01-08T10:00,SYN-AMVLP-01,AMVLP,new MSID Pair,1,1,0,6.3,0,0,registration,0,1,120,0,20,priority,1,1,0,0.0,Normal
2026-01-08T10:00,SYN-AMVLP-01,AMVLP,new AMSID Pair,4,4,0,7.1,0,0,registration,4,4,120,0,20,priority,1,0,0,0.0,Normal
2026-01-08T10:00,SYN-AMVLP-01,AMVLP,historic resubmission,2,1,1,6.7,0,0,registration,0,2,120,0,20,standard,0,0,1,0.0,Normal
2026-01-08T10:00,SYN-VLP-02,VLP,new MSID Pair,2,2,0,9.0,0,0,registration,1,2,120,0,20,priority,1,1,0,100.0,Normal
2026-01-08T10:00,SYN-VLP-02,VLP,new AMSID Pair,1,1,0,6.1,0,0,registration,0,1,120,0,20,priority,1,0,0,0.0,Normal
2026-01-08T10:00,SYN-VLP-02,VLP,historic resubmission,1,0,1,8.6,0,0,registration,0,1,120,0,20,standard,0,0,1,0.0,Normal
2026-01-08T10:00,SYN-VTP-02,VTP,new MSID Pair,2,2,0,5.0,0,0,registration,0,2,120,0,20,priority,1,1,0,0.0,Normal
2026-01-08T10:00,SYN-VTP-02,VTP,new AMSID Pair,2,2,0,8.5,0,0,registration,2,2,120,0,20,priority,1,0,0,0.0,Normal
2026-01-08T10:00,SYN-VTP-02,VTP,historic resubmission,1,0,1,8.9,1,1,registration,0,1,120,0,20,standard,0,0,1,0.0,Normal
2026-01-08T10:00,SYN-SUP-01,Supplier,new MSID Pair,0,0,0,7.0,0,0,registration,0,0,120,0,20,priority,1,1,0,0.0,Normal
2026-01-08T10:00,SYN-SUP-01,Supplier,new AMSID Pair,1,1,0,5.8,0,0,registration,0,1,120,0,20,priority,1,0,0,0.0,Normal
2026-01-08T10:00,SYN-SUP-01,Supplier,historic resubmission,2,1,1,5.1,0,0,registration,1,2,120,0,20,standard,0,0,1,100.0,Normal
2026-01-08T11:00,SYN-VLP-01,VLP,new MSID Pair,4,4,0,8.3,0,0,registration,3,4,120,0,20,priority,1,1,0,33.33,Normal
2026-01-08T11:00,SYN-VLP-01,VLP,new AMSID Pair,0,0,0,6.3,0,0,registration,1,0,120,0,20,priority,1,0,0,-100.0,Normal
2026-01-08T11:00,SYN-VLP-01,VLP,historic resubmission,0,1,0,9.1,0,0,registration,1,0,120,0,20,standard,0,0,-1,-100.0,Normal
2026-01-08T11:00,SYN-VTP-01,VTP,new MSID Pair,1,1,0,5.9,0,0,registration,2,1,120,0,20,priority,1,1,0,-50.0,Normal
2026-01-08T11:00,SYN-VTP-01,VTP,new AMSID Pair,1,1,0,8.2,0,0,registration,1,1,120,0,20,priority,1,0,0,0.0,Normal
2026-01-08T11:00,SYN-VTP-01,VTP,historic resubmission,1,1,0,7.1,0,0,registration,0,1,120,0,20,standard,0,0,0,0.0,Normal
2026-01-08T11:00,SYN-AMVLP-01,AMVLP,new MSID Pair,0,0,0,9.1,0,0,registration,0,0,120,0,20,priority,1,1,0,0.0,Normal
2026-01-08T11:00,SYN-AMVLP-01,AMVLP,new AMSID Pair,2,2,0,8.7,0,0,registration,4,2,120,0,20,priority,1,0,0,-50.0,Normal
2026-01-08T11:00,SYN-AMVLP-01,AMVLP,historic resubmission,1,1,1,7.5,0,0,registration,1,1,120,0,20,standard,0,0,0,0.0,Normal
2026-01-08T11:00,SYN-VLP-02,VLP,new MSID Pair,3,3,0,6.0,0,0,registration,2,3,120,0,20,priority,1,1,0,50.0,Normal
2026-01-08T11:00,SYN-VLP-02,VLP,new AMSID Pair,0,0,0,8.8,0,0,registration,0,0,120,0,20,priority,1,0,0,0.0,Normal
2026-01-08T11:00,SYN-VLP-02,VLP,historic resubmission,1,1,1,8.1,0,0,registration,1,1,120,0,20,standard,0,0,0,0.0,Normal
2026-01-08T11:00,SYN-VTP-02,VTP,new MSID Pair,0,0,0,5.8,0,0,registration,1,0,120,0,20,priority,1,1,0,-100.0,Normal
2026-01-08T11:00,SYN-VTP-02,VTP,new AMSID Pair,2,2,0,8.2,0,0,registration,2,2,120,0,20,priority,1,0,0,0.0,Normal
2026-01-08T11:00,SYN-VTP-02,VTP,historic resubmission,0,1,0,9.4,0,0,registration,0,0,120,0,20,standard,0,0,-1,0.0,Normal
2026-01-08T11:00,SYN-SUP-01,Supplier,new MSID Pair,0,0,0,6.5,0,0,registration,0,0,120,0,20,priority,1,1,0,0.0,Normal
2026-01-08T11:00,SYN-SUP-01,Supplier,new AMSID Pair,1,1,0,5.6,0,0,registration,0,1,120,0,20,priority,1,0,0,0.0,Normal
2026-01-08T11:00,SYN-SUP-01,Supplier,historic resubmission,1,1,1,5.8,0,0,registration,2,1,120,0,20,standard,0,0,0,-50.0,Normal
2026-01-08T12:00,SYN-VLP-01,VLP,new MSID Pair,4,4,0,6.5,1,1,registration,3,4,120,0,20,priority,1,1,0,33.33,Normal
2026-01-08T12:00,SYN-VLP-01,VLP,new AMSID Pair,0,0,0,8.1,0,0,registration,1,0,120,0,20,priority,1,0,0,-100.0,Normal
2026-01-08T12:00,SYN-VLP-01,VLP,historic resubmission,0,0,0,6.9,0,0,registration,0,0,120,0,20,standard,0,0,0,0.0,Normal
2026-01-08T12:00,SYN-VTP-01,VTP,new MSID Pair,2,2,0,6.7,0,0,registration,0,2,120,0,20,priority,1,1,0,0.0,Normal
2026-01-08T12:00,SYN-VTP-01,VTP,new AMSID Pair,2,2,0,7.8,0,0,registration,1,2,120,0,20,priority,1,0,0,100.0,Normal
2026-01-08T12:00,SYN-VTP-01,VTP,historic resubmission,0,0,0,5.5,0,0,registration,0,0,120,0,20,standard,0,0,0,0.0,Normal
2026-01-08T12:00,SYN-AMVLP-01,AMVLP,new MSID Pair,0,0,0,7.1,0,0,registration,1,0,120,0,20,priority,1,1,0,-100.0,Normal
2026-01-08T12:00,SYN-AMVLP-01,AMVLP,new AMSID Pair,4,3,1,7.0,0,0,registration,2,4,120,0,20,priority,1,0,1,100.0,Normal
2026-01-08T12:00,SYN-AMVLP-01,AMVLP,historic resubmission,1,1,1,6.1,0,0,registration,1,1,120,0,20,standard,0,0,0,0.0,Normal
2026-01-08T12:00,SYN-VLP-02,VLP,new MSID Pair,2,2,0,7.1,0,0,registration,3,2,120,0,20,priority,1,1,0,-33.33,Normal
2026-01-08T12:00,SYN-VLP-02,VLP,new AMSID Pair,1,1,0,6.8,0,0,registration,0,1,120,0,20,priority,1,0,0,0.0,Normal
2026-01-08T12:00,SYN-VLP-02,VLP,historic resubmission,0,0,1,5.4,0,0,registration,0,0,120,0,20,standard,0,0,0,0.0,Normal
2026-01-08T12:00,SYN-VTP-02,VTP,new MSID Pair,1,1,0,5.6,0,0,registration,1,1,120,0,20,priority,1,1,0,0.0,Normal
2026-01-08T12:00,SYN-VTP-02,VTP,new AMSID Pair,3,3,0,6.6,0,0,registration,2,3,120,0,20,priority,1,0,0,50.0,Normal
2026-01-08T12:00,SYN-VTP-02,VTP,historic resubmission,1,0,1,7.5,1,1,registration,0,1,120,0,20,standard,0,0,1,0.0,Normal
2026-01-08T12:00,SYN-SUP-01,Supplier,new MSID Pair,0,0,0,5.6,0,0,registration,0,0,120,0,20,priority,1,1,0,0.0,Normal
2026-01-08T12:00,SYN-SUP-01,Supplier,new AMSID Pair,0,0,0,8.1,0,0,registration,1,0,120,0,20,priority,1,0,0,-100.0,Normal
2026-01-08T12:00,SYN-SUP-01,Supplier,historic resubmission,2,1,2,5.6,0,0,registration,2,2,120,0,20,standard,0,0,1,0.0,Normal
2026-01-08T13:00,SYN-VLP-01,VLP,new MSID Pair,3,3,0,6.0,0,0,registration,2,3,120,0,20,priority,1,1,0,50.0,Normal
2026-01-08T13:00,SYN-VLP-01,VLP,new AMSID Pair,0,0,0,7.8,0,0,registration,1,0,120,0,20,priority,1,0,0,-100.0,Normal
2026-01-08T13:00,SYN-VLP-01,VLP,historic resubmission,0,0,0,5.9,0,0,registration,1,0,120,0,20,standard,0,0,0,-100.0,Normal
2026-01-08T13:00,SYN-VTP-01,VTP,new MSID Pair,1,1,0,7.4,0,0,registration,0,1,120,0,20,priority,1,1,0,0.0,Normal
2026-01-08T13:00,SYN-VTP-01,VTP,new AMSID Pair,1,1,0,6.1,0,0,registration,2,1,120,0,20,priority,1,0,0,-50.0,Normal
2026-01-08T13:00,SYN-VTP-01,VTP,historic resubmission,1,1,0,6.8,0,0,registration,1,1,120,0,20,standard,0,0,0,0.0,Normal
2026-01-08T13:00,SYN-AMVLP-01,AMVLP,new MSID Pair,1,1,0,7.8,0,0,registration,1,1,120,0,20,priority,1,1,0,0.0,Normal
2026-01-08T13:00,SYN-AMVLP-01,AMVLP,new AMSID Pair,4,5,0,8.9,0,0,registration,4,4,120,0,20,priority,1,0,-1,0.0,Normal
2026-01-08T13:00,SYN-AMVLP-01,AMVLP,historic resubmission,0,1,0,5.6,0,0,registration,0,0,120,0,20,standard,0,0,-1,0.0,Normal
2026-01-08T13:00,SYN-VLP-02,VLP,new MSID Pair,2,2,0,6.8,0,0,registration,1,2,120,0,20,priority,1,1,0,100.0,Normal
2026-01-08T13:00,SYN-VLP-02,VLP,new AMSID Pair,0,0,0,5.8,0,0,registration,0,0,120,0,20,priority,1,0,0,0.0,Normal
2026-01-08T13:00,SYN-VLP-02,VLP,historic resubmission,0,0,1,6.0,0,0,registration,2,0,120,0,20,standard,0,0,0,-100.0,Normal
2026-01-08T13:00,SYN-VTP-02,VTP,new MSID Pair,1,1,0,9.4,0,0,registration,1,1,120,0,20,priority,1,1,0,0.0,Normal
2026-01-08T13:00,SYN-VTP-02,VTP,new AMSID Pair,2,2,0,7.6,0,0,registration,1,2,120,0,20,priority,1,0,0,100.0,Normal
2026-01-08T13:00,SYN-VTP-02,VTP,historic resubmission,0,0,1,8.1,0,0,registration,2,0,120,0,20,standard,0,0,0,-100.0,Normal
2026-01-08T13:00,SYN-SUP-01,Supplier,new MSID Pair,1,1,0,7.9,0,0,registration,1,1,120,0,20,priority,1,1,0,0.0,Normal
2026-01-08T13:00,SYN-SUP-01,Supplier,new AMSID Pair,0,0,0,6.6,0,0,registration,0,0,120,0,20,priority,1,0,0,0.0,Normal
2026-01-08T13:00,SYN-SUP-01,Supplier,historic resubmission,1,1,2,8.2,0,0,registration,1,1,120,0,20,standard,0,0,0,0.0,Normal
2026-01-08T14:00,SYN-VLP-01,VLP,new MSID Pair,5,4,1,6.6,0,0,registration,4,5,120,0,20,priority,1,1,1,25.0,Normal
2026-01-08T14:00,SYN-VLP-01,VLP,new AMSID Pair,1,1,0,8.1,0,0,registration,0,1,120,0,20,priority,1,0,0,0.0,Normal
2026-01-08T14:00,SYN-VLP-01,VLP,historic resubmission,1,0,1,7.2,0,0,registration,1,1,120,0,20,standard,0,0,1,0.0,Normal
2026-01-08T14:00,SYN-VTP-01,VTP,new MSID Pair,1,1,0,5.8,0,0,registration,3,1,120,0,20,priority,1,1,0,-66.67,Normal
2026-01-08T14:00,SYN-VTP-01,VTP,new AMSID Pair,2,2,0,7.9,0,0,registration,3,2,120,0,20,priority,1,0,0,-33.33,Normal
2026-01-08T14:00,SYN-VTP-01,VTP,historic resubmission,0,0,0,9.1,0,0,registration,1,0,120,0,20,standard,0,0,0,-100.0,Normal
2026-01-08T14:00,SYN-AMVLP-01,AMVLP,new MSID Pair,0,0,0,6.9,0,0,registration,0,0,120,0,20,priority,1,1,0,0.0,Normal
2026-01-08T14:00,SYN-AMVLP-01,AMVLP,new AMSID Pair,3,2,1,8.5,0,0,registration,5,3,120,0,20,priority,1,0,1,-40.0,Normal
2026-01-08T14:00,SYN-AMVLP-01,AMVLP,historic resubmission,0,0,0,8.6,0,0,registration,0,0,120,0,20,standard,0,0,0,0.0,Normal
2026-01-08T14:00,SYN-VLP-02,VLP,new MSID Pair,3,2,1,8.3,0,0,registration,2,3,120,0,20,priority,1,1,1,50.0,Normal
2026-01-08T14:00,SYN-VLP-02,VLP,new AMSID Pair,1,1,0,7.0,0,0,registration,2,1,120,0,20,priority,1,0,0,-50.0,Normal
2026-01-08T14:00,SYN-VLP-02,VLP,historic resubmission,2,1,2,8.3,0,0,registration,0,2,120,0,20,standard,0,0,1,0.0,Normal
2026-01-08T14:00,SYN-VTP-02,VTP,new MSID Pair,0,0,0,7.0,0,0,registration,1,0,120,0,20,priority,1,1,0,-100.0,Normal
2026-01-08T14:00,SYN-VTP-02,VTP,new AMSID Pair,0,0,0,6.0,0,0,registration,1,0,120,0,20,priority,1,0,0,-100.0,Normal
2026-01-08T14:00,SYN-VTP-02,VTP,historic resubmission,2,1,2,5.8,0,0,registration,0,2,120,0,20,standard,0,0,1,0.0,Normal
2026-01-08T14:00,SYN-SUP-01,Supplier,new MSID Pair,1,1,0,5.9,0,0,registration,0,1,120,0,20,priority,1,1,0,0.0,Normal
2026-01-08T14:00,SYN-SUP-01,Supplier,new AMSID Pair,2,2,0,7.9,0,0,registration,1,2,120,0,20,priority,1,0,0,100.0,Normal
2026-01-08T14:00,SYN-SUP-01,Supplier,historic resubmission,2,2,2,6.8,0,0,registration,1,2,120,0,20,standard,0,0,0,100.0,Normal
2026-01-08T15:00,SYN-VLP-01,VLP,new MSID Pair,5,4,2,9.4,0,0,registration,4,5,120,0,20,priority,1,1,1,25.0,Normal
2026-01-08T15:00,SYN-VLP-01,VLP,new AMSID Pair,0,0,0,9.1,0,0,registration,1,0,120,0,20,priority,1,0,0,-100.0,Normal
2026-01-08T15:00,SYN-VLP-01,VLP,historic resubmission,1,0,2,8.1,0,0,registration,1,1,120,0,20,standard,0,0,1,0.0,Normal
2026-01-08T15:00,SYN-VTP-01,VTP,new MSID Pair,1,1,0,6.9,0,0,registration,1,1,120,0,20,priority,1,1,0,0.0,Normal
2026-01-08T15:00,SYN-VTP-01,VTP,new AMSID Pair,2,1,1,8.5,0,0,registration,2,2,120,0,20,priority,1,0,1,0.0,Normal
2026-01-08T15:00,SYN-VTP-01,VTP,historic resubmission,0,0,0,8.2,0,0,registration,0,0,120,0,20,standard,0,0,0,0.0,Normal
2026-01-08T15:00,SYN-AMVLP-01,AMVLP,new MSID Pair,1,1,0,7.3,0,0,registration,1,1,120,0,20,priority,1,1,0,0.0,Normal
2026-01-08T15:00,SYN-AMVLP-01,AMVLP,new AMSID Pair,3,3,1,8.8,0,0,registration,4,3,120,0,20,priority,1,0,0,-25.0,Normal
2026-01-08T15:00,SYN-AMVLP-01,AMVLP,historic resubmission,1,0,1,6.6,0,0,registration,0,1,120,0,20,standard,0,0,1,0.0,Normal
2026-01-08T15:00,SYN-VLP-02,VLP,new MSID Pair,2,2,1,8.5,0,0,registration,2,2,120,0,20,priority,1,1,0,0.0,Normal
2026-01-08T15:00,SYN-VLP-02,VLP,new AMSID Pair,1,1,0,7.3,0,0,registration,0,1,120,0,20,priority,1,0,0,0.0,Normal
2026-01-08T15:00,SYN-VLP-02,VLP,historic resubmission,0,1,1,8.8,0,0,registration,1,0,120,0,20,standard,0,0,-1,-100.0,Normal
2026-01-08T15:00,SYN-VTP-02,VTP,new MSID Pair,2,1,1,6.4,0,0,registration,0,2,120,0,20,priority,1,1,1,0.0,Normal
2026-01-08T15:00,SYN-VTP-02,VTP,new AMSID Pair,3,2,1,9.5,0,0,registration,2,3,120,0,20,priority,1,0,1,50.0,Normal
2026-01-08T15:00,SYN-VTP-02,VTP,historic resubmission,1,1,2,9.2,0,0,registration,0,1,120,0,20,standard,0,0,0,0.0,Normal
2026-01-08T15:00,SYN-SUP-01,Supplier,new MSID Pair,1,1,0,8.2,0,0,registration,1,1,120,0,20,priority,1,1,0,0.0,Normal
2026-01-08T15:00,SYN-SUP-01,Supplier,new AMSID Pair,0,0,0,6.3,0,0,registration,1,0,120,0,20,priority,1,0,0,-100.0,Normal
2026-01-08T15:00,SYN-SUP-01,Supplier,historic resubmission,0,1,1,8.4,0,0,registration,1,0,120,0,20,standard,0,0,-1,-100.0,Normal
2026-01-08T16:00,SYN-VLP-01,VLP,new MSID Pair,4,4,2,6.4,0,0,registration,3,4,120,0,20,priority,1,1,0,33.33,Normal
2026-01-08T16:00,SYN-VLP-01,VLP,new AMSID Pair,1,1,0,9.5,0,1,registration,0,1,120,0,20,priority,1,0,0,0.0,Normal
2026-01-08T16:00,SYN-VLP-01,VLP,historic resubmission,0,0,2,6.7,0,0,registration,0,0,120,0,20,standard,0,0,0,0.0,Normal
2026-01-08T16:00,SYN-VTP-01,VTP,new MSID Pair,1,1,0,7.8,0,0,registration,0,1,120,0,20,priority,1,1,0,0.0,Normal
2026-01-08T16:00,SYN-VTP-01,VTP,new AMSID Pair,2,2,1,6.8,0,0,registration,2,2,120,0,20,priority,1,0,0,0.0,Normal
2026-01-08T16:00,SYN-VTP-01,VTP,historic resubmission,0,0,0,7.4,0,0,registration,0,0,120,0,20,standard,0,0,0,0.0,Normal
2026-01-08T16:00,SYN-AMVLP-01,AMVLP,new MSID Pair,1,1,0,7.1,0,0,registration,0,1,120,0,20,priority,1,1,0,0.0,Normal
2026-01-08T16:00,SYN-AMVLP-01,AMVLP,new AMSID Pair,4,3,2,8.8,0,0,registration,3,4,120,0,20,priority,1,0,1,33.33,Normal
2026-01-08T16:00,SYN-AMVLP-01,AMVLP,historic resubmission,1,1,1,9.8,0,0,registration,1,1,120,0,20,standard,0,0,0,0.0,Normal
2026-01-08T16:00,SYN-VLP-02,VLP,new MSID Pair,3,3,1,6.6,1,1,registration,2,3,120,0,20,priority,1,1,0,50.0,Normal
2026-01-08T16:00,SYN-VLP-02,VLP,new AMSID Pair,0,0,0,6.2,0,0,registration,1,0,120,0,20,priority,1,0,0,-100.0,Normal
2026-01-08T16:00,SYN-VLP-02,VLP,historic resubmission,0,0,1,7.2,0,0,registration,2,0,120,0,20,standard,0,0,0,-100.0,Normal
2026-01-08T16:00,SYN-VTP-02,VTP,new MSID Pair,1,1,1,6.4,0,1,registration,0,1,120,0,20,priority,1,1,0,0.0,Normal
2026-01-08T16:00,SYN-VTP-02,VTP,new AMSID Pair,1,1,1,9.4,0,0,registration,2,1,120,0,20,priority,1,0,0,-50.0,Normal
2026-01-08T16:00,SYN-VTP-02,VTP,historic resubmission,0,1,1,9.6,0,0,registration,0,0,120,0,20,standard,0,0,-1,0.0,Normal
2026-01-08T16:00,SYN-SUP-01,Supplier,new MSID Pair,0,0,0,6.3,0,0,registration,0,0,120,0,20,priority,1,1,0,0.0,Normal
2026-01-08T16:00,SYN-SUP-01,Supplier,new AMSID Pair,0,0,0,9.1,0,0,registration,0,0,120,0,20,priority,1,0,0,0.0,Normal
2026-01-08T16:00,SYN-SUP-01,Supplier,historic resubmission,2,1,2,7.6,0,0,registration,2,2,120,0,20,standard,0,0,1,0.0,Normal
2026-01-08T17:00,SYN-VLP-01,VLP,new MSID Pair,2,3,1,6.2,0,0,registration,2,2,120,0,20,priority,1,1,-1,0.0,Normal
2026-01-08T17:00,SYN-VLP-01,VLP,new AMSID Pair,0,0,0,9.5,0,0,registration,0,0,120,0,20,priority,1,0,0,0.0,Normal
2026-01-08T17:00,SYN-VLP-01,VLP,historic resubmission,0,1,1,7.1,0,0,registration,1,0,120,0,20,standard,0,0,-1,-100.0,Normal
2026-01-08T17:00,SYN-VTP-01,VTP,new MSID Pair,0,0,0,6.5,0,0,registration,1,0,120,0,20,priority,1,1,0,-100.0,Normal
2026-01-08T17:00,SYN-VTP-01,VTP,new AMSID Pair,1,2,0,7.3,0,1,registration,0,1,120,0,20,priority,1,0,-1,0.0,Normal
2026-01-08T17:00,SYN-VTP-01,VTP,historic resubmission,1,0,1,8.8,0,0,registration,1,1,120,0,20,standard,0,0,1,0.0,Normal
2026-01-08T17:00,SYN-AMVLP-01,AMVLP,new MSID Pair,0,0,0,6.5,0,0,registration,0,0,120,0,20,priority,1,1,0,0.0,Normal
2026-01-08T17:00,SYN-AMVLP-01,AMVLP,new AMSID Pair,2,4,0,9.2,0,0,registration,4,2,120,0,20,priority,1,0,-2,-50.0,Normal
2026-01-08T17:00,SYN-AMVLP-01,AMVLP,historic resubmission,0,0,1,7.8,0,0,registration,0,0,120,0,20,standard,0,0,0,0.0,Normal
2026-01-08T17:00,SYN-VLP-02,VLP,new MSID Pair,1,2,0,9.9,0,0,registration,1,1,120,0,20,priority,1,1,-1,0.0,Normal
2026-01-08T17:00,SYN-VLP-02,VLP,new AMSID Pair,0,0,0,7.2,0,0,registration,0,0,120,0,20,priority,1,0,0,0.0,Normal
2026-01-08T17:00,SYN-VLP-02,VLP,historic resubmission,1,1,1,7.8,0,0,registration,0,1,120,0,20,standard,0,0,0,0.0,Normal
2026-01-08T17:00,SYN-VTP-02,VTP,new MSID Pair,1,2,0,7.1,0,0,registration,0,1,120,0,20,priority,1,1,-1,0.0,Normal
2026-01-08T17:00,SYN-VTP-02,VTP,new AMSID Pair,1,2,0,6.6,0,0,registration,1,1,120,0,20,priority,1,0,-1,0.0,Normal
2026-01-08T17:00,SYN-VTP-02,VTP,historic resubmission,1,1,1,6.8,0,0,registration,0,1,120,0,20,standard,0,0,0,0.0,Normal
2026-01-08T17:00,SYN-SUP-01,Supplier,new MSID Pair,1,1,0,7.4,0,0,registration,1,1,120,0,20,priority,1,1,0,0.0,Normal
2026-01-08T17:00,SYN-SUP-01,Supplier,new AMSID Pair,0,0,0,7.0,0,0,registration,0,0,120,0,20,priority,1,0,0,0.0,Normal
2026-01-08T17:00,SYN-SUP-01,Supplier,historic resubmission,1,1,2,6.2,0,0,registration,0,1,120,0,20,standard,0,0,0,0.0,Normal
2026-01-08T18:00,SYN-VLP-01,VLP,new MSID Pair,2,3,0,8.3,0,0,registration,1,2,120,0,20,priority,1,1,-1,100.0,Normal
2026-01-08T18:00,SYN-VLP-01,VLP,new AMSID Pair,0,0,0,7.9,0,0,registration,0,0,120,0,20,priority,1,0,0,0.0,Normal
2026-01-08T18:00,SYN-VLP-01,VLP,historic resubmission,1,1,1,9.1,0,0,registration,0,1,120,0,20,standard,0,0,0,0.0,Normal
2026-01-08T18:00,SYN-VTP-01,VTP,new MSID Pair,2,2,0,7.9,0,0,registration,1,2,120,0,20,priority,1,1,0,100.0,Normal
2026-01-08T18:00,SYN-VTP-01,VTP,new AMSID Pair,2,2,0,6.3,0,0,registration,1,2,120,0,20,priority,1,0,0,100.0,Normal
2026-01-08T18:00,SYN-VTP-01,VTP,historic resubmission,1,1,1,6.5,0,0,registration,1,1,120,0,20,standard,0,0,0,0.0,Normal
2026-01-08T18:00,SYN-AMVLP-01,AMVLP,new MSID Pair,1,1,0,9.1,0,0,registration,1,1,120,0,20,priority,1,1,0,0.0,Normal
2026-01-08T18:00,SYN-AMVLP-01,AMVLP,new AMSID Pair,3,3,0,7.1,0,0,registration,3,3,120,0,20,priority,1,0,0,0.0,Normal
2026-01-08T18:00,SYN-AMVLP-01,AMVLP,historic resubmission,0,1,0,9.0,0,0,registration,0,0,120,0,20,standard,0,0,-1,0.0,Normal
2026-01-08T18:00,SYN-VLP-02,VLP,new MSID Pair,1,1,0,7.7,0,0,registration,2,1,120,0,20,priority,1,1,0,-50.0,Normal
2026-01-08T18:00,SYN-VLP-02,VLP,new AMSID Pair,1,1,0,6.3,0,0,registration,0,1,120,0,20,priority,1,0,0,0.0,Normal
2026-01-08T18:00,SYN-VLP-02,VLP,historic resubmission,1,1,1,8.0,0,1,registration,1,1,120,0,20,standard,0,0,0,0.0,Normal
2026-01-08T18:00,SYN-VTP-02,VTP,new MSID Pair,1,1,0,7.8,0,0,registration,1,1,120,0,20,priority,1,1,0,0.0,Normal
2026-01-08T18:00,SYN-VTP-02,VTP,new AMSID Pair,1,1,0,6.7,0,0,registration,2,1,120,0,20,priority,1,0,0,-50.0,Normal
2026-01-08T18:00,SYN-VTP-02,VTP,historic resubmission,0,0,1,9.2,0,0,registration,0,0,120,0,20,standard,0,0,0,0.0,Normal
2026-01-08T18:00,SYN-SUP-01,Supplier,new MSID Pair,0,0,0,8.7,0,0,registration,0,0,120,0,20,priority,1,1,0,0.0,Normal
2026-01-08T18:00,SYN-SUP-01,Supplier,new AMSID Pair,0,0,0,8.5,0,0,registration,0,0,120,0,20,priority,1,0,0,0.0,Normal
2026-01-08T18:00,SYN-SUP-01,Supplier,historic resubmission,0,1,1,7.5,0,0,registration,1,0,120,0,20,standard,0,0,-1,-100.0,Normal
2026-01-08T19:00,SYN-VLP-01,VLP,new MSID Pair,2,2,0,7.6,0,0,registration,2,2,120,0,20,priority,1,1,0,0.0,Normal
2026-01-08T19:00,SYN-VLP-01,VLP,new AMSID Pair,0,0,0,7.9,0,0,registration,0,0,120,0,20,priority,1,0,0,0.0,Normal
2026-01-08T19:00,SYN-VLP-01,VLP,historic resubmission,0,1,0,5.8,0,0,registration,0,0,120,0,20,standard,0,0,-1,0.0,Normal
2026-01-08T19:00,SYN-VTP-01,VTP,new MSID Pair,0,0,0,6.3,0,0,registration,1,0,120,0,20,priority,1,1,0,-100.0,Normal
2026-01-08T19:00,SYN-VTP-01,VTP,new AMSID Pair,1,1,0,8.1,0,0,registration,0,1,120,0,20,priority,1,0,0,0.0,Normal
2026-01-08T19:00,SYN-VTP-01,VTP,historic resubmission,0,1,0,9.1,0,0,registration,1,0,120,0,20,standard,0,0,-1,-100.0,Normal
2026-01-08T19:00,SYN-AMVLP-01,AMVLP,new MSID Pair,0,0,0,6.7,0,0,registration,1,0,120,0,20,priority,1,1,0,-100.0,Normal
2026-01-08T19:00,SYN-AMVLP-01,AMVLP,new AMSID Pair,3,3,0,7.2,0,1,registration,2,3,120,0,20,priority,1,0,0,50.0,Normal
2026-01-08T19:00,SYN-AMVLP-01,AMVLP,historic resubmission,0,0,0,7.2,0,0,registration,0,0,120,0,20,standard,0,0,0,0.0,Normal
2026-01-08T19:00,SYN-VLP-02,VLP,new MSID Pair,1,1,0,7.7,0,0,registration,2,1,120,0,20,priority,1,1,0,-50.0,Normal
2026-01-08T19:00,SYN-VLP-02,VLP,new AMSID Pair,0,0,0,7.2,0,0,registration,1,0,120,0,20,priority,1,0,0,-100.0,Normal
2026-01-08T19:00,SYN-VLP-02,VLP,historic resubmission,0,1,0,7.0,0,0,registration,0,0,120,0,20,standard,0,0,-1,0.0,Normal
2026-01-08T19:00,SYN-VTP-02,VTP,new MSID Pair,2,2,0,7.1,1,1,registration,0,2,120,0,20,priority,1,1,0,0.0,Normal
2026-01-08T19:00,SYN-VTP-02,VTP,new AMSID Pair,1,1,0,8.2,0,0,registration,1,1,120,0,20,priority,1,0,0,0.0,Normal
2026-01-08T19:00,SYN-VTP-02,VTP,historic resubmission,1,2,0,6.4,0,0,registration,0,1,120,0,20,standard,0,0,-1,0.0,Normal
2026-01-08T19:00,SYN-SUP-01,Supplier,new MSID Pair,1,1,0,8.1,0,0,registration,2,1,120,0,20,priority,1,1,0,-50.0,Normal
2026-01-08T19:00,SYN-SUP-01,Supplier,new AMSID Pair,0,0,0,5.9,0,0,registration,0,0,120,0,20,priority,1,0,0,0.0,Normal
2026-01-08T19:00,SYN-SUP-01,Supplier,historic resubmission,0,1,0,8.2,0,0,registration,0,0,120,0,20,standard,0,0,-1,0.0,Normal
2026-01-08T20:00,SYN-VLP-01,VLP,new MSID Pair,2,2,0,6.0,1,2,registration,3,2,120,0,20,priority,1,1,0,-33.33,Normal
2026-01-08T20:00,SYN-VLP-01,VLP,new AMSID Pair,0,0,0,6.1,0,0,registration,1,0,120,0,20,priority,1,0,0,-100.0,Normal
2026-01-08T20:00,SYN-VLP-01,VLP,historic resubmission,1,1,0,6.6,0,0,registration,1,1,120,0,20,standard,0,0,0,0.0,Normal
2026-01-08T20:00,SYN-VTP-01,VTP,new MSID Pair,1,1,0,5.9,0,0,registration,1,1,120,0,20,priority,1,1,0,0.0,Normal
2026-01-08T20:00,SYN-VTP-01,VTP,new AMSID Pair,1,1,0,7.0,0,0,registration,2,1,120,0,20,priority,1,0,0,-50.0,Normal
2026-01-08T20:00,SYN-VTP-01,VTP,historic resubmission,0,0,0,6.7,0,0,registration,1,0,120,0,20,standard,0,0,0,-100.0,Normal
2026-01-08T20:00,SYN-AMVLP-01,AMVLP,new MSID Pair,0,0,0,8.2,0,0,registration,0,0,120,0,20,priority,1,1,0,0.0,Normal
2026-01-08T20:00,SYN-AMVLP-01,AMVLP,new AMSID Pair,3,3,0,7.7,0,0,registration,3,3,120,0,20,priority,1,0,0,0.0,Normal
2026-01-08T20:00,SYN-AMVLP-01,AMVLP,historic resubmission,0,0,0,7.1,0,0,registration,1,0,120,0,20,standard,0,0,0,-100.0,Normal
2026-01-08T20:00,SYN-VLP-02,VLP,new MSID Pair,1,1,0,7.6,0,0,registration,2,1,120,0,20,priority,1,1,0,-50.0,Normal
2026-01-08T20:00,SYN-VLP-02,VLP,new AMSID Pair,1,1,0,7.8,0,0,registration,1,1,120,0,20,priority,1,0,0,0.0,Normal
2026-01-08T20:00,SYN-VLP-02,VLP,historic resubmission,1,1,0,8.5,0,0,registration,0,1,120,0,20,standard,0,0,0,0.0,Normal
2026-01-08T20:00,SYN-VTP-02,VTP,new MSID Pair,1,1,0,6.6,0,0,registration,1,1,120,0,20,priority,1,1,0,0.0,Normal
2026-01-08T20:00,SYN-VTP-02,VTP,new AMSID Pair,1,1,0,5.4,0,0,registration,0,1,120,0,20,priority,1,0,0,0.0,Normal
2026-01-08T20:00,SYN-VTP-02,VTP,historic resubmission,0,0,0,8.8,0,0,registration,0,0,120,0,20,standard,0,0,0,0.0,Normal
2026-01-08T20:00,SYN-SUP-01,Supplier,new MSID Pair,1,1,0,5.9,0,0,registration,0,1,120,0,20,priority,1,1,0,0.0,Normal
2026-01-08T20:00,SYN-SUP-01,Supplier,new AMSID Pair,0,0,0,6.2,0,0,registration,1,0,120,0,20,priority,1,0,0,-100.0,Normal
2026-01-08T20:00,SYN-SUP-01,Supplier,historic resubmission,1,1,0,5.6,0,0,registration,1,1,120,0,20,standard,0,0,0,0.0,Normal
2026-01-08T21:00,SYN-VLP-01,VLP,new MSID Pair,1,1,0,8.0,1,1,registration,2,1,120,0,20,priority,1,1,0,-50.0,Normal
2026-01-08T21:00,SYN-VLP-01,VLP,new AMSID Pair,1,1,0,5.7,0,0,registration,1,1,120,0,20,priority,1,0,0,0.0,Normal
2026-01-08T21:00,SYN-VLP-01,VLP,historic resubmission,0,0,0,8.1,0,0,registration,0,0,120,0,20,standard,0,0,0,0.0,Normal
2026-01-08T21:00,SYN-VTP-01,VTP,new MSID Pair,0,0,0,8.6,0,0,registration,0,0,120,0,20,priority,1,1,0,0.0,Normal
2026-01-08T21:00,SYN-VTP-01,VTP,new AMSID Pair,0,0,0,8.3,0,0,registration,1,0,120,0,20,priority,1,0,0,-100.0,Normal
2026-01-08T21:00,SYN-VTP-01,VTP,historic resubmission,0,0,0,8.6,0,0,registration,0,0,120,0,20,standard,0,0,0,0.0,Normal
2026-01-08T21:00,SYN-AMVLP-01,AMVLP,new MSID Pair,0,0,0,7.9,0,0,registration,0,0,120,0,20,priority,1,1,0,0.0,Normal
2026-01-08T21:00,SYN-AMVLP-01,AMVLP,new AMSID Pair,1,1,0,8.0,0,0,registration,1,1,120,0,20,priority,1,0,0,0.0,Normal
2026-01-08T21:00,SYN-AMVLP-01,AMVLP,historic resubmission,1,1,0,5.3,0,0,registration,0,1,120,0,20,standard,0,0,0,0.0,Normal
2026-01-08T21:00,SYN-VLP-02,VLP,new MSID Pair,1,1,0,8.5,0,0,registration,3,1,120,0,20,priority,1,1,0,-66.67,Normal
2026-01-08T21:00,SYN-VLP-02,VLP,new AMSID Pair,0,0,0,7.4,0,0,registration,0,0,120,0,20,priority,1,0,0,0.0,Normal
2026-01-08T21:00,SYN-VLP-02,VLP,historic resubmission,0,0,0,7.2,0,0,registration,1,0,120,0,20,standard,0,0,0,-100.0,Normal
2026-01-08T21:00,SYN-VTP-02,VTP,new MSID Pair,2,2,0,7.5,0,0,registration,0,2,120,0,20,priority,1,1,0,0.0,Normal
2026-01-08T21:00,SYN-VTP-02,VTP,new AMSID Pair,3,3,0,7.4,0,0,registration,0,3,120,0,20,priority,1,0,0,0.0,Normal
2026-01-08T21:00,SYN-VTP-02,VTP,historic resubmission,1,1,0,9.0,0,0,registration,0,1,120,0,20,standard,0,0,0,0.0,Normal
2026-01-08T21:00,SYN-SUP-01,Supplier,new MSID Pair,0,0,0,8.9,0,0,registration,1,0,120,0,20,priority,1,1,0,-100.0,Normal
2026-01-08T21:00,SYN-SUP-01,Supplier,new AMSID Pair,0,0,0,8.2,0,0,registration,1,0,120,0,20,priority,1,0,0,-100.0,Normal
2026-01-08T21:00,SYN-SUP-01,Supplier,historic resubmission,0,0,0,7.5,0,0,registration,1,0,120,0,20,standard,0,0,0,-100.0,Normal
2026-01-08T22:00,SYN-VLP-01,VLP,new MSID Pair,3,3,0,8.9,0,0,registration,1,3,120,0,20,priority,1,1,0,200.0,Normal
2026-01-08T22:00,SYN-VLP-01,VLP,new AMSID Pair,1,1,0,7.7,0,0,registration,0,1,120,0,20,priority,1,0,0,0.0,Normal
2026-01-08T22:00,SYN-VLP-01,VLP,historic resubmission,1,1,0,7.8,0,0,registration,0,1,120,0,20,standard,0,0,0,0.0,Normal
2026-01-08T22:00,SYN-VTP-01,VTP,new MSID Pair,1,1,0,6.0,0,0,registration,1,1,120,0,20,priority,1,1,0,0.0,Normal
2026-01-08T22:00,SYN-VTP-01,VTP,new AMSID Pair,0,0,0,5.6,0,0,registration,1,0,120,0,20,priority,1,0,0,-100.0,Normal
2026-01-08T22:00,SYN-VTP-01,VTP,historic resubmission,0,0,0,7.7,0,0,registration,0,0,120,0,20,standard,0,0,0,0.0,Normal
2026-01-08T22:00,SYN-AMVLP-01,AMVLP,new MSID Pair,0,0,0,6.6,0,0,registration,0,0,120,0,20,priority,1,1,0,0.0,Normal
2026-01-08T22:00,SYN-AMVLP-01,AMVLP,new AMSID Pair,2,2,0,6.0,0,0,registration,1,2,120,0,20,priority,1,0,0,100.0,Normal
2026-01-08T22:00,SYN-AMVLP-01,AMVLP,historic resubmission,2,2,0,7.5,1,1,registration,0,2,120,0,20,standard,0,0,0,0.0,Normal
2026-01-08T22:00,SYN-VLP-02,VLP,new MSID Pair,1,1,0,9.0,0,0,registration,1,1,120,0,20,priority,1,1,0,0.0,Normal
2026-01-08T22:00,SYN-VLP-02,VLP,new AMSID Pair,1,1,0,5.5,0,0,registration,0,1,120,0,20,priority,1,0,0,0.0,Normal
2026-01-08T22:00,SYN-VLP-02,VLP,historic resubmission,0,0,0,5.4,0,0,registration,1,0,120,0,20,standard,0,0,0,-100.0,Normal
2026-01-08T22:00,SYN-VTP-02,VTP,new MSID Pair,1,1,0,5.8,0,0,registration,1,1,120,0,20,priority,1,1,0,0.0,Normal
2026-01-08T22:00,SYN-VTP-02,VTP,new AMSID Pair,1,1,0,7.4,0,0,registration,1,1,120,0,20,priority,1,0,0,0.0,Normal
2026-01-08T22:00,SYN-VTP-02,VTP,historic resubmission,1,1,0,5.3,0,0,registration,0,1,120,0,20,standard,0,0,0,0.0,Normal
2026-01-08T22:00,SYN-SUP-01,Supplier,new MSID Pair,0,0,0,6.1,0,0,registration,0,0,120,0,20,priority,1,1,0,0.0,Normal
2026-01-08T22:00,SYN-SUP-01,Supplier,new AMSID Pair,1,1,0,7.0,0,0,registration,0,1,120,0,20,priority,1,0,0,0.0,Normal
2026-01-08T22:00,SYN-SUP-01,Supplier,historic resubmission,1,1,0,8.2,0,0,registration,1,1,120,0,20,standard,0,0,0,0.0,Normal
2026-01-08T23:00,SYN-VLP-01,VLP,new MSID Pair,2,2,0,7.7,0,0,registration,2,2,120,0,20,priority,1,1,0,0.0,Normal
2026-01-08T23:00,SYN-VLP-01,VLP,new AMSID Pair,1,1,0,8.2,0,0,registration,0,1,120,0,20,priority,1,0,0,0.0,Normal
2026-01-08T23:00,SYN-VLP-01,VLP,historic resubmission,0,0,0,8.1,0,0,registration,0,0,120,0,20,standard,0,0,0,0.0,Normal
2026-01-08T23:00,SYN-VTP-01,VTP,new MSID Pair,0,0,0,7.3,0,0,registration,2,0,120,0,20,priority,1,1,0,-100.0,Normal
2026-01-08T23:00,SYN-VTP-01,VTP,new AMSID Pair,0,0,0,7.2,0,0,registration,1,0,120,0,20,priority,1,0,0,-100.0,Normal
2026-01-08T23:00,SYN-VTP-01,VTP,historic resubmission,0,0,0,5.5,0,0,registration,1,0,120,0,20,standard,0,0,0,-100.0,Normal
2026-01-08T23:00,SYN-AMVLP-01,AMVLP,new MSID Pair,1,1,0,8.7,0,0,registration,0,1,120,0,20,priority,1,1,0,0.0,Normal
2026-01-08T23:00,SYN-AMVLP-01,AMVLP,new AMSID Pair,1,1,0,8.2,0,0,registration,2,1,120,0,20,priority,1,0,0,-50.0,Normal
2026-01-08T23:00,SYN-AMVLP-01,AMVLP,historic resubmission,0,0,0,5.9,0,0,registration,0,0,120,0,20,standard,0,0,0,0.0,Normal
2026-01-08T23:00,SYN-VLP-02,VLP,new MSID Pair,1,1,0,7.5,0,0,registration,1,1,120,0,20,priority,1,1,0,0.0,Normal
2026-01-08T23:00,SYN-VLP-02,VLP,new AMSID Pair,0,0,0,7.1,0,0,registration,1,0,120,0,20,priority,1,0,0,-100.0,Normal
2026-01-08T23:00,SYN-VLP-02,VLP,historic resubmission,1,1,0,5.4,0,0,registration,0,1,120,0,20,standard,0,0,0,0.0,Normal
2026-01-08T23:00,SYN-VTP-02,VTP,new MSID Pair,1,1,0,8.4,0,0,registration,2,1,120,0,20,priority,1,1,0,-50.0,Normal
2026-01-08T23:00,SYN-VTP-02,VTP,new AMSID Pair,0,0,0,7.2,0,0,registration,2,0,120,0,20,priority,1,0,0,-100.0,Normal
2026-01-08T23:00,SYN-VTP-02,VTP,historic resubmission,0,0,0,6.4,0,0,registration,1,0,120,0,20,standard,0,0,0,-100.0,Normal
2026-01-08T23:00,SYN-SUP-01,Supplier,new MSID Pair,1,1,0,5.4,0,0,registration,1,1,120,0,20,priority,1,1,0,0.0,Normal
2026-01-08T23:00,SYN-SUP-01,Supplier,new AMSID Pair,0,0,0,5.2,0,0,registration,0,0,120,0,20,priority,1,0,0,0.0,Normal
2026-01-08T23:00,SYN-SUP-01,Supplier,historic resubmission,0,0,0,6.4,0,0,registration,1,0,120,0,20,standard,0,0,0,-100.0,Normal
2026-01-09T00:00,SYN-VLP-01,VLP,new MSID Pair,2,2,0,6.0,0,0,registration,2,2,120,0,20,priority,1,1,0,0.0,Normal
2026-01-09T00:00,SYN-VLP-01,VLP,new AMSID Pair,0,0,0,6.1,0,0,registration,0,0,120,0,20,priority,1,0,0,0.0,Normal
2026-01-09T00:00,SYN-VLP-01,VLP,historic resubmission,0,0,0,5.7,0,0,registration,0,0,120,0,20,standard,0,0,0,0.0,Normal
2026-01-09T00:00,SYN-VTP-01,VTP,new MSID Pair,2,2,0,6.9,0,0,registration,0,2,120,0,20,priority,1,1,0,0.0,Normal
2026-01-09T00:00,SYN-VTP-01,VTP,new AMSID Pair,1,1,0,6.7,0,0,registration,1,1,120,0,20,priority,1,0,0,0.0,Normal
2026-01-09T00:00,SYN-VTP-01,VTP,historic resubmission,0,0,0,8.9,0,0,registration,0,0,120,0,20,standard,0,0,0,0.0,Normal
2026-01-09T00:00,SYN-AMVLP-01,AMVLP,new MSID Pair,0,0,0,6.2,0,0,registration,0,0,120,0,20,priority,1,1,0,0.0,Normal
2026-01-09T00:00,SYN-AMVLP-01,AMVLP,new AMSID Pair,2,2,0,7.0,0,0,registration,2,2,120,0,20,priority,1,0,0,0.0,Normal
2026-01-09T00:00,SYN-AMVLP-01,AMVLP,historic resubmission,0,0,0,6.1,0,0,registration,0,0,120,0,20,standard,0,0,0,0.0,Normal
2026-01-09T00:00,SYN-VLP-02,VLP,new MSID Pair,0,0,0,7.2,0,0,registration,0,0,120,0,20,priority,1,1,0,0.0,Normal
2026-01-09T00:00,SYN-VLP-02,VLP,new AMSID Pair,1,1,0,8.5,0,0,registration,0,1,120,0,20,priority,1,0,0,0.0,Normal
2026-01-09T00:00,SYN-VLP-02,VLP,historic resubmission,0,0,0,6.6,0,0,registration,0,0,120,0,20,standard,0,0,0,0.0,Normal
2026-01-09T00:00,SYN-VTP-02,VTP,new MSID Pair,1,1,0,5.3,0,0,registration,1,1,120,0,20,priority,1,1,0,0.0,Normal
2026-01-09T00:00,SYN-VTP-02,VTP,new AMSID Pair,0,0,0,7.8,0,0,registration,0,0,120,0,20,priority,1,0,0,0.0,Normal
2026-01-09T00:00,SYN-VTP-02,VTP,historic resubmission,0,0,0,8.3,0,0,registration,0,0,120,0,20,standard,0,0,0,0.0,Normal
2026-01-09T00:00,SYN-SUP-01,Supplier,new MSID Pair,0,0,0,6.3,0,0,registration,0,0,120,0,20,priority,1,1,0,0.0,Normal
2026-01-09T00:00,SYN-SUP-01,Supplier,new AMSID Pair,0,0,0,6.5,0,0,registration,0,0,120,0,20,priority,1,0,0,0.0,Normal
2026-01-09T00:00,SYN-SUP-01,Supplier,historic resubmission,0,0,0,5.2,0,0,registration,0,0,120,0,20,standard,0,0,0,0.0,Normal
2026-01-09T01:00,SYN-VLP-01,VLP,new MSID Pair,1,1,0,7.7,0,0,registration,0,1,120,0,20,priority,1,1,0,0.0,Normal
2026-01-09T01:00,SYN-VLP-01,VLP,new AMSID Pair,1,1,0,8.5,0,0,registration,0,1,120,0,20,priority,1,0,0,0.0,Normal
2026-01-09T01:00,SYN-VLP-01,VLP,historic resubmission,1,1,0,6.5,0,0,registration,1,1,120,0,20,standard,0,0,0,0.0,Normal
2026-01-09T01:00,SYN-VTP-01,VTP,new MSID Pair,1,1,0,8.8,0,0,registration,1,1,120,0,20,priority,1,1,0,0.0,Normal
2026-01-09T01:00,SYN-VTP-01,VTP,new AMSID Pair,1,1,0,5.2,0,0,registration,1,1,120,0,20,priority,1,0,0,0.0,Normal
2026-01-09T01:00,SYN-VTP-01,VTP,historic resubmission,0,0,0,5.1,0,0,registration,0,0,120,0,20,standard,0,0,0,0.0,Normal
2026-01-09T01:00,SYN-AMVLP-01,AMVLP,new MSID Pair,1,1,0,7.1,0,0,registration,0,1,120,0,20,priority,1,1,0,0.0,Normal
2026-01-09T01:00,SYN-AMVLP-01,AMVLP,new AMSID Pair,2,2,0,6.7,0,0,registration,0,2,120,0,20,priority,1,0,0,0.0,Normal
2026-01-09T01:00,SYN-AMVLP-01,AMVLP,historic resubmission,2,2,0,5.0,0,0,registration,0,2,120,0,20,standard,0,0,0,0.0,Normal
2026-01-09T01:00,SYN-VLP-02,VLP,new MSID Pair,1,1,0,8.6,0,0,registration,1,1,120,0,20,priority,1,1,0,0.0,Normal
2026-01-09T01:00,SYN-VLP-02,VLP,new AMSID Pair,1,1,0,6.9,0,0,registration,0,1,120,0,20,priority,1,0,0,0.0,Normal
2026-01-09T01:00,SYN-VLP-02,VLP,historic resubmission,0,0,0,5.8,0,0,registration,1,0,120,0,20,standard,0,0,0,-100.0,Normal
2026-01-09T01:00,SYN-VTP-02,VTP,new MSID Pair,0,0,0,6.4,0,0,registration,0,0,120,0,20,priority,1,1,0,0.0,Normal
2026-01-09T01:00,SYN-VTP-02,VTP,new AMSID Pair,1,1,0,8.3,0,0,registration,0,1,120,0,20,priority,1,0,0,0.0,Normal
2026-01-09T01:00,SYN-VTP-02,VTP,historic resubmission,0,0,0,6.3,0,0,registration,1,0,120,0,20,standard,0,0,0,-100.0,Normal
2026-01-09T01:00,SYN-SUP-01,Supplier,new MSID Pair,0,0,0,5.6,0,0,registration,0,0,120,0,20,priority,1,1,0,0.0,Normal
2026-01-09T01:00,SYN-SUP-01,Supplier,new AMSID Pair,2,2,0,5.4,0,0,registration,1,2,120,0,20,priority,1,0,0,100.0,Normal
2026-01-09T01:00,SYN-SUP-01,Supplier,historic resubmission,0,0,0,7.2,0,0,registration,1,0,120,0,20,standard,0,0,0,-100.0,Normal
2026-01-09T02:00,SYN-VLP-01,VLP,new MSID Pair,2,2,0,6.1,0,0,registration,1,2,120,0,20,priority,1,1,0,100.0,Normal
2026-01-09T02:00,SYN-VLP-01,VLP,new AMSID Pair,1,1,0,5.9,0,0,registration,0,1,120,0,20,priority,1,0,0,0.0,Normal
2026-01-09T02:00,SYN-VLP-01,VLP,historic resubmission,0,0,0,7.1,0,0,registration,0,0,120,0,20,standard,0,0,0,0.0,Normal
2026-01-09T02:00,SYN-VTP-01,VTP,new MSID Pair,0,0,0,6.3,0,0,registration,1,0,120,0,20,priority,1,1,0,-100.0,Normal
2026-01-09T02:00,SYN-VTP-01,VTP,new AMSID Pair,1,1,0,7.5,0,0,registration,1,1,120,0,20,priority,1,0,0,0.0,Normal
2026-01-09T02:00,SYN-VTP-01,VTP,historic resubmission,0,0,0,5.3,0,0,registration,1,0,120,0,20,standard,0,0,0,-100.0,Normal
2026-01-09T02:00,SYN-AMVLP-01,AMVLP,new MSID Pair,2,2,0,6.3,0,1,registration,0,2,120,0,20,priority,1,1,0,0.0,Normal
2026-01-09T02:00,SYN-AMVLP-01,AMVLP,new AMSID Pair,2,2,0,6.3,0,0,registration,2,2,120,0,20,priority,1,0,0,0.0,Normal
2026-01-09T02:00,SYN-AMVLP-01,AMVLP,historic resubmission,0,0,0,8.3,0,0,registration,0,0,120,0,20,standard,0,0,0,0.0,Normal
2026-01-09T02:00,SYN-VLP-02,VLP,new MSID Pair,0,0,0,5.8,0,0,registration,2,0,120,0,20,priority,1,1,0,-100.0,Normal
2026-01-09T02:00,SYN-VLP-02,VLP,new AMSID Pair,0,0,0,6.9,0,0,registration,0,0,120,0,20,priority,1,0,0,0.0,Normal
2026-01-09T02:00,SYN-VLP-02,VLP,historic resubmission,1,1,0,6.8,0,0,registration,0,1,120,0,20,standard,0,0,0,0.0,Normal
2026-01-09T02:00,SYN-VTP-02,VTP,new MSID Pair,1,1,0,8.2,0,0,registration,0,1,120,0,20,priority,1,1,0,0.0,Normal
2026-01-09T02:00,SYN-VTP-02,VTP,new AMSID Pair,1,1,0,7.4,0,0,registration,0,1,120,0,20,priority,1,0,0,0.0,Normal
2026-01-09T02:00,SYN-VTP-02,VTP,historic resubmission,1,1,0,5.9,0,0,registration,0,1,120,0,20,standard,0,0,0,0.0,Normal
2026-01-09T02:00,SYN-SUP-01,Supplier,new MSID Pair,0,0,0,6.8,0,0,registration,1,0,120,0,20,priority,1,1,0,-100.0,Normal
2026-01-09T02:00,SYN-SUP-01,Supplier,new AMSID Pair,0,0,0,6.6,0,0,registration,0,0,120,0,20,priority,1,0,0,0.0,Normal
2026-01-09T02:00,SYN-SUP-01,Supplier,historic resubmission,0,0,0,8.2,0,0,registration,0,0,120,0,20,standard,0,0,0,0.0,Normal
2026-01-09T03:00,SYN-VLP-01,VLP,new MSID Pair,1,1,0,8.7,0,0,registration,1,1,120,0,20,priority,1,1,0,0.0,Normal
2026-01-09T03:00,SYN-VLP-01,VLP,new AMSID Pair,0,0,0,7.1,0,0,registration,1,0,120,0,20,priority,1,0,0,-100.0,Normal
2026-01-09T03:00,SYN-VLP-01,VLP,historic resubmission,0,0,0,6.6,0,0,registration,0,0,120,0,20,standard,0,0,0,0.0,Normal
2026-01-09T03:00,SYN-VTP-01,VTP,new MSID Pair,2,2,0,6.0,0,0,registration,0,2,120,0,20,priority,1,1,0,0.0,Normal
2026-01-09T03:00,SYN-VTP-01,VTP,new AMSID Pair,0,0,0,6.2,0,0,registration,2,0,120,0,20,priority,1,0,0,-100.0,Normal
2026-01-09T03:00,SYN-VTP-01,VTP,historic resubmission,0,0,0,8.8,0,0,registration,0,0,120,0,20,standard,0,0,0,0.0,Normal
2026-01-09T03:00,SYN-AMVLP-01,AMVLP,new MSID Pair,0,0,0,8.0,0,0,registration,0,0,120,0,20,priority,1,1,0,0.0,Normal
2026-01-09T03:00,SYN-AMVLP-01,AMVLP,new AMSID Pair,2,2,0,5.6,0,0,registration,1,2,120,0,20,priority,1,0,0,100.0,Normal
2026-01-09T03:00,SYN-AMVLP-01,AMVLP,historic resubmission,1,1,0,8.2,0,0,registration,0,1,120,0,20,standard,0,0,0,0.0,Normal
2026-01-09T03:00,SYN-VLP-02,VLP,new MSID Pair,1,1,0,8.1,0,0,registration,1,1,120,0,20,priority,1,1,0,0.0,Normal
2026-01-09T03:00,SYN-VLP-02,VLP,new AMSID Pair,1,1,0,6.3,0,0,registration,0,1,120,0,20,priority,1,0,0,0.0,Normal
2026-01-09T03:00,SYN-VLP-02,VLP,historic resubmission,1,1,0,8.7,0,0,registration,0,1,120,0,20,standard,0,0,0,0.0,Normal
2026-01-09T03:00,SYN-VTP-02,VTP,new MSID Pair,0,0,0,7.6,0,0,registration,0,0,120,0,20,priority,1,1,0,0.0,Normal
2026-01-09T03:00,SYN-VTP-02,VTP,new AMSID Pair,1,1,0,6.1,0,0,registration,0,1,120,0,20,priority,1,0,0,0.0,Normal
2026-01-09T03:00,SYN-VTP-02,VTP,historic resubmission,0,0,0,8.4,0,0,registration,1,0,120,0,20,standard,0,0,0,-100.0,Normal
2026-01-09T03:00,SYN-SUP-01,Supplier,new MSID Pair,1,1,0,7.3,0,0,registration,0,1,120,0,20,priority,1,1,0,0.0,Normal
2026-01-09T03:00,SYN-SUP-01,Supplier,new AMSID Pair,0,0,0,6.4,0,0,registration,0,0,120,0,20,priority,1,0,0,0.0,Normal
2026-01-09T03:00,SYN-SUP-01,Supplier,historic resubmission,2,2,0,7.8,0,0,registration,1,2,120,0,20,standard,0,0,0,100.0,Normal
2026-01-09T04:00,SYN-VLP-01,VLP,new MSID Pair,2,2,0,5.2,0,0,registration,2,2,120,0,20,priority,1,1,0,0.0,Normal
2026-01-09T04:00,SYN-VLP-01,VLP,new AMSID Pair,0,0,0,6.2,0,0,registration,0,0,120,0,20,priority,1,0,0,0.0,Normal
2026-01-09T04:00,SYN-VLP-01,VLP,historic resubmission,0,0,0,5.6,0,0,registration,0,0,120,0,20,standard,0,0,0,0.0,Normal
2026-01-09T04:00,SYN-VTP-01,VTP,new MSID Pair,2,2,0,6.6,0,0,registration,1,2,120,0,20,priority,1,1,0,100.0,Normal
2026-01-09T04:00,SYN-VTP-01,VTP,new AMSID Pair,1,1,0,7.3,0,0,registration,0,1,120,0,20,priority,1,0,0,0.0,Normal
2026-01-09T04:00,SYN-VTP-01,VTP,historic resubmission,0,0,0,5.0,0,0,registration,0,0,120,0,20,standard,0,0,0,0.0,Normal
2026-01-09T04:00,SYN-AMVLP-01,AMVLP,new MSID Pair,0,0,0,5.4,0,0,registration,0,0,120,0,20,priority,1,1,0,0.0,Normal
2026-01-09T04:00,SYN-AMVLP-01,AMVLP,new AMSID Pair,2,2,0,8.6,0,0,registration,1,2,120,0,20,priority,1,0,0,100.0,Normal
2026-01-09T04:00,SYN-AMVLP-01,AMVLP,historic resubmission,0,0,0,5.6,0,0,registration,0,0,120,0,20,standard,0,0,0,0.0,Normal
2026-01-09T04:00,SYN-VLP-02,VLP,new MSID Pair,0,0,0,8.6,0,0,registration,1,0,120,0,20,priority,1,1,0,-100.0,Normal
2026-01-09T04:00,SYN-VLP-02,VLP,new AMSID Pair,0,0,0,7.7,0,0,registration,0,0,120,0,20,priority,1,0,0,0.0,Normal
2026-01-09T04:00,SYN-VLP-02,VLP,historic resubmission,0,0,0,5.5,0,0,registration,0,0,120,0,20,standard,0,0,0,0.0,Normal
2026-01-09T04:00,SYN-VTP-02,VTP,new MSID Pair,0,0,0,7.0,0,0,registration,0,0,120,0,20,priority,1,1,0,0.0,Normal
2026-01-09T04:00,SYN-VTP-02,VTP,new AMSID Pair,1,1,0,6.7,0,0,registration,0,1,120,0,20,priority,1,0,0,0.0,Normal
2026-01-09T04:00,SYN-VTP-02,VTP,historic resubmission,1,1,0,7.9,0,0,registration,0,1,120,0,20,standard,0,0,0,0.0,Normal
2026-01-09T04:00,SYN-SUP-01,Supplier,new MSID Pair,0,0,0,5.8,0,0,registration,1,0,120,0,20,priority,1,1,0,-100.0,Normal
2026-01-09T04:00,SYN-SUP-01,Supplier,new AMSID Pair,0,0,0,6.2,0,0,registration,0,0,120,0,20,priority,1,0,0,0.0,Normal
2026-01-09T04:00,SYN-SUP-01,Supplier,historic resubmission,1,1,0,6.2,0,0,registration,1,1,120,0,20,standard,0,0,0,0.0,Normal
2026-01-09T05:00,SYN-VLP-01,VLP,new MSID Pair,2,2,0,6.5,1,1,registration,2,2,120,0,20,priority,1,1,0,0.0,Normal
2026-01-09T05:00,SYN-VLP-01,VLP,new AMSID Pair,0,0,0,5.7,0,0,registration,0,0,120,0,20,priority,1,0,0,0.0,Normal
2026-01-09T05:00,SYN-VLP-01,VLP,historic resubmission,0,0,0,5.7,0,0,registration,0,0,120,0,20,standard,0,0,0,0.0,Normal
2026-01-09T05:00,SYN-VTP-01,VTP,new MSID Pair,1,1,0,6.2,0,0,registration,0,1,120,0,20,priority,1,1,0,0.0,Normal
2026-01-09T05:00,SYN-VTP-01,VTP,new AMSID Pair,2,2,0,8.7,0,0,registration,1,2,120,0,20,priority,1,0,0,100.0,Normal
2026-01-09T05:00,SYN-VTP-01,VTP,historic resubmission,1,1,0,8.2,0,0,registration,0,1,120,0,20,standard,0,0,0,0.0,Normal
2026-01-09T05:00,SYN-AMVLP-01,AMVLP,new MSID Pair,0,0,0,8.5,0,0,registration,0,0,120,0,20,priority,1,1,0,0.0,Normal
2026-01-09T05:00,SYN-AMVLP-01,AMVLP,new AMSID Pair,3,3,0,6.5,1,1,registration,2,3,120,0,20,priority,1,0,0,50.0,Normal
2026-01-09T05:00,SYN-AMVLP-01,AMVLP,historic resubmission,0,0,0,8.5,0,0,registration,0,0,120,0,20,standard,0,0,0,0.0,Normal
2026-01-09T05:00,SYN-VLP-02,VLP,new MSID Pair,1,1,0,5.3,0,0,registration,0,1,120,0,20,priority,1,1,0,0.0,Normal
2026-01-09T05:00,SYN-VLP-02,VLP,new AMSID Pair,1,1,0,5.8,0,0,registration,0,1,120,0,20,priority,1,0,0,0.0,Normal
2026-01-09T05:00,SYN-VLP-02,VLP,historic resubmission,0,0,0,7.0,0,0,registration,0,0,120,0,20,standard,0,0,0,0.0,Normal
2026-01-09T05:00,SYN-VTP-02,VTP,new MSID Pair,1,1,0,7.0,0,1,registration,1,1,120,0,20,priority,1,1,0,0.0,Normal
2026-01-09T05:00,SYN-VTP-02,VTP,new AMSID Pair,1,1,0,7.1,0,0,registration,1,1,120,0,20,priority,1,0,0,0.0,Normal
2026-01-09T05:00,SYN-VTP-02,VTP,historic resubmission,0,0,0,5.9,0,0,registration,0,0,120,0,20,standard,0,0,0,0.0,Normal
2026-01-09T05:00,SYN-SUP-01,Supplier,new MSID Pair,0,0,0,7.2,0,0,registration,0,0,120,0,20,priority,1,1,0,0.0,Normal
2026-01-09T05:00,SYN-SUP-01,Supplier,new AMSID Pair,1,1,0,6.9,0,0,registration,0,1,120,0,20,priority,1,0,0,0.0,Normal
2026-01-09T05:00,SYN-SUP-01,Supplier,historic resubmission,1,1,0,7.5,0,0,registration,0,1,120,0,20,standard,0,0,0,0.0,Normal
2026-01-09T06:00,SYN-VLP-01,VLP,new MSID Pair,2,2,0,6.6,0,0,registration,2,2,120,0,20,priority,1,1,0,0.0,Normal
2026-01-09T06:00,SYN-VLP-01,VLP,new AMSID Pair,1,1,0,8.0,0,0,registration,0,1,120,0,20,priority,1,0,0,0.0,Normal
2026-01-09T06:00,SYN-VLP-01,VLP,historic resubmission,0,0,0,8.7,0,0,registration,1,0,120,0,20,standard,0,0,0,-100.0,Normal
2026-01-09T06:00,SYN-VTP-01,VTP,new MSID Pair,1,1,0,6.4,0,0,registration,1,1,120,0,20,priority,1,1,0,0.0,Normal
2026-01-09T06:00,SYN-VTP-01,VTP,new AMSID Pair,1,1,0,6.3,0,0,registration,1,1,120,0,20,priority,1,0,0,0.0,Normal
2026-01-09T06:00,SYN-VTP-01,VTP,historic resubmission,0,0,0,5.7,0,0,registration,1,0,120,0,20,standard,0,0,0,-100.0,Normal
2026-01-09T06:00,SYN-AMVLP-01,AMVLP,new MSID Pair,1,1,0,7.1,0,0,registration,0,1,120,0,20,priority,1,1,0,0.0,Normal
2026-01-09T06:00,SYN-AMVLP-01,AMVLP,new AMSID Pair,3,3,0,7.3,0,0,registration,3,3,120,0,20,priority,1,0,0,0.0,Normal
2026-01-09T06:00,SYN-AMVLP-01,AMVLP,historic resubmission,1,1,0,5.3,0,0,registration,0,1,120,0,20,standard,0,0,0,0.0,Normal
2026-01-09T06:00,SYN-VLP-02,VLP,new MSID Pair,1,1,0,5.5,0,0,registration,2,1,120,0,20,priority,1,1,0,-50.0,Normal
2026-01-09T06:00,SYN-VLP-02,VLP,new AMSID Pair,1,1,0,5.7,0,0,registration,0,1,120,0,20,priority,1,0,0,0.0,Normal
2026-01-09T06:00,SYN-VLP-02,VLP,historic resubmission,0,0,0,5.4,0,0,registration,1,0,120,0,20,standard,0,0,0,-100.0,Normal
2026-01-09T06:00,SYN-VTP-02,VTP,new MSID Pair,1,1,0,5.8,0,0,registration,1,1,120,0,20,priority,1,1,0,0.0,Normal
2026-01-09T06:00,SYN-VTP-02,VTP,new AMSID Pair,1,1,0,7.7,0,1,registration,0,1,120,0,20,priority,1,0,0,0.0,Normal
2026-01-09T06:00,SYN-VTP-02,VTP,historic resubmission,0,0,0,6.5,0,0,registration,0,0,120,0,20,standard,0,0,0,0.0,Normal
2026-01-09T06:00,SYN-SUP-01,Supplier,new MSID Pair,1,1,0,8.9,0,0,registration,0,1,120,0,20,priority,1,1,0,0.0,Normal
2026-01-09T06:00,SYN-SUP-01,Supplier,new AMSID Pair,1,1,0,8.8,0,0,registration,0,1,120,0,20,priority,1,0,0,0.0,Normal
2026-01-09T06:00,SYN-SUP-01,Supplier,historic resubmission,2,2,0,8.2,0,0,registration,1,2,120,0,20,standard,0,0,0,100.0,Normal
2026-01-09T07:00,SYN-VLP-01,VLP,new MSID Pair,3,3,0,6.3,1,2,registration,1,3,120,0,20,priority,1,1,0,200.0,Normal
2026-01-09T07:00,SYN-VLP-01,VLP,new AMSID Pair,0,0,0,7.0,0,0,registration,0,0,120,0,20,priority,1,0,0,0.0,Normal
2026-01-09T07:00,SYN-VLP-01,VLP,historic resubmission,0,0,0,7.0,0,0,registration,0,0,120,0,20,standard,0,0,0,0.0,Normal
2026-01-09T07:00,SYN-VTP-01,VTP,new MSID Pair,1,1,0,8.7,0,0,registration,1,1,120,0,20,priority,1,1,0,0.0,Normal
2026-01-09T07:00,SYN-VTP-01,VTP,new AMSID Pair,2,2,0,6.5,0,0,registration,1,2,120,0,20,priority,1,0,0,100.0,Normal
2026-01-09T07:00,SYN-VTP-01,VTP,historic resubmission,1,1,0,8.7,0,0,registration,0,1,120,0,20,standard,0,0,0,0.0,Normal
2026-01-09T07:00,SYN-AMVLP-01,AMVLP,new MSID Pair,0,0,0,8.7,0,0,registration,0,0,120,0,20,priority,1,1,0,0.0,Normal
2026-01-09T07:00,SYN-AMVLP-01,AMVLP,new AMSID Pair,4,4,0,6.0,0,0,registration,2,4,120,0,20,priority,1,0,0,100.0,Normal
2026-01-09T07:00,SYN-AMVLP-01,AMVLP,historic resubmission,0,0,0,7.6,0,0,registration,0,0,120,0,20,standard,0,0,0,0.0,Normal
2026-01-09T07:00,SYN-VLP-02,VLP,new MSID Pair,1,1,0,6.3,0,0,registration,1,1,120,0,20,priority,1,1,0,0.0,Normal
2026-01-09T07:00,SYN-VLP-02,VLP,new AMSID Pair,0,0,0,6.5,0,0,registration,0,0,120,0,20,priority,1,0,0,0.0,Normal
2026-01-09T07:00,SYN-VLP-02,VLP,historic resubmission,1,1,0,5.3,0,0,registration,0,1,120,0,20,standard,0,0,0,0.0,Normal
2026-01-09T07:00,SYN-VTP-02,VTP,new MSID Pair,0,0,0,6.8,0,0,registration,0,0,120,0,20,priority,1,1,0,0.0,Normal
2026-01-09T07:00,SYN-VTP-02,VTP,new AMSID Pair,1,1,0,8.9,0,0,registration,3,1,120,0,20,priority,1,0,0,-66.67,Normal
2026-01-09T07:00,SYN-VTP-02,VTP,historic resubmission,0,0,0,7.9,0,0,registration,1,0,120,0,20,standard,0,0,0,-100.0,Normal
2026-01-09T07:00,SYN-SUP-01,Supplier,new MSID Pair,0,0,0,6.6,0,0,registration,0,0,120,0,20,priority,1,1,0,0.0,Normal
2026-01-09T07:00,SYN-SUP-01,Supplier,new AMSID Pair,1,1,0,7.2,0,0,registration,1,1,120,0,20,priority,1,0,0,0.0,Normal
2026-01-09T07:00,SYN-SUP-01,Supplier,historic resubmission,1,1,0,6.3,0,0,registration,1,1,120,0,20,standard,0,0,0,0.0,Normal
2026-01-09T08:00,SYN-VLP-01,VLP,new MSID Pair,4,4,0,5.7,0,0,registration,4,4,120,0,20,priority,1,1,0,0.0,Normal
2026-01-09T08:00,SYN-VLP-01,VLP,new AMSID Pair,1,1,0,5.4,0,0,registration,0,1,120,0,20,priority,1,0,0,0.0,Normal
2026-01-09T08:00,SYN-VLP-01,VLP,historic resubmission,0,0,0,6.8,0,0,registration,0,0,120,0,20,standard,0,0,0,0.0,Normal
2026-01-09T08:00,SYN-VTP-01,VTP,new MSID Pair,1,1,0,5.3,0,1,registration,2,1,120,0,20,priority,1,1,0,-50.0,Normal
2026-01-09T08:00,SYN-VTP-01,VTP,new AMSID Pair,2,2,0,8.7,0,0,registration,1,2,120,0,20,priority,1,0,0,100.0,Normal
2026-01-09T08:00,SYN-VTP-01,VTP,historic resubmission,1,1,0,7.3,0,0,registration,0,1,120,0,20,standard,0,0,0,0.0,Normal
2026-01-09T08:00,SYN-AMVLP-01,AMVLP,new MSID Pair,1,1,0,7.2,0,0,registration,0,1,120,0,20,priority,1,1,0,0.0,Normal
2026-01-09T08:00,SYN-AMVLP-01,AMVLP,new AMSID Pair,2,2,0,6.8,0,0,registration,2,2,120,0,20,priority,1,0,0,0.0,Normal
2026-01-09T08:00,SYN-AMVLP-01,AMVLP,historic resubmission,0,0,0,8.7,0,0,registration,0,0,120,0,20,standard,0,0,0,0.0,Normal
2026-01-09T08:00,SYN-VLP-02,VLP,new MSID Pair,3,3,0,8.1,0,0,registration,2,3,120,0,20,priority,1,1,0,50.0,Normal
2026-01-09T08:00,SYN-VLP-02,VLP,new AMSID Pair,1,1,0,5.6,0,0,registration,1,1,120,0,20,priority,1,0,0,0.0,Normal
2026-01-09T08:00,SYN-VLP-02,VLP,historic resubmission,0,0,0,5.8,0,0,registration,1,0,120,0,20,standard,0,0,0,-100.0,Normal
2026-01-09T08:00,SYN-VTP-02,VTP,new MSID Pair,0,0,0,7.2,0,0,registration,0,0,120,0,20,priority,1,1,0,0.0,Normal
2026-01-09T08:00,SYN-VTP-02,VTP,new AMSID Pair,2,2,0,6.6,0,0,registration,2,2,120,0,20,priority,1,0,0,0.0,Normal
2026-01-09T08:00,SYN-VTP-02,VTP,historic resubmission,0,0,0,9.0,0,0,registration,1,0,120,0,20,standard,0,0,0,-100.0,Normal
2026-01-09T08:00,SYN-SUP-01,Supplier,new MSID Pair,0,0,0,7.3,0,0,registration,2,0,120,0,20,priority,1,1,0,-100.0,Normal
2026-01-09T08:00,SYN-SUP-01,Supplier,new AMSID Pair,1,1,0,6.7,0,0,registration,0,1,120,0,20,priority,1,0,0,0.0,Normal
2026-01-09T08:00,SYN-SUP-01,Supplier,historic resubmission,1,1,0,5.3,0,0,registration,2,1,120,0,20,standard,0,0,0,-50.0,Normal
2026-01-09T09:00,SYN-VLP-01,VLP,new MSID Pair,4,3,1,8.5,0,0,registration,3,4,120,0,20,priority,1,1,1,33.33,Normal
2026-01-09T09:00,SYN-VLP-01,VLP,new AMSID Pair,0,0,0,7.1,0,0,registration,0,0,120,0,20,priority,1,0,0,0.0,Normal
2026-01-09T09:00,SYN-VLP-01,VLP,historic resubmission,0,0,0,8.0,0,0,registration,0,0,120,0,20,standard,0,0,0,0.0,Normal
2026-01-09T09:00,SYN-VTP-01,VTP,new MSID Pair,4,3,1,5.8,0,1,registration,1,4,120,0,20,priority,1,1,1,300.0,Normal
2026-01-09T09:00,SYN-VTP-01,VTP,new AMSID Pair,2,2,0,5.2,0,0,registration,2,2,120,0,20,priority,1,0,0,0.0,Normal
2026-01-09T09:00,SYN-VTP-01,VTP,historic resubmission,1,0,1,7.0,0,0,registration,0,1,120,0,20,standard,0,0,1,0.0,Normal
2026-01-09T09:00,SYN-AMVLP-01,AMVLP,new MSID Pair,1,1,0,5.4,0,0,registration,0,1,120,0,20,priority,1,1,0,0.0,Normal
2026-01-09T09:00,SYN-AMVLP-01,AMVLP,new AMSID Pair,6,5,1,6.4,0,0,registration,3,6,120,0,20,priority,1,0,1,100.0,Normal
2026-01-09T09:00,SYN-AMVLP-01,AMVLP,historic resubmission,1,0,1,6.2,0,0,registration,1,1,120,0,20,standard,0,0,1,0.0,Normal
2026-01-09T09:00,SYN-VLP-02,VLP,new MSID Pair,3,2,1,8.5,0,0,registration,2,3,120,0,20,priority,1,1,1,50.0,Normal
2026-01-09T09:00,SYN-VLP-02,VLP,new AMSID Pair,1,1,0,8.0,0,0,registration,1,1,120,0,20,priority,1,0,0,0.0,Normal
2026-01-09T09:00,SYN-VLP-02,VLP,historic resubmission,0,0,0,7.2,0,0,registration,0,0,120,0,20,standard,0,0,0,0.0,Normal
2026-01-09T09:00,SYN-VTP-02,VTP,new MSID Pair,0,0,0,6.7,0,0,registration,0,0,120,0,20,priority,1,1,0,0.0,Normal
2026-01-09T09:00,SYN-VTP-02,VTP,new AMSID Pair,2,1,1,6.5,0,0,registration,1,2,120,0,20,priority,1,0,1,100.0,Normal
2026-01-09T09:00,SYN-VTP-02,VTP,historic resubmission,1,0,1,6.0,0,0,registration,0,1,120,0,20,standard,0,0,1,0.0,Normal
2026-01-09T09:00,SYN-SUP-01,Supplier,new MSID Pair,1,1,0,6.0,0,0,registration,0,1,120,0,20,priority,1,1,0,0.0,Normal
2026-01-09T09:00,SYN-SUP-01,Supplier,new AMSID Pair,0,0,0,6.4,0,0,registration,0,0,120,0,20,priority,1,0,0,0.0,Normal
2026-01-09T09:00,SYN-SUP-01,Supplier,historic resubmission,2,1,1,8.6,0,0,registration,1,2,120,0,20,standard,0,0,1,100.0,Normal
2026-01-09T10:00,SYN-VLP-01,VLP,new MSID Pair,5,3,3,9.0,0,0,registration,5,5,120,0,20,priority,1,1,2,0.0,Normal
2026-01-09T10:00,SYN-VLP-01,VLP,new AMSID Pair,0,0,0,8.2,0,0,registration,1,0,120,0,20,priority,1,0,0,-100.0,Normal
2026-01-09T10:00,SYN-VLP-01,VLP,historic resubmission,1,0,1,6.2,0,0,registration,1,1,120,0,20,standard,0,0,1,0.0,Normal
2026-01-09T10:00,SYN-VTP-01,VTP,new MSID Pair,2,2,1,8.9,0,0,registration,2,2,120,0,20,priority,1,1,0,0.0,Normal
2026-01-09T10:00,SYN-VTP-01,VTP,new AMSID Pair,2,1,1,9.1,0,0,registration,1,2,120,0,20,priority,1,0,1,100.0,Normal
2026-01-09T10:00,SYN-VTP-01,VTP,historic resubmission,1,1,1,7.7,0,0,registration,2,1,120,0,20,standard,0,0,0,-50.0,Normal
2026-01-09T10:00,SYN-AMVLP-01,AMVLP,new MSID Pair,1,1,0,8.2,0,0,registration,0,1,120,0,20,priority,1,1,0,0.0,Normal
2026-01-09T10:00,SYN-AMVLP-01,AMVLP,new AMSID Pair,6,4,3,7.9,0,0,registration,4,6,120,0,20,priority,1,0,2,50.0,Normal
2026-01-09T10:00,SYN-AMVLP-01,AMVLP,historic resubmission,1,0,2,9.5,0,0,registration,1,1,120,0,20,standard,0,0,1,0.0,Normal
2026-01-09T10:00,SYN-VLP-02,VLP,new MSID Pair,3,2,2,7.7,0,0,registration,2,3,120,0,20,priority,1,1,1,50.0,Normal
2026-01-09T10:00,SYN-VLP-02,VLP,new AMSID Pair,2,1,1,6.9,0,0,registration,1,2,120,0,20,priority,1,0,1,100.0,Normal
2026-01-09T10:00,SYN-VLP-02,VLP,historic resubmission,0,0,0,9.5,0,0,registration,1,0,120,0,20,standard,0,0,0,-100.0,Normal
2026-01-09T10:00,SYN-VTP-02,VTP,new MSID Pair,2,1,1,8.6,0,0,registration,1,2,120,0,20,priority,1,1,1,100.0,Normal
2026-01-09T10:00,SYN-VTP-02,VTP,new AMSID Pair,2,2,1,6.9,0,0,registration,0,2,120,0,20,priority,1,0,0,0.0,Normal
2026-01-09T10:00,SYN-VTP-02,VTP,historic resubmission,1,0,2,9.3,0,0,registration,2,1,120,0,20,standard,0,0,1,-50.0,Normal
2026-01-09T10:00,SYN-SUP-01,Supplier,new MSID Pair,2,1,1,8.4,0,0,registration,0,2,120,0,20,priority,1,1,1,0.0,Normal
2026-01-09T10:00,SYN-SUP-01,Supplier,new AMSID Pair,0,0,0,7.5,0,0,registration,0,0,120,0,20,priority,1,0,0,0.0,Normal
2026-01-09T10:00,SYN-SUP-01,Supplier,historic resubmission,2,1,2,6.8,0,0,registration,2,2,120,0,20,standard,0,0,1,0.0,Normal
2026-01-09T11:00,SYN-VLP-01,VLP,new MSID Pair,4,3,4,7.3,0,0,registration,3,4,120,0,20,priority,1,1,1,33.33,Normal
2026-01-09T11:00,SYN-VLP-01,VLP,new AMSID Pair,1,1,0,7.9,0,0,registration,0,1,120,0,20,priority,1,0,0,0.0,Normal
2026-01-09T11:00,SYN-VLP-01,VLP,historic resubmission,0,0,1,9.8,0,0,registration,1,0,120,0,20,standard,0,0,0,-100.0,Normal
2026-01-09T11:00,SYN-VTP-01,VTP,new MSID Pair,2,1,2,8.6,0,0,registration,1,2,120,0,20,priority,1,1,1,100.0,Normal
2026-01-09T11:00,SYN-VTP-01,VTP,new AMSID Pair,2,1,2,10.2,0,0,registration,3,2,120,0,20,priority,1,0,1,-33.33,Normal
2026-01-09T11:00,SYN-VTP-01,VTP,historic resubmission,1,0,2,7.4,0,0,registration,1,1,120,0,20,standard,0,0,1,0.0,Normal
2026-01-09T11:00,SYN-AMVLP-01,AMVLP,new MSID Pair,0,0,0,7.1,0,0,registration,0,0,120,0,20,priority,1,1,0,0.0,Normal
2026-01-09T11:00,SYN-AMVLP-01,AMVLP,new AMSID Pair,6,4,5,9.2,0,0,registration,5,6,120,0,20,priority,1,0,2,20.0,Normal
2026-01-09T11:00,SYN-AMVLP-01,AMVLP,historic resubmission,1,1,2,7.3,0,0,registration,0,1,120,0,20,standard,0,0,0,0.0,Normal
2026-01-09T11:00,SYN-VLP-02,VLP,new MSID Pair,2,2,2,7.2,0,0,registration,2,2,120,0,20,priority,1,1,0,0.0,Normal
2026-01-09T11:00,SYN-VLP-02,VLP,new AMSID Pair,1,1,1,10.5,0,0,registration,0,1,120,0,20,priority,1,0,0,0.0,Normal
2026-01-09T11:00,SYN-VLP-02,VLP,historic resubmission,0,0,0,9.3,0,0,registration,0,0,120,0,20,standard,0,0,0,0.0,Normal
2026-01-09T11:00,SYN-VTP-02,VTP,new MSID Pair,1,1,1,7.5,0,0,registration,1,1,120,0,20,priority,1,1,0,0.0,Normal
2026-01-09T11:00,SYN-VTP-02,VTP,new AMSID Pair,2,2,1,8.2,0,0,registration,1,2,120,0,20,priority,1,0,0,100.0,Normal
2026-01-09T11:00,SYN-VTP-02,VTP,historic resubmission,2,1,3,10.6,1,1,registration,0,2,120,0,20,standard,0,0,1,0.0,Normal
2026-01-09T11:00,SYN-SUP-01,Supplier,new MSID Pair,0,1,0,8.8,0,0,registration,1,0,120,0,20,priority,1,1,-1,-100.0,Normal
2026-01-09T11:00,SYN-SUP-01,Supplier,new AMSID Pair,0,0,0,8.4,0,0,registration,0,0,120,0,20,priority,1,0,0,0.0,Normal
2026-01-09T11:00,SYN-SUP-01,Supplier,historic resubmission,2,1,3,10.4,0,0,registration,1,2,120,0,20,standard,0,0,1,100.0,Normal
2026-01-09T12:00,SYN-VLP-01,VLP,new MSID Pair,4,4,4,9.2,0,0,registration,2,4,120,0,20,priority,1,1,0,100.0,Normal
2026-01-09T12:00,SYN-VLP-01,VLP,new AMSID Pair,1,0,1,8.8,0,0,registration,0,1,120,0,20,priority,1,0,1,0.0,Normal
2026-01-09T12:00,SYN-VLP-01,VLP,historic resubmission,1,0,2,7.7,0,0,registration,0,1,120,0,20,standard,0,0,1,0.0,Normal
2026-01-09T12:00,SYN-VTP-01,VTP,new MSID Pair,1,1,2,7.4,0,0,registration,2,1,120,0,20,priority,1,1,0,-50.0,Normal
2026-01-09T12:00,SYN-VTP-01,VTP,new AMSID Pair,2,2,2,10.6,0,0,registration,2,2,120,0,20,priority,1,0,0,0.0,Normal
2026-01-09T12:00,SYN-VTP-01,VTP,historic resubmission,1,1,2,8.2,0,0,registration,0,1,120,0,20,standard,0,0,0,0.0,Normal
2026-01-09T12:00,SYN-AMVLP-01,AMVLP,new MSID Pair,0,0,0,10.2,0,0,registration,0,0,120,0,20,priority,1,1,0,0.0,Normal
2026-01-09T12:00,SYN-AMVLP-01,AMVLP,new AMSID Pair,5,4,6,10.0,0,0,registration,3,5,120,0,20,priority,1,0,1,66.67,Normal
2026-01-09T12:00,SYN-AMVLP-01,AMVLP,historic resubmission,0,0,2,8.1,0,0,registration,1,0,120,0,20,standard,0,0,0,-100.0,Normal
2026-01-09T12:00,SYN-VLP-02,VLP,new MSID Pair,3,2,3,10.7,0,0,registration,2,3,120,0,20,priority,1,1,1,50.0,Normal
2026-01-09T12:00,SYN-VLP-02,VLP,new AMSID Pair,1,1,1,7.5,0,0,registration,1,1,120,0,20,priority,1,0,0,0.0,Normal
2026-01-09T12:00,SYN-VLP-02,VLP,historic resubmission,1,0,1,11.0,0,0,registration,0,1,120,0,20,standard,0,0,1,0.0,Normal
2026-01-09T12:00,SYN-VTP-02,VTP,new MSID Pair,1,1,1,9.3,0,0,registration,1,1,120,0,20,priority,1,1,0,0.0,Normal
2026-01-09T12:00,SYN-VTP-02,VTP,new AMSID Pair,2,1,2,8.2,0,0,registration,1,2,120,0,20,priority,1,0,1,100.0,Normal
2026-01-09T12:00,SYN-VTP-02,VTP,historic resubmission,0,1,2,10.9,0,0,registration,1,0,120,0,20,standard,0,0,-1,-100.0,Normal
2026-01-09T12:00,SYN-SUP-01,Supplier,new MSID Pair,0,0,0,8.4,0,0,registration,0,0,120,0,20,priority,1,1,0,0.0,Normal
2026-01-09T12:00,SYN-SUP-01,Supplier,new AMSID Pair,1,1,0,8.6,0,0,registration,1,1,120,0,20,priority,1,0,0,0.0,Normal
2026-01-09T12:00,SYN-SUP-01,Supplier,historic resubmission,2,1,4,9.2,0,0,registration,1,2,120,0,20,standard,0,0,1,100.0,Normal
2026-01-09T13:00,SYN-VLP-01,VLP,new MSID Pair,5,3,6,9.0,0,0,registration,3,5,120,0,20,priority,1,1,2,66.67,Normal
2026-01-09T13:00,SYN-VLP-01,VLP,new AMSID Pair,1,1,1,11.0,0,0,registration,0,1,120,0,20,priority,1,0,0,0.0,Normal
2026-01-09T13:00,SYN-VLP-01,VLP,historic resubmission,1,0,3,8.7,0,0,registration,0,1,120,0,20,standard,0,0,1,0.0,Normal
2026-01-09T13:00,SYN-VTP-01,VTP,new MSID Pair,0,1,1,9.2,0,0,registration,0,0,120,0,20,priority,1,1,-1,0.0,Normal
2026-01-09T13:00,SYN-VTP-01,VTP,new AMSID Pair,2,1,3,11.6,0,0,registration,2,2,120,0,20,priority,1,0,1,0.0,Normal
2026-01-09T13:00,SYN-VTP-01,VTP,historic resubmission,0,0,2,10.5,0,0,registration,0,0,120,0,20,standard,0,0,0,0.0,Normal
2026-01-09T13:00,SYN-AMVLP-01,AMVLP,new MSID Pair,0,0,0,8.6,0,0,registration,1,0,120,0,20,priority,1,1,0,-100.0,Normal
2026-01-09T13:00,SYN-AMVLP-01,AMVLP,new AMSID Pair,7,5,8,11.4,0,1,registration,2,7,120,0,20,priority,1,0,2,250.0,Normal
2026-01-09T13:00,SYN-AMVLP-01,AMVLP,historic resubmission,1,1,2,7.9,0,0,registration,0,1,120,0,20,standard,0,0,0,0.0,Normal
2026-01-09T13:00,SYN-VLP-02,VLP,new MSID Pair,3,2,4,9.9,0,0,registration,2,3,120,0,20,priority,1,1,1,50.0,Normal
2026-01-09T13:00,SYN-VLP-02,VLP,new AMSID Pair,1,1,1,8.3,0,0,registration,1,1,120,0,20,priority,1,0,0,0.0,Normal
2026-01-09T13:00,SYN-VLP-02,VLP,historic resubmission,0,0,1,10.4,0,0,registration,0,0,120,0,20,standard,0,0,0,0.0,Normal
2026-01-09T13:00,SYN-VTP-02,VTP,new MSID Pair,2,1,2,11.3,0,0,registration,1,2,120,0,20,priority,1,1,1,100.0,Normal
2026-01-09T13:00,SYN-VTP-02,VTP,new AMSID Pair,3,2,3,8.9,0,0,registration,2,3,120,0,20,priority,1,0,1,50.0,Normal
2026-01-09T13:00,SYN-VTP-02,VTP,historic resubmission,1,1,2,11.5,0,0,registration,0,1,120,0,20,standard,0,0,0,0.0,Normal
2026-01-09T13:00,SYN-SUP-01,Supplier,new MSID Pair,0,0,0,10.4,0,0,registration,0,0,120,0,20,priority,1,1,0,0.0,Normal
2026-01-09T13:00,SYN-SUP-01,Supplier,new AMSID Pair,0,0,0,11.3,0,0,registration,0,0,120,0,20,priority,1,0,0,0.0,Normal
2026-01-09T13:00,SYN-SUP-01,Supplier,historic resubmission,2,1,5,9.8,0,1,registration,2,2,120,0,20,standard,0,0,1,0.0,Normal
2026-01-09T14:00,SYN-VLP-01,VLP,new MSID Pair,6,4,8,9.8,0,0,registration,5,6,120,0,20,priority,1,1,2,20.0,Normal
2026-01-09T14:00,SYN-VLP-01,VLP,new AMSID Pair,1,1,1,10.6,0,0,registration,1,1,120,0,20,priority,1,0,0,0.0,Normal
2026-01-09T14:00,SYN-VLP-01,VLP,historic resubmission,0,0,3,9.9,0,0,registration,1,0,120,0,20,standard,0,0,0,-100.0,Normal
2026-01-09T14:00,SYN-VTP-01,VTP,new MSID Pair,1,1,1,10.6,0,0,registration,1,1,120,0,20,priority,1,1,0,0.0,Normal
2026-01-09T14:00,SYN-VTP-01,VTP,new AMSID Pair,2,2,3,9.3,0,0,registration,2,2,120,0,20,priority,1,0,0,0.0,Normal
2026-01-09T14:00,SYN-VTP-01,VTP,historic resubmission,0,0,2,8.8,0,0,registration,1,0,120,0,20,standard,0,0,0,-100.0,Normal
2026-01-09T14:00,SYN-AMVLP-01,AMVLP,new MSID Pair,0,0,0,9.9,0,0,registration,0,0,120,0,20,priority,1,1,0,0.0,Normal
2026-01-09T14:00,SYN-AMVLP-01,AMVLP,new AMSID Pair,4,4,8,9.1,0,0,registration,3,4,120,0,20,priority,1,0,0,33.33,Normal
2026-01-09T14:00,SYN-AMVLP-01,AMVLP,historic resubmission,1,0,3,11.2,0,0,registration,0,1,120,0,20,standard,0,0,1,0.0,Normal
2026-01-09T14:00,SYN-VLP-02,VLP,new MSID Pair,2,2,4,9.2,0,0,registration,3,2,120,0,20,priority,1,1,0,-33.33,Normal
2026-01-09T14:00,SYN-VLP-02,VLP,new AMSID Pair,1,1,1,11.3,0,0,registration,1,1,120,0,20,priority,1,0,0,0.0,Normal
2026-01-09T14:00,SYN-VLP-02,VLP,historic resubmission,1,0,2,12.2,0,0,registration,0,1,120,0,20,standard,0,0,1,0.0,Normal
2026-01-09T14:00,SYN-VTP-02,VTP,new MSID Pair,2,1,3,12.1,0,0,registration,1,2,120,0,20,priority,1,1,1,100.0,Normal
2026-01-09T14:00,SYN-VTP-02,VTP,new AMSID Pair,3,2,4,9.6,0,0,registration,1,3,120,0,20,priority,1,0,1,200.0,Normal
2026-01-09T14:00,SYN-VTP-02,VTP,historic resubmission,2,1,3,9.8,0,0,registration,0,2,120,0,20,standard,0,0,1,0.0,Normal
2026-01-09T14:00,SYN-SUP-01,Supplier,new MSID Pair,0,0,0,9.1,0,0,registration,1,0,120,0,20,priority,1,1,0,-100.0,Normal
2026-01-09T14:00,SYN-SUP-01,Supplier,new AMSID Pair,0,0,0,9.1,0,0,registration,1,0,120,0,20,priority,1,0,0,-100.0,Normal
2026-01-09T14:00,SYN-SUP-01,Supplier,historic resubmission,2,1,6,8.9,1,1,registration,1,2,120,0,20,standard,0,0,1,100.0,Normal
2026-01-09T15:00,SYN-VLP-01,VLP,new MSID Pair,5,4,9,10.1,0,0,registration,5,5,120,0,20,priority,1,1,1,0.0,Normal
2026-01-09T15:00,SYN-VLP-01,VLP,new AMSID Pair,1,1,1,11.8,0,0,registration,1,1,120,0,20,priority,1,0,0,0.0,Normal
2026-01-09T15:00,SYN-VLP-01,VLP,historic resubmission,1,0,4,9.7,0,0,registration,0,1,120,0,20,standard,0,0,1,0.0,Normal
2026-01-09T15:00,SYN-VTP-01,VTP,new MSID Pair,1,1,1,12.9,0,0,registration,2,1,120,0,20,priority,1,1,0,-50.0,Normal
2026-01-09T15:00,SYN-VTP-01,VTP,new AMSID Pair,2,1,4,11.7,0,0,registration,2,2,120,0,20,priority,1,0,1,0.0,Normal
2026-01-09T15:00,SYN-VTP-01,VTP,historic resubmission,0,0,2,11.9,0,0,registration,1,0,120,0,20,standard,0,0,0,-100.0,Normal
2026-01-09T15:00,SYN-AMVLP-01,AMVLP,new MSID Pair,1,0,1,11.4,0,0,registration,0,1,120,0,20,priority,1,1,1,0.0,Normal
2026-01-09T15:00,SYN-AMVLP-01,AMVLP,new AMSID Pair,4,4,8,11.5,0,0,registration,2,4,120,0,20,priority,1,0,0,100.0,Normal
2026-01-09T15:00,SYN-AMVLP-01,AMVLP,historic resubmission,1,0,4,11.6,0,0,registration,0,1,120,0,20,standard,0,0,1,0.0,Normal
2026-01-09T15:00,SYN-VLP-02,VLP,new MSID Pair,3,2,5,9.4,0,0,registration,2,3,120,0,20,priority,1,1,1,50.0,Normal
2026-01-09T15:00,SYN-VLP-02,VLP,new AMSID Pair,1,1,1,9.7,0,0,registration,2,1,120,0,20,priority,1,0,0,-50.0,Normal
2026-01-09T15:00,SYN-VLP-02,VLP,historic resubmission,2,1,3,10.7,0,0,registration,1,2,120,0,20,standard,0,0,1,100.0,Normal
2026-01-09T15:00,SYN-VTP-02,VTP,new MSID Pair,1,1,3,10.9,0,0,registration,1,1,120,0,20,priority,1,1,0,0.0,Normal
2026-01-09T15:00,SYN-VTP-02,VTP,new AMSID Pair,2,2,4,11.3,0,0,registration,2,2,120,0,20,priority,1,0,0,0.0,Normal
2026-01-09T15:00,SYN-VTP-02,VTP,historic resubmission,1,1,3,12.2,0,0,registration,0,1,120,0,20,standard,0,0,0,0.0,Normal
2026-01-09T15:00,SYN-SUP-01,Supplier,new MSID Pair,0,0,0,12.0,0,0,registration,0,0,120,0,20,priority,1,1,0,0.0,Normal
2026-01-09T15:00,SYN-SUP-01,Supplier,new AMSID Pair,1,0,1,10.8,0,0,registration,1,1,120,0,20,priority,1,0,1,0.0,Normal
2026-01-09T15:00,SYN-SUP-01,Supplier,historic resubmission,2,1,7,11.3,0,0,registration,1,2,120,0,20,standard,0,0,1,100.0,Normal
2026-01-09T16:00,SYN-VLP-01,VLP,new MSID Pair,5,4,10,11.4,0,1,registration,4,5,120,0,20,priority,1,1,1,25.0,Normal
2026-01-09T16:00,SYN-VLP-01,VLP,new AMSID Pair,1,0,2,12.7,0,0,registration,1,1,120,0,20,priority,1,0,1,0.0,Normal
2026-01-09T16:00,SYN-VLP-01,VLP,historic resubmission,1,1,4,10.8,1,1,registration,0,1,120,0,20,standard,0,0,0,0.0,Normal
2026-01-09T16:00,SYN-VTP-01,VTP,new MSID Pair,2,1,2,10.9,0,0,registration,1,2,120,0,20,priority,1,1,1,100.0,Normal
2026-01-09T16:00,SYN-VTP-01,VTP,new AMSID Pair,3,2,5,12.2,0,0,registration,2,3,120,0,20,priority,1,0,1,50.0,Normal
2026-01-09T16:00,SYN-VTP-01,VTP,historic resubmission,0,0,2,11.1,0,0,registration,1,0,120,0,20,standard,0,0,0,-100.0,Normal
2026-01-09T16:00,SYN-AMVLP-01,AMVLP,new MSID Pair,0,0,1,10.2,0,0,registration,0,0,120,0,20,priority,1,1,0,0.0,Normal
2026-01-09T16:00,SYN-AMVLP-01,AMVLP,new AMSID Pair,6,4,10,12.6,0,1,registration,4,6,120,0,20,priority,1,0,2,50.0,Normal
2026-01-09T16:00,SYN-AMVLP-01,AMVLP,historic resubmission,1,1,4,13.2,0,0,registration,1,1,120,0,20,standard,0,0,0,0.0,Normal
2026-01-09T16:00,SYN-VLP-02,VLP,new MSID Pair,3,2,6,10.9,0,0,registration,2,3,120,0,20,priority,1,1,1,50.0,Normal
2026-01-09T16:00,SYN-VLP-02,VLP,new AMSID Pair,1,0,2,9.6,0,0,registration,1,1,120,0,20,priority,1,0,1,0.0,Normal
2026-01-09T16:00,SYN-VLP-02,VLP,historic resubmission,0,0,3,13.3,0,0,registration,0,0,120,0,20,standard,0,0,0,0.0,Normal
2026-01-09T16:00,SYN-VTP-02,VTP,new MSID Pair,1,1,3,12.2,0,0,registration,1,1,120,0,20,priority,1,1,0,0.0,Normal
2026-01-09T16:00,SYN-VTP-02,VTP,new AMSID Pair,2,2,4,12.7,0,0,registration,1,2,120,0,20,priority,1,0,0,100.0,Normal
2026-01-09T16:00,SYN-VTP-02,VTP,historic resubmission,2,1,4,12.2,0,0,registration,1,2,120,0,20,standard,0,0,1,100.0,Normal
2026-01-09T16:00,SYN-SUP-01,Supplier,new MSID Pair,0,0,0,12.8,0,0,registration,0,0,120,0,20,priority,1,1,0,0.0,Normal
2026-01-09T16:00,SYN-SUP-01,Supplier,new AMSID Pair,1,0,2,13.5,0,0,registration,0,1,120,0,20,priority,1,0,1,0.0,Normal
2026-01-09T16:00,SYN-SUP-01,Supplier,historic resubmission,3,1,9,13.1,0,0,registration,0,3,120,0,20,standard,0,0,2,0.0,Normal
2026-01-09T17:00,SYN-VLP-01,VLP,new MSID Pair,3,3,10,13.8,0,0,registration,3,3,120,0,20,priority,1,1,0,0.0,Normal
2026-01-09T17:00,SYN-VLP-01,VLP,new AMSID Pair,0,1,1,11.3,0,0,registration,1,0,120,0,20,priority,1,0,-1,-100.0,Normal
2026-01-09T17:00,SYN-VLP-01,VLP,historic resubmission,1,1,4,10.7,0,0,registration,1,1,120,0,20,standard,0,0,0,0.0,Normal
2026-01-09T17:00,SYN-VTP-01,VTP,new MSID Pair,1,1,2,14.1,0,0,registration,1,1,120,0,20,priority,1,1,0,0.0,Normal
2026-01-09T17:00,SYN-VTP-01,VTP,new AMSID Pair,1,2,4,12.4,0,0,registration,1,1,120,0,20,priority,1,0,-1,0.0,Normal
2026-01-09T17:00,SYN-VTP-01,VTP,historic resubmission,1,0,3,11.7,0,0,registration,0,1,120,0,20,standard,0,0,1,0.0,Normal
2026-01-09T17:00,SYN-AMVLP-01,AMVLP,new MSID Pair,1,0,2,10.9,0,0,registration,0,1,120,0,20,priority,1,1,1,0.0,Normal
2026-01-09T17:00,SYN-AMVLP-01,AMVLP,new AMSID Pair,4,4,10,10.7,0,0,registration,3,4,120,0,20,priority,1,0,0,33.33,Normal
2026-01-09T17:00,SYN-AMVLP-01,AMVLP,historic resubmission,1,1,4,13.7,0,0,registration,0,1,120,0,20,standard,0,0,0,0.0,Normal
2026-01-09T17:00,SYN-VLP-02,VLP,new MSID Pair,1,2,5,11.1,0,0,registration,1,1,120,0,20,priority,1,1,-1,0.0,Normal
2026-01-09T17:00,SYN-VLP-02,VLP,new AMSID Pair,0,0,2,12.6,0,0,registration,1,0,120,0,20,priority,1,0,0,-100.0,Normal
2026-01-09T17:00,SYN-VLP-02,VLP,historic resubmission,0,0,3,11.1,0,0,registration,0,0,120,0,20,standard,0,0,0,0.0,Normal
2026-01-09T17:00,SYN-VTP-02,VTP,new MSID Pair,0,1,2,13.3,0,0,registration,1,0,120,0,20,priority,1,1,-1,-100.0,Normal
2026-01-09T17:00,SYN-VTP-02,VTP,new AMSID Pair,0,1,3,14.5,0,0,registration,1,0,120,0,20,priority,1,0,-1,-100.0,Normal
2026-01-09T17:00,SYN-VTP-02,VTP,historic resubmission,1,1,4,13.0,0,0,registration,0,1,120,0,20,standard,0,0,0,0.0,Normal
2026-01-09T17:00,SYN-SUP-01,Supplier,new MSID Pair,1,0,1,14.3,0,0,registration,0,1,120,0,20,priority,1,1,1,0.0,Normal
2026-01-09T17:00,SYN-SUP-01,Supplier,new AMSID Pair,1,1,2,13.5,0,0,registration,1,1,120,0,20,priority,1,0,0,0.0,Normal
2026-01-09T17:00,SYN-SUP-01,Supplier,historic resubmission,2,1,10,12.9,0,0,registration,1,2,120,0,20,standard,0,0,1,100.0,Normal
2026-01-09T18:00,SYN-VLP-01,VLP,new MSID Pair,3,3,10,11.7,0,1,registration,4,3,120,0,20,priority,1,1,0,-25.0,Normal
2026-01-09T18:00,SYN-VLP-01,VLP,new AMSID Pair,0,0,1,14.0,0,0,registration,0,0,120,0,20,priority,1,0,0,0.0,Normal
2026-01-09T18:00,SYN-VLP-01,VLP,historic resubmission,0,1,3,14.2,0,0,registration,1,0,120,0,20,standard,0,0,-1,-100.0,Normal
2026-01-09T18:00,SYN-VTP-01,VTP,new MSID Pair,2,1,3,11.6,0,0,registration,2,2,120,0,20,priority,1,1,1,0.0,Normal
2026-01-09T18:00,SYN-VTP-01,VTP,new AMSID Pair,1,1,4,13.4,0,0,registration,1,1,120,0,20,priority,1,0,0,0.0,Normal
2026-01-09T18:00,SYN-VTP-01,VTP,historic resubmission,1,0,4,11.8,0,0,registration,0,1,120,0,20,standard,0,0,1,0.0,Normal
2026-01-09T18:00,SYN-AMVLP-01,AMVLP,new MSID Pair,0,1,1,11.3,0,0,registration,1,0,120,0,20,priority,1,1,-1,-100.0,Normal
2026-01-09T18:00,SYN-AMVLP-01,AMVLP,new AMSID Pair,3,3,10,11.8,0,0,registration,1,3,120,0,20,priority,1,0,0,200.0,Normal
2026-01-09T18:00,SYN-AMVLP-01,AMVLP,historic resubmission,1,1,4,11.1,0,0,registration,1,1,120,0,20,standard,0,0,0,0.0,Normal
2026-01-09T18:00,SYN-VLP-02,VLP,new MSID Pair,1,2,4,14.3,0,0,registration,2,1,120,0,20,priority,1,1,-1,-50.0,Normal
2026-01-09T18:00,SYN-VLP-02,VLP,new AMSID Pair,0,1,1,12.5,0,0,registration,1,0,120,0,20,priority,1,0,-1,-100.0,Normal
2026-01-09T18:00,SYN-VLP-02,VLP,historic resubmission,1,0,4,10.4,0,0,registration,0,1,120,0,20,standard,0,0,1,0.0,Normal
2026-01-09T18:00,SYN-VTP-02,VTP,new MSID Pair,1,1,2,10.6,0,0,registration,1,1,120,0,20,priority,1,1,0,0.0,Normal
2026-01-09T18:00,SYN-VTP-02,VTP,new AMSID Pair,2,1,4,11.6,0,0,registration,1,2,120,0,20,priority,1,0,1,100.0,Normal
2026-01-09T18:00,SYN-VTP-02,VTP,historic resubmission,1,1,4,13.0,0,0,registration,1,1,120,0,20,standard,0,0,0,0.0,Normal
2026-01-09T18:00,SYN-SUP-01,Supplier,new MSID Pair,1,1,1,12.7,0,0,registration,0,1,120,0,20,priority,1,1,0,0.0,Normal
2026-01-09T18:00,SYN-SUP-01,Supplier,new AMSID Pair,1,1,2,12.3,0,0,registration,1,1,120,0,20,priority,1,0,0,0.0,Normal
2026-01-09T18:00,SYN-SUP-01,Supplier,historic resubmission,2,1,11,10.5,0,0,registration,2,2,120,0,20,standard,0,0,1,0.0,Normal
2026-01-09T19:00,SYN-VLP-01,VLP,new MSID Pair,4,4,10,13.4,0,0,registration,3,4,120,0,20,priority,1,1,0,33.33,Normal
2026-01-09T19:00,SYN-VLP-01,VLP,new AMSID Pair,1,0,2,11.3,0,0,registration,0,1,120,0,20,priority,1,0,1,0.0,Normal
2026-01-09T19:00,SYN-VLP-01,VLP,historic resubmission,0,0,3,13.2,0,0,registration,1,0,120,0,20,standard,0,0,0,-100.0,Normal
2026-01-09T19:00,SYN-VTP-01,VTP,new MSID Pair,1,1,3,11.8,0,0,registration,2,1,120,0,20,priority,1,1,0,-50.0,Normal
2026-01-09T19:00,SYN-VTP-01,VTP,new AMSID Pair,3,2,5,10.5,0,0,registration,0,3,120,0,20,priority,1,0,1,0.0,Normal
2026-01-09T19:00,SYN-VTP-01,VTP,historic resubmission,0,0,4,13.5,0,0,registration,1,0,120,0,20,standard,0,0,0,-100.0,Normal
2026-01-09T19:00,SYN-AMVLP-01,AMVLP,new MSID Pair,0,0,1,11.4,0,0,registration,0,0,120,0,20,priority,1,1,0,0.0,Normal
2026-01-09T19:00,SYN-AMVLP-01,AMVLP,new AMSID Pair,3,3,10,13.0,0,0,registration,2,3,120,0,20,priority,1,0,0,50.0,Normal
2026-01-09T19:00,SYN-AMVLP-01,AMVLP,historic resubmission,1,1,4,13.5,0,0,registration,0,1,120,0,20,standard,0,0,0,0.0,Normal
2026-01-09T19:00,SYN-VLP-02,VLP,new MSID Pair,2,2,4,11.5,0,0,registration,0,2,120,0,20,priority,1,1,0,0.0,Normal
2026-01-09T19:00,SYN-VLP-02,VLP,new AMSID Pair,2,1,2,11.3,0,1,registration,0,2,120,0,20,priority,1,0,1,0.0,Normal
2026-01-09T19:00,SYN-VLP-02,VLP,historic resubmission,1,1,4,13.1,0,0,registration,0,1,120,0,20,standard,0,0,0,0.0,Normal
2026-01-09T19:00,SYN-VTP-02,VTP,new MSID Pair,1,1,2,13.1,0,0,registration,0,1,120,0,20,priority,1,1,0,0.0,Normal
2026-01-09T19:00,SYN-VTP-02,VTP,new AMSID Pair,1,1,4,13.9,0,0,registration,1,1,120,0,20,priority,1,0,0,0.0,Normal
2026-01-09T19:00,SYN-VTP-02,VTP,historic resubmission,0,0,4,13.9,0,0,registration,0,0,120,0,20,standard,0,0,0,0.0,Normal
2026-01-09T19:00,SYN-SUP-01,Supplier,new MSID Pair,1,1,1,13.1,0,0,registration,0,1,120,0,20,priority,1,1,0,0.0,Normal
2026-01-09T19:00,SYN-SUP-01,Supplier,new AMSID Pair,0,1,1,12.9,0,0,registration,1,0,120,0,20,priority,1,0,-1,-100.0,Normal
2026-01-09T19:00,SYN-SUP-01,Supplier,historic resubmission,1,1,11,11.3,0,0,registration,1,1,120,0,20,standard,0,0,0,0.0,Normal
2026-01-09T20:00,SYN-VLP-01,VLP,new MSID Pair,4,4,10,10.8,1,1,registration,3,4,120,0,20,priority,1,1,0,33.33,Normal
2026-01-09T20:00,SYN-VLP-01,VLP,new AMSID Pair,0,1,1,14.1,0,0,registration,0,0,120,0,20,priority,1,0,-1,0.0,Normal
2026-01-09T20:00,SYN-VLP-01,VLP,historic resubmission,0,0,3,14.4,0,0,registration,0,0,120,0,20,standard,0,0,0,0.0,Normal
2026-01-09T20:00,SYN-VTP-01,VTP,new MSID Pair,0,1,2,11.6,0,0,registration,1,0,120,0,20,priority,1,1,-1,-100.0,Normal
2026-01-09T20:00,SYN-VTP-01,VTP,new AMSID Pair,3,2,6,13.1,0,0,registration,0,3,120,0,20,priority,1,0,1,0.0,Normal
2026-01-09T20:00,SYN-VTP-01,VTP,historic resubmission,0,0,4,11.4,0,0,registration,0,0,120,0,20,standard,0,0,0,0.0,Normal
2026-01-09T20:00,SYN-AMVLP-01,AMVLP,new MSID Pair,2,1,2,10.9,0,0,registration,1,2,120,0,20,priority,1,1,1,100.0,Normal
2026-01-09T20:00,SYN-AMVLP-01,AMVLP,new AMSID Pair,3,3,10,13.5,1,1,registration,2,3,120,0,20,priority,1,0,0,50.0,Normal
2026-01-09T20:00,SYN-AMVLP-01,AMVLP,historic resubmission,0,0,4,11.4,0,0,registration,0,0,120,0,20,standard,0,0,0,0.0,Normal
2026-01-09T20:00,SYN-VLP-02,VLP,new MSID Pair,2,2,4,12.2,0,0,registration,1,2,120,0,20,priority,1,1,0,100.0,Normal
2026-01-09T20:00,SYN-VLP-02,VLP,new AMSID Pair,2,1,3,13.0,0,0,registration,0,2,120,0,20,priority,1,0,1,0.0,Normal
2026-01-09T20:00,SYN-VLP-02,VLP,historic resubmission,1,1,4,11.5,1,1,registration,0,1,120,0,20,standard,0,0,0,0.0,Normal
2026-01-09T20:00,SYN-VTP-02,VTP,new MSID Pair,0,0,2,10.6,0,0,registration,0,0,120,0,20,priority,1,1,0,0.0,Normal
2026-01-09T20:00,SYN-VTP-02,VTP,new AMSID Pair,1,1,4,14.1,0,0,registration,0,1,120,0,20,priority,1,0,0,0.0,Normal
2026-01-09T20:00,SYN-VTP-02,VTP,historic resubmission,1,1,4,11.1,0,0,registration,0,1,120,0,20,standard,0,0,0,0.0,Normal
2026-01-09T20:00,SYN-SUP-01,Supplier,new MSID Pair,1,1,1,14.3,0,0,registration,1,1,120,0,20,priority,1,1,0,0.0,Normal
2026-01-09T20:00,SYN-SUP-01,Supplier,new AMSID Pair,0,0,1,13.8,0,0,registration,0,0,120,0,20,priority,1,0,0,0.0,Normal
2026-01-09T20:00,SYN-SUP-01,Supplier,historic resubmission,1,1,11,12.3,0,0,registration,0,1,120,0,20,standard,0,0,0,0.0,Normal
2026-01-09T21:00,SYN-VLP-01,VLP,new MSID Pair,2,3,9,13.9,0,0,registration,1,2,120,0,20,priority,1,1,-1,100.0,Normal
2026-01-09T21:00,SYN-VLP-01,VLP,new AMSID Pair,0,0,1,14.2,0,0,registration,1,0,120,0,20,priority,1,0,0,-100.0,Normal
2026-01-09T21:00,SYN-VLP-01,VLP,historic resubmission,1,0,4,12.9,0,0,registration,0,1,120,0,20,standard,0,0,1,0.0,Normal
2026-01-09T21:00,SYN-VTP-01,VTP,new MSID Pair,1,1,2,11.1,0,0,registration,1,1,120,0,20,priority,1,1,0,0.0,Normal
2026-01-09T21:00,SYN-VTP-01,VTP,new AMSID Pair,1,2,5,12.5,0,0,registration,1,1,120,0,20,priority,1,0,-1,0.0,Normal
2026-01-09T21:00,SYN-VTP-01,VTP,historic resubmission,0,0,4,12.1,0,0,registration,1,0,120,0,20,standard,0,0,0,-100.0,Normal
2026-01-09T21:00,SYN-AMVLP-01,AMVLP,new MSID Pair,1,1,2,12.0,0,0,registration,0,1,120,0,20,priority,1,1,0,0.0,Normal
2026-01-09T21:00,SYN-AMVLP-01,AMVLP,new AMSID Pair,3,4,9,14.2,0,0,registration,1,3,120,0,20,priority,1,0,-1,200.0,Normal
2026-01-09T21:00,SYN-AMVLP-01,AMVLP,historic resubmission,1,1,4,13.1,0,0,registration,0,1,120,0,20,standard,0,0,0,0.0,Normal
2026-01-09T21:00,SYN-VLP-02,VLP,new MSID Pair,2,2,4,13.2,0,0,registration,0,2,120,0,20,priority,1,1,0,0.0,Normal
2026-01-09T21:00,SYN-VLP-02,VLP,new AMSID Pair,0,1,2,12.7,0,0,registration,0,0,120,0,20,priority,1,0,-1,0.0,Normal
2026-01-09T21:00,SYN-VLP-02,VLP,historic resubmission,1,1,4,14.4,0,0,registration,1,1,120,0,20,standard,0,0,0,0.0,Normal
2026-01-09T21:00,SYN-VTP-02,VTP,new MSID Pair,0,1,1,10.9,0,0,registration,0,0,120,0,20,priority,1,1,-1,0.0,Normal
2026-01-09T21:00,SYN-VTP-02,VTP,new AMSID Pair,0,1,3,12.8,0,0,registration,0,0,120,0,20,priority,1,0,-1,0.0,Normal
2026-01-09T21:00,SYN-VTP-02,VTP,historic resubmission,0,0,4,11.1,0,0,registration,1,0,120,0,20,standard,0,0,0,-100.0,Normal
2026-01-09T21:00,SYN-SUP-01,Supplier,new MSID Pair,1,1,1,13.5,0,0,registration,0,1,120,0,20,priority,1,1,0,0.0,Normal
2026-01-09T21:00,SYN-SUP-01,Supplier,new AMSID Pair,0,0,1,14.5,0,0,registration,1,0,120,0,20,priority,1,0,0,-100.0,Normal
2026-01-09T21:00,SYN-SUP-01,Supplier,historic resubmission,1,1,11,12.1,0,0,registration,0,1,120,0,20,standard,0,0,0,0.0,Normal
2026-01-09T22:00,SYN-VLP-01,VLP,new MSID Pair,3,4,8,12.9,0,0,registration,1,3,120,0,20,priority,1,1,-1,200.0,Normal
2026-01-09T22:00,SYN-VLP-01,VLP,new AMSID Pair,0,0,1,11.2,0,0,registration,0,0,120,0,20,priority,1,0,0,0.0,Normal
2026-01-09T22:00,SYN-VLP-01,VLP,historic resubmission,0,1,3,12.0,0,0,registration,1,0,120,0,20,standard,0,0,-1,-100.0,Normal
2026-01-09T22:00,SYN-VTP-01,VTP,new MSID Pair,1,1,2,12.9,0,0,registration,0,1,120,0,20,priority,1,1,0,0.0,Normal
2026-01-09T22:00,SYN-VTP-01,VTP,new AMSID Pair,0,1,4,11.5,0,0,registration,1,0,120,0,20,priority,1,0,-1,-100.0,Normal
2026-01-09T22:00,SYN-VTP-01,VTP,historic resubmission,1,1,4,12.3,0,0,registration,1,1,120,0,20,standard,0,0,0,0.0,Normal
2026-01-09T22:00,SYN-AMVLP-01,AMVLP,new MSID Pair,0,1,1,11.6,0,0,registration,0,0,120,0,20,priority,1,1,-1,0.0,Normal
2026-01-09T22:00,SYN-AMVLP-01,AMVLP,new AMSID Pair,3,4,8,12.0,0,0,registration,2,3,120,0,20,priority,1,0,-1,50.0,Normal
2026-01-09T22:00,SYN-AMVLP-01,AMVLP,historic resubmission,2,1,5,10.9,0,0,registration,0,2,120,0,20,standard,0,0,1,0.0,Normal
2026-01-09T22:00,SYN-VLP-02,VLP,new MSID Pair,1,1,4,11.4,0,0,registration,0,1,120,0,20,priority,1,1,0,0.0,Normal
2026-01-09T22:00,SYN-VLP-02,VLP,new AMSID Pair,1,1,2,14.0,0,0,registration,0,1,120,0,20,priority,1,0,0,0.0,Normal
2026-01-09T22:00,SYN-VLP-02,VLP,historic resubmission,2,1,5,12.0,0,0,registration,2,2,120,0,20,standard,0,0,1,0.0,Normal
2026-01-09T22:00,SYN-VTP-02,VTP,new MSID Pair,0,0,1,12.8,0,0,registration,0,0,120,0,20,priority,1,1,0,0.0,Normal
2026-01-09T22:00,SYN-VTP-02,VTP,new AMSID Pair,0,1,2,13.8,0,0,registration,1,0,120,0,20,priority,1,0,-1,-100.0,Normal
2026-01-09T22:00,SYN-VTP-02,VTP,historic resubmission,0,0,4,12.2,0,0,registration,1,0,120,0,20,standard,0,0,0,-100.0,Normal
2026-01-09T22:00,SYN-SUP-01,Supplier,new MSID Pair,0,0,1,11.2,0,0,registration,1,0,120,0,20,priority,1,1,0,-100.0,Normal
2026-01-09T22:00,SYN-SUP-01,Supplier,new AMSID Pair,0,0,1,13.2,0,0,registration,0,0,120,0,20,priority,1,0,0,0.0,Normal
2026-01-09T22:00,SYN-SUP-01,Supplier,historic resubmission,1,2,10,12.6,0,0,registration,0,1,120,0,20,standard,0,0,-1,0.0,Normal
2026-01-09T23:00,SYN-VLP-01,VLP,new MSID Pair,2,3,7,12.0,0,0,registration,1,2,120,0,20,priority,1,1,-1,100.0,Normal
2026-01-09T23:00,SYN-VLP-01,VLP,new AMSID Pair,0,0,1,12.2,0,0,registration,0,0,120,0,20,priority,1,0,0,0.0,Normal
2026-01-09T23:00,SYN-VLP-01,VLP,historic resubmission,0,0,3,10.5,0,0,registration,0,0,120,0,20,standard,0,0,0,0.0,Normal
2026-01-09T23:00,SYN-VTP-01,VTP,new MSID Pair,1,1,2,13.6,0,0,registration,0,1,120,0,20,priority,1,1,0,0.0,Normal
2026-01-09T23:00,SYN-VTP-01,VTP,new AMSID Pair,2,2,4,12.8,0,0,registration,1,2,120,0,20,priority,1,0,0,100.0,Normal
2026-01-09T23:00,SYN-VTP-01,VTP,historic resubmission,0,1,3,10.3,0,0,registration,0,0,120,0,20,standard,0,0,-1,0.0,Normal
2026-01-09T23:00,SYN-AMVLP-01,AMVLP,new MSID Pair,0,0,1,13.0,0,0,registration,0,0,120,0,20,priority,1,1,0,0.0,Normal
2026-01-09T23:00,SYN-AMVLP-01,AMVLP,new AMSID Pair,2,3,7,10.0,0,0,registration,1,2,120,0,20,priority,1,0,-1,100.0,Normal
2026-01-09T23:00,SYN-AMVLP-01,AMVLP,historic resubmission,0,1,4,10.6,0,0,registration,0,0,120,0,20,standard,0,0,-1,0.0,Normal
2026-01-09T23:00,SYN-VLP-02,VLP,new MSID Pair,1,2,3,13.9,0,0,registration,0,1,120,0,20,priority,1,1,-1,0.0,Normal
2026-01-09T23:00,SYN-VLP-02,VLP,new AMSID Pair,0,1,1,11.4,0,0,registration,2,0,120,0,20,priority,1,0,-1,-100.0,Normal
2026-01-09T23:00,SYN-VLP-02,VLP,historic resubmission,1,1,5,12.7,0,0,registration,0,1,120,0,20,standard,0,0,0,0.0,Normal
2026-01-09T23:00,SYN-VTP-02,VTP,new MSID Pair,0,0,1,10.0,0,0,registration,1,0,120,0,20,priority,1,1,0,-100.0,Normal
2026-01-09T23:00,SYN-VTP-02,VTP,new AMSID Pair,1,1,2,13.8,0,0,registration,1,1,120,0,20,priority,1,0,0,0.0,Normal
2026-01-09T23:00,SYN-VTP-02,VTP,historic resubmission,1,1,4,13.3,0,0,registration,0,1,120,0,20,standard,0,0,0,0.0,Normal
2026-01-09T23:00,SYN-SUP-01,Supplier,new MSID Pair,0,0,1,11.9,0,0,registration,0,0,120,0,20,priority,1,1,0,0.0,Normal
2026-01-09T23:00,SYN-SUP-01,Supplier,new AMSID Pair,1,1,1,12.0,0,0,registration,0,1,120,0,20,priority,1,0,0,0.0,Normal
2026-01-09T23:00,SYN-SUP-01,Supplier,historic resubmission,1,2,9,13.1,0,0,registration,1,1,120,0,20,standard,0,0,-1,0.0,Normal
2026-01-10T00:00,SYN-VLP-01,VLP,new MSID Pair,3,4,6,13.3,0,0,registration,2,3,120,0,20,priority,1,1,-1,50.0,Normal
2026-01-10T00:00,SYN-VLP-01,VLP,new AMSID Pair,0,0,1,12.4,0,0,registration,1,0,120,0,20,priority,1,0,0,-100.0,Normal
2026-01-10T00:00,SYN-VLP-01,VLP,historic resubmission,0,1,2,11.0,0,0,registration,2,0,120,0,20,standard,0,0,-1,-100.0,Normal
2026-01-10T00:00,SYN-VTP-01,VTP,new MSID Pair,2,1,3,10.7,0,0,registration,0,2,120,0,20,priority,1,1,1,0.0,Normal
2026-01-10T00:00,SYN-VTP-01,VTP,new AMSID Pair,0,1,3,9.8,0,0,registration,0,0,120,0,20,priority,1,0,-1,0.0,Normal
2026-01-10T00:00,SYN-VTP-01,VTP,historic resubmission,0,1,2,13.1,0,0,registration,0,0,120,0,20,standard,0,0,-1,0.0,Normal
2026-01-10T00:00,SYN-AMVLP-01,AMVLP,new MSID Pair,0,0,1,10.6,0,0,registration,0,0,120,0,20,priority,1,1,0,0.0,Normal
2026-01-10T00:00,SYN-AMVLP-01,AMVLP,new AMSID Pair,2,3,6,13.1,0,0,registration,0,2,120,0,20,priority,1,0,-1,0.0,Normal
2026-01-10T00:00,SYN-AMVLP-01,AMVLP,historic resubmission,0,1,3,11.7,0,0,registration,1,0,120,0,20,standard,0,0,-1,-100.0,Normal
2026-01-10T00:00,SYN-VLP-02,VLP,new MSID Pair,1,1,3,10.5,0,0,registration,1,1,120,0,20,priority,1,1,0,0.0,Normal
2026-01-10T00:00,SYN-VLP-02,VLP,new AMSID Pair,0,0,1,10.2,0,0,registration,1,0,120,0,20,priority,1,0,0,-100.0,Normal
2026-01-10T00:00,SYN-VLP-02,VLP,historic resubmission,0,1,4,11.7,0,0,registration,0,0,120,0,20,standard,0,0,-1,0.0,Normal
2026-01-10T00:00,SYN-VTP-02,VTP,new MSID Pair,1,1,1,13.3,0,0,registration,0,1,120,0,20,priority,1,1,0,0.0,Normal
2026-01-10T00:00,SYN-VTP-02,VTP,new AMSID Pair,0,1,1,10.4,0,0,registration,1,0,120,0,20,priority,1,0,-1,-100.0,Normal
2026-01-10T00:00,SYN-VTP-02,VTP,historic resubmission,0,1,3,11.6,0,0,registration,0,0,120,0,20,standard,0,0,-1,0.0,Normal
2026-01-10T00:00,SYN-SUP-01,Supplier,new MSID Pair,0,0,1,9.5,0,0,registration,0,0,120,0,20,priority,1,1,0,0.0,Normal
2026-01-10T00:00,SYN-SUP-01,Supplier,new AMSID Pair,1,1,1,10.4,0,0,registration,0,1,120,0,20,priority,1,0,0,0.0,Normal
2026-01-10T00:00,SYN-SUP-01,Supplier,historic resubmission,0,2,7,11.0,0,0,registration,0,0,120,0,20,standard,0,0,-2,0.0,Normal
2026-01-10T01:00,SYN-VLP-01,VLP,new MSID Pair,2,3,5,10.8,0,0,registration,1,2,120,0,20,priority,1,1,-1,100.0,Normal
2026-01-10T01:00,SYN-VLP-01,VLP,new AMSID Pair,0,1,0,10.8,0,0,registration,0,0,120,0,20,priority,1,0,-1,0.0,Normal
2026-01-10T01:00,SYN-VLP-01,VLP,historic resubmission,1,1,2,12.4,0,0,registration,1,1,120,0,20,standard,0,0,0,0.0,Normal
2026-01-10T01:00,SYN-VTP-01,VTP,new MSID Pair,2,2,3,10.2,0,0,registration,2,2,120,0,20,priority,1,1,0,0.0,Normal
2026-01-10T01:00,SYN-VTP-01,VTP,new AMSID Pair,2,2,3,11.2,0,0,registration,0,2,120,0,20,priority,1,0,0,0.0,Normal
2026-01-10T01:00,SYN-VTP-01,VTP,historic resubmission,0,0,2,11.4,0,0,registration,1,0,120,0,20,standard,0,0,0,-100.0,Normal
2026-01-10T01:00,SYN-AMVLP-01,AMVLP,new MSID Pair,1,1,1,12.1,1,1,registration,1,1,120,0,20,priority,1,1,0,0.0,Normal
2026-01-10T01:00,SYN-AMVLP-01,AMVLP,new AMSID Pair,2,3,5,10.3,0,0,registration,2,2,120,0,20,priority,1,0,-1,0.0,Normal
2026-01-10T01:00,SYN-AMVLP-01,AMVLP,historic resubmission,1,1,3,11.6,1,1,registration,0,1,120,0,20,standard,0,0,0,0.0,Normal
2026-01-10T01:00,SYN-VLP-02,VLP,new MSID Pair,0,1,2,11.9,0,0,registration,1,0,120,0,20,priority,1,1,-1,-100.0,Normal
2026-01-10T01:00,SYN-VLP-02,VLP,new AMSID Pair,2,1,2,10.7,0,0,registration,1,2,120,0,20,priority,1,0,1,100.0,Normal
2026-01-10T01:00,SYN-VLP-02,VLP,historic resubmission,0,1,3,10.0,0,0,registration,1,0,120,0,20,standard,0,0,-1,-100.0,Normal
2026-01-10T01:00,SYN-VTP-02,VTP,new MSID Pair,0,0,1,9.2,0,0,registration,0,0,120,0,20,priority,1,1,0,0.0,Normal
2026-01-10T01:00,SYN-VTP-02,VTP,new AMSID Pair,0,0,1,10.4,0,0,registration,0,0,120,0,20,priority,1,0,0,0.0,Normal
2026-01-10T01:00,SYN-VTP-02,VTP,historic resubmission,0,1,2,11.0,0,0,registration,1,0,120,0,20,standard,0,0,-1,-100.0,Normal
2026-01-10T01:00,SYN-SUP-01,Supplier,new MSID Pair,0,0,1,12.5,0,0,registration,0,0,120,0,20,priority,1,1,0,0.0,Normal
2026-01-10T01:00,SYN-SUP-01,Supplier,new AMSID Pair,1,1,1,9.5,0,0,registration,0,1,120,0,20,priority,1,0,0,0.0,Normal
2026-01-10T01:00,SYN-SUP-01,Supplier,historic resubmission,0,1,6,11.9,0,0,registration,1,0,120,0,20,standard,0,0,-1,-100.0,Normal
2026-01-10T02:00,SYN-VLP-01,VLP,new MSID Pair,2,3,4,9.2,0,0,registration,1,2,120,0,20,priority,1,1,-1,100.0,Normal
2026-01-10T02:00,SYN-VLP-01,VLP,new AMSID Pair,1,0,1,9.0,0,0,registration,0,1,120,0,20,priority,1,0,1,0.0,Normal
2026-01-10T02:00,SYN-VLP-01,VLP,historic resubmission,0,0,2,9.8,0,0,registration,0,0,120,0,20,standard,0,0,0,0.0,Normal
2026-01-10T02:00,SYN-VTP-01,VTP,new MSID Pair,1,2,2,10.6,0,0,registration,0,1,120,0,20,priority,1,1,-1,0.0,Normal
2026-01-10T02:00,SYN-VTP-01,VTP,new AMSID Pair,2,2,3,11.6,0,0,registration,1,2,120,0,20,priority,1,0,0,100.0,Normal
2026-01-10T02:00,SYN-VTP-01,VTP,historic resubmission,0,0,2,9.6,0,0,registration,1,0,120,0,20,standard,0,0,0,-100.0,Normal
2026-01-10T02:00,SYN-AMVLP-01,AMVLP,new MSID Pair,0,1,0,10.6,0,0,registration,0,0,120,0,20,priority,1,1,-1,0.0,Normal
2026-01-10T02:00,SYN-AMVLP-01,AMVLP,new AMSID Pair,2,3,4,10.7,0,0,registration,1,2,120,0,20,priority,1,0,-1,100.0,Normal
2026-01-10T02:00,SYN-AMVLP-01,AMVLP,historic resubmission,0,1,2,9.4,0,0,registration,0,0,120,0,20,standard,0,0,-1,0.0,Normal
2026-01-10T02:00,SYN-VLP-02,VLP,new MSID Pair,1,1,2,9.4,0,0,registration,0,1,120,0,20,priority,1,1,0,0.0,Normal
2026-01-10T02:00,SYN-VLP-02,VLP,new AMSID Pair,0,1,1,12.0,0,0,registration,0,0,120,0,20,priority,1,0,-1,0.0,Normal
2026-01-10T02:00,SYN-VLP-02,VLP,historic resubmission,0,1,2,11.3,0,0,registration,0,0,120,0,20,standard,0,0,-1,0.0,Normal
2026-01-10T02:00,SYN-VTP-02,VTP,new MSID Pair,2,1,2,11.9,0,0,registration,2,2,120,0,20,priority,1,1,1,0.0,Normal
2026-01-10T02:00,SYN-VTP-02,VTP,new AMSID Pair,1,1,1,11.8,0,0,registration,0,1,120,0,20,priority,1,0,0,0.0,Normal
2026-01-10T02:00,SYN-VTP-02,VTP,historic resubmission,1,1,2,10.4,0,0,registration,0,1,120,0,20,standard,0,0,0,0.0,Normal
2026-01-10T02:00,SYN-SUP-01,Supplier,new MSID Pair,0,1,0,9.1,0,0,registration,1,0,120,0,20,priority,1,1,-1,-100.0,Normal
2026-01-10T02:00,SYN-SUP-01,Supplier,new AMSID Pair,0,0,1,8.3,0,0,registration,0,0,120,0,20,priority,1,0,0,0.0,Normal
2026-01-10T02:00,SYN-SUP-01,Supplier,historic resubmission,1,1,6,11.2,0,0,registration,0,1,120,0,20,standard,0,0,0,0.0,Normal
2026-01-10T03:00,SYN-VLP-01,VLP,new MSID Pair,1,3,2,8.9,0,0,registration,2,1,120,0,20,priority,1,1,-2,-50.0,Normal
2026-01-10T03:00,SYN-VLP-01,VLP,new AMSID Pair,1,1,1,10.4,0,0,registration,1,1,120,0,20,priority,1,0,0,0.0,Normal
2026-01-10T03:00,SYN-VLP-01,VLP,historic resubmission,0,0,2,8.0,0,0,registration,2,0,120,0,20,standard,0,0,0,-100.0,Normal
2026-01-10T03:00,SYN-VTP-01,VTP,new MSID Pair,0,1,1,8.5,0,0,registration,0,0,120,0,20,priority,1,1,-1,0.0,Normal
2026-01-10T03:00,SYN-VTP-01,VTP,new AMSID Pair,1,2,2,9.4,0,0,registration,1,1,120,0,20,priority,1,0,-1,0.0,Normal
2026-01-10T03:00,SYN-VTP-01,VTP,historic resubmission,1,1,2,8.6,0,0,registration,0,1,120,0,20,standard,0,0,0,0.0,Normal
2026-01-10T03:00,SYN-AMVLP-01,AMVLP,new MSID Pair,0,0,0,10.5,0,0,registration,1,0,120,0,20,priority,1,1,0,-100.0,Normal
2026-01-10T03:00,SYN-AMVLP-01,AMVLP,new AMSID Pair,1,3,2,9.4,0,0,registration,2,1,120,0,20,priority,1,0,-2,-50.0,Normal
2026-01-10T03:00,SYN-AMVLP-01,AMVLP,historic resubmission,0,0,2,9.7,0,0,registration,0,0,120,0,20,standard,0,0,0,0.0,Normal
2026-01-10T03:00,SYN-VLP-02,VLP,new MSID Pair,0,1,1,9.9,0,0,registration,0,0,120,0,20,priority,1,1,-1,0.0,Normal
2026-01-10T03:00,SYN-VLP-02,VLP,new AMSID Pair,1,1,1,10.4,0,0,registration,1,1,120,0,20,priority,1,0,0,0.0,Normal
2026-01-10T03:00,SYN-VLP-02,VLP,historic resubmission,0,0,2,8.3,0,0,registration,0,0,120,0,20,standard,0,0,0,0.0,Normal
2026-01-10T03:00,SYN-VTP-02,VTP,new MSID Pair,1,2,1,11.2,0,0,registration,0,1,120,0,20,priority,1,1,-1,0.0,Normal
2026-01-10T03:00,SYN-VTP-02,VTP,new AMSID Pair,2,2,1,8.4,0,0,registration,0,2,120,0,20,priority,1,0,0,0.0,Normal
2026-01-10T03:00,SYN-VTP-02,VTP,historic resubmission,0,0,2,9.3,0,0,registration,0,0,120,0,20,standard,0,0,0,0.0,Normal
2026-01-10T03:00,SYN-SUP-01,Supplier,new MSID Pair,0,0,0,9.5,0,0,registration,0,0,120,0,20,priority,1,1,0,0.0,Normal
2026-01-10T03:00,SYN-SUP-01,Supplier,new AMSID Pair,1,1,1,8.0,0,0,registration,1,1,120,0,20,priority,1,0,0,0.0,Normal
2026-01-10T03:00,SYN-SUP-01,Supplier,historic resubmission,1,2,5,7.9,0,0,registration,0,1,120,0,20,standard,0,0,-1,0.0,Normal
2026-01-10T04:00,SYN-VLP-01,VLP,new MSID Pair,2,2,2,8.5,0,0,registration,2,2,120,0,20,priority,1,1,0,0.0,Normal
2026-01-10T04:00,SYN-VLP-01,VLP,new AMSID Pair,0,1,0,7.9,0,0,registration,1,0,120,0,20,priority,1,0,-1,-100.0,Normal
2026-01-10T04:00,SYN-VLP-01,VLP,historic resubmission,0,0,2,10.2,0,0,registration,1,0,120,0,20,standard,0,0,0,-100.0,Normal
2026-01-10T04:00,SYN-VTP-01,VTP,new MSID Pair,0,1,0,10.2,0,0,registration,2,0,120,0,20,priority,1,1,-1,-100.0,Normal
2026-01-10T04:00,SYN-VTP-01,VTP,new AMSID Pair,2,2,2,7.7,0,0,registration,1,2,120,0,20,priority,1,0,0,100.0,Normal
2026-01-10T04:00,SYN-VTP-01,VTP,historic resubmission,1,1,2,10.7,0,0,registration,1,1,120,0,20,standard,0,0,0,0.0,Normal
2026-01-10T04:00,SYN-AMVLP-01,AMVLP,new MSID Pair,0,0,0,10.2,0,0,registration,0,0,120,0,20,priority,1,1,0,0.0,Normal
2026-01-10T04:00,SYN-AMVLP-01,AMVLP,new AMSID Pair,2,2,2,7.2,0,0,registration,1,2,120,0,20,priority,1,0,0,100.0,Normal
2026-01-10T04:00,SYN-AMVLP-01,AMVLP,historic resubmission,1,1,2,8.8,0,0,registration,0,1,120,0,20,standard,0,0,0,0.0,Normal
2026-01-10T04:00,SYN-VLP-02,VLP,new MSID Pair,1,1,1,10.5,0,0,registration,1,1,120,0,20,priority,1,1,0,0.0,Normal
2026-01-10T04:00,SYN-VLP-02,VLP,new AMSID Pair,0,1,0,11.0,0,0,registration,0,0,120,0,20,priority,1,0,-1,0.0,Normal
2026-01-10T04:00,SYN-VLP-02,VLP,historic resubmission,1,1,2,7.4,0,0,registration,0,1,120,0,20,standard,0,0,0,0.0,Normal
2026-01-10T04:00,SYN-VTP-02,VTP,new MSID Pair,0,1,0,10.3,0,0,registration,0,0,120,0,20,priority,1,1,-1,0.0,Normal
2026-01-10T04:00,SYN-VTP-02,VTP,new AMSID Pair,1,1,1,8.6,0,0,registration,1,1,120,0,20,priority,1,0,0,0.0,Normal
2026-01-10T04:00,SYN-VTP-02,VTP,historic resubmission,1,1,2,10.4,0,0,registration,0,1,120,0,20,standard,0,0,0,0.0,Normal
2026-01-10T04:00,SYN-SUP-01,Supplier,new MSID Pair,1,1,0,10.3,0,0,registration,0,1,120,0,20,priority,1,1,0,0.0,Normal
2026-01-10T04:00,SYN-SUP-01,Supplier,new AMSID Pair,0,1,0,8.1,0,0,registration,0,0,120,0,20,priority,1,0,-1,0.0,Normal
2026-01-10T04:00,SYN-SUP-01,Supplier,historic resubmission,1,2,4,9.4,0,0,registration,0,1,120,0,20,standard,0,0,-1,0.0,Normal
2026-01-10T05:00,SYN-VLP-01,VLP,new MSID Pair,2,3,1,8.8,0,0,registration,2,2,120,0,20,priority,1,1,-1,0.0,Normal
2026-01-10T05:00,SYN-VLP-01,VLP,new AMSID Pair,0,0,0,9.6,0,0,registration,1,0,120,0,20,priority,1,0,0,-100.0,Normal
2026-01-10T05:00,SYN-VLP-01,VLP,historic resubmission,0,1,1,10.1,0,0,registration,0,0,120,0,20,standard,0,0,-1,0.0,Normal
2026-01-10T05:00,SYN-VTP-01,VTP,new MSID Pair,0,0,0,6.7,0,0,registration,1,0,120,0,20,priority,1,1,0,-100.0,Normal
2026-01-10T05:00,SYN-VTP-01,VTP,new AMSID Pair,1,3,0,7.1,0,0,registration,0,1,120,0,20,priority,1,0,-2,0.0,Normal
2026-01-10T05:00,SYN-VTP-01,VTP,historic resubmission,0,1,1,10.1,0,0,registration,0,0,120,0,20,standard,0,0,-1,0.0,Normal
2026-01-10T05:00,SYN-AMVLP-01,AMVLP,new MSID Pair,1,1,0,7.8,0,0,registration,0,1,120,0,20,priority,1,1,0,0.0,Normal
2026-01-10T05:00,SYN-AMVLP-01,AMVLP,new AMSID Pair,0,2,0,10.5,0,0,registration,2,0,120,0,20,priority,1,0,-2,-100.0,Normal
2026-01-10T05:00,SYN-AMVLP-01,AMVLP,historic resubmission,0,1,1,10.1,0,0,registration,1,0,120,0,20,standard,0,0,-1,-100.0,Normal
2026-01-10T05:00,SYN-VLP-02,VLP,new MSID Pair,1,2,0,8.5,0,0,registration,1,1,120,0,20,priority,1,1,-1,0.0,Normal
2026-01-10T05:00,SYN-VLP-02,VLP,new AMSID Pair,0,0,0,7.9,0,0,registration,1,0,120,0,20,priority,1,0,0,-100.0,Normal
2026-01-10T05:00,SYN-VLP-02,VLP,historic resubmission,1,1,2,10.1,0,0,registration,0,1,120,0,20,standard,0,0,0,0.0,Normal
2026-01-10T05:00,SYN-VTP-02,VTP,new MSID Pair,0,0,0,8.4,0,0,registration,1,0,120,0,20,priority,1,1,0,-100.0,Normal
2026-01-10T05:00,SYN-VTP-02,VTP,new AMSID Pair,1,2,0,10.5,0,0,registration,0,1,120,0,20,priority,1,0,-1,0.0,Normal
2026-01-10T05:00,SYN-VTP-02,VTP,historic resubmission,1,1,2,9.7,0,0,registration,1,1,120,0,20,standard,0,0,0,0.0,Normal
2026-01-10T05:00,SYN-SUP-01,Supplier,new MSID Pair,0,0,0,10.5,0,0,registration,0,0,120,0,20,priority,1,1,0,0.0,Normal
2026-01-10T05:00,SYN-SUP-01,Supplier,new AMSID Pair,1,1,0,8.3,0,0,registration,0,1,120,0,20,priority,1,0,0,0.0,Normal
2026-01-10T05:00,SYN-SUP-01,Supplier,historic resubmission,0,1,3,7.9,0,0,registration,1,0,120,0,20,standard,0,0,-1,-100.0,Normal
2026-01-10T06:00,SYN-VLP-01,VLP,new MSID Pair,4,3,2,7.9,0,0,registration,3,4,120,0,20,priority,1,1,1,33.33,Normal
2026-01-10T06:00,SYN-VLP-01,VLP,new AMSID Pair,2,1,1,9.6,0,0,registration,1,2,120,0,20,priority,1,0,1,100.0,Normal
2026-01-10T06:00,SYN-VLP-01,VLP,historic resubmission,1,0,2,6.0,0,0,registration,1,1,120,0,20,standard,0,0,1,0.0,Normal
2026-01-10T06:00,SYN-VTP-01,VTP,new MSID Pair,1,1,0,8.4,0,0,registration,1,1,120,0,20,priority,1,1,0,0.0,Normal
2026-01-10T06:00,SYN-VTP-01,VTP,new AMSID Pair,2,1,1,6.0,0,0,registration,1,2,120,0,20,priority,1,0,1,100.0,Normal
2026-01-10T06:00,SYN-VTP-01,VTP,historic resubmission,2,1,2,6.1,1,1,registration,0,2,120,0,20,standard,0,0,1,0.0,Normal
2026-01-10T06:00,SYN-AMVLP-01,AMVLP,new MSID Pair,1,1,0,9.4,0,0,registration,1,1,120,0,20,priority,1,1,0,0.0,Normal
2026-01-10T06:00,SYN-AMVLP-01,AMVLP,new AMSID Pair,3,2,1,9.6,1,1,registration,3,3,120,0,20,priority,1,0,1,0.0,Normal
2026-01-10T06:00,SYN-AMVLP-01,AMVLP,historic resubmission,1,1,1,8.7,0,0,registration,0,1,120,0,20,standard,0,0,0,0.0,Normal
2026-01-10T06:00,SYN-VLP-02,VLP,new MSID Pair,2,1,1,8.2,0,0,registration,3,2,120,0,20,priority,1,1,1,-33.33,Normal
2026-01-10T06:00,SYN-VLP-02,VLP,new AMSID Pair,1,1,0,6.6,0,0,registration,0,1,120,0,20,priority,1,0,0,0.0,Normal
2026-01-10T06:00,SYN-VLP-02,VLP,historic resubmission,0,1,1,8.0,0,0,registration,0,0,120,0,20,standard,0,0,-1,0.0,Normal
2026-01-10T06:00,SYN-VTP-02,VTP,new MSID Pair,1,1,0,6.6,0,0,registration,0,1,120,0,20,priority,1,1,0,0.0,Normal
2026-01-10T06:00,SYN-VTP-02,VTP,new AMSID Pair,1,1,0,8.4,0,0,registration,2,1,120,0,20,priority,1,0,0,-50.0,Normal
2026-01-10T06:00,SYN-VTP-02,VTP,historic resubmission,0,1,1,7.6,0,0,registration,0,0,120,0,20,standard,0,0,-1,0.0,Normal
2026-01-10T06:00,SYN-SUP-01,Supplier,new MSID Pair,1,1,0,9.7,0,0,registration,0,1,120,0,20,priority,1,1,0,0.0,Normal
2026-01-10T06:00,SYN-SUP-01,Supplier,new AMSID Pair,1,1,0,6.4,0,0,registration,2,1,120,0,20,priority,1,0,0,-50.0,Normal
2026-01-10T06:00,SYN-SUP-01,Supplier,historic resubmission,0,1,2,7.2,0,0,registration,1,0,120,0,20,standard,0,0,-1,-100.0,Normal
2026-01-10T07:00,SYN-VLP-01,VLP,new MSID Pair,3,4,1,6.1,0,1,registration,2,3,120,0,20,priority,1,1,-1,50.0,Normal
2026-01-10T07:00,SYN-VLP-01,VLP,new AMSID Pair,1,1,1,9.9,0,0,registration,0,1,120,0,20,priority,1,0,0,0.0,Normal
2026-01-10T07:00,SYN-VLP-01,VLP,historic resubmission,0,1,1,6.6,0,0,registration,0,0,120,0,20,standard,0,0,-1,0.0,Normal
2026-01-10T07:00,SYN-VTP-01,VTP,new MSID Pair,2,1,1,8.9,0,0,registration,2,2,120,0,20,priority,1,1,1,0.0,Normal
2026-01-10T07:00,SYN-VTP-01,VTP,new AMSID Pair,1,1,1,9.5,0,0,registration,0,1,120,0,20,priority,1,0,0,0.0,Normal
2026-01-10T07:00,SYN-VTP-01,VTP,historic resubmission,1,1,2,7.9,0,0,registration,0,1,120,0,20,standard,0,0,0,0.0,Normal
2026-01-10T07:00,SYN-AMVLP-01,AMVLP,new MSID Pair,1,1,0,9.9,0,0,registration,1,1,120,0,20,priority,1,1,0,0.0,Normal
2026-01-10T07:00,SYN-AMVLP-01,AMVLP,new AMSID Pair,3,3,1,9.5,0,0,registration,3,3,120,0,20,priority,1,0,0,0.0,Normal
2026-01-10T07:00,SYN-AMVLP-01,AMVLP,historic resubmission,1,1,1,8.6,0,0,registration,1,1,120,0,20,standard,0,0,0,0.0,Normal
2026-01-10T07:00,SYN-VLP-02,VLP,new MSID Pair,2,2,1,6.5,0,0,registration,2,2,120,0,20,priority,1,1,0,0.0,Normal
2026-01-10T07:00,SYN-VLP-02,VLP,new AMSID Pair,2,1,1,8.1,0,0,registration,0,2,120,0,20,priority,1,0,1,0.0,Normal
2026-01-10T07:00,SYN-VLP-02,VLP,historic resubmission,0,0,1,8.4,0,0,registration,1,0,120,0,20,standard,0,0,0,-100.0,Normal
2026-01-10T07:00,SYN-VTP-02,VTP,new MSID Pair,0,0,0,6.2,0,0,registration,0,0,120,0,20,priority,1,1,0,0.0,Normal
2026-01-10T07:00,SYN-VTP-02,VTP,new AMSID Pair,2,1,1,7.9,0,0,registration,2,2,120,0,20,priority,1,0,1,0.0,Normal
2026-01-10T07:00,SYN-VTP-02,VTP,historic resubmission,0,0,1,6.8,0,0,registration,0,0,120,0,20,standard,0,0,0,0.0,Normal
2026-01-10T07:00,SYN-SUP-01,Supplier,new MSID Pair,0,0,0,8.9,0,0,registration,0,0,120,0,20,priority,1,1,0,0.0,Normal
2026-01-10T07:00,SYN-SUP-01,Supplier,new AMSID Pair,1,1,0,7.7,0,0,registration,0,1,120,0,20,priority,1,0,0,0.0,Normal
2026-01-10T07:00,SYN-SUP-01,Supplier,historic resubmission,1,1,2,9.4,0,0,registration,2,1,120,0,20,standard,0,0,0,-50.0,Normal
2026-01-10T08:00,SYN-VLP-01,VLP,new MSID Pair,4,3,2,7.1,0,0,registration,2,4,120,0,20,priority,1,1,1,100.0,Normal
2026-01-10T08:00,SYN-VLP-01,VLP,new AMSID Pair,0,1,0,10.2,0,0,registration,0,0,120,0,20,priority,1,0,-1,0.0,Normal
2026-01-10T08:00,SYN-VLP-01,VLP,historic resubmission,0,0,1,6.2,0,0,registration,1,0,120,0,20,standard,0,0,0,-100.0,Normal
2026-01-10T08:00,SYN-VTP-01,VTP,new MSID Pair,1,1,1,8.9,0,0,registration,1,1,120,0,20,priority,1,1,0,0.0,Normal
2026-01-10T08:00,SYN-VTP-01,VTP,new AMSID Pair,2,2,1,9.8,0,1,registration,1,2,120,0,20,priority,1,0,0,100.0,Normal
2026-01-10T08:00,SYN-VTP-01,VTP,historic resubmission,1,1,2,8.8,0,0,registration,1,1,120,0,20,standard,0,0,0,0.0,Normal
2026-01-10T08:00,SYN-AMVLP-01,AMVLP,new MSID Pair,0,0,0,8.4,0,0,registration,1,0,120,0,20,priority,1,1,0,-100.0,Normal
2026-01-10T08:00,SYN-AMVLP-01,AMVLP,new AMSID Pair,5,4,2,6.6,1,1,registration,4,5,120,0,20,priority,1,0,1,25.0,Normal
2026-01-10T08:00,SYN-AMVLP-01,AMVLP,historic resubmission,1,1,1,8.9,0,0,registration,1,1,120,0,20,standard,0,0,0,0.0,Normal
2026-01-10T08:00,SYN-VLP-02,VLP,new MSID Pair,2,2,1,6.2,0,0,registration,2,2,120,0,20,priority,1,1,0,0.0,Normal
2026-01-10T08:00,SYN-VLP-02,VLP,new AMSID Pair,1,1,1,7.8,0,0,registration,0,1,120,0,20,priority,1,0,0,0.0,Normal
2026-01-10T08:00,SYN-VLP-02,VLP,historic resubmission,0,0,1,6.8,0,0,registration,1,0,120,0,20,standard,0,0,0,-100.0,Normal
2026-01-10T08:00,SYN-VTP-02,VTP,new MSID Pair,1,1,0,7.0,0,0,registration,0,1,120,0,20,priority,1,1,0,0.0,Normal
2026-01-10T08:00,SYN-VTP-02,VTP,new AMSID Pair,3,2,2,10.1,0,0,registration,2,3,120,0,20,priority,1,0,1,50.0,Normal
2026-01-10T08:00,SYN-VTP-02,VTP,historic resubmission,0,0,1,9.4,0,0,registration,2,0,120,0,20,standard,0,0,0,-100.0,Normal
2026-01-10T08:00,SYN-SUP-01,Supplier,new MSID Pair,0,0,0,9.9,0,0,registration,0,0,120,0,20,priority,1,1,0,0.0,Normal
2026-01-10T08:00,SYN-SUP-01,Supplier,new AMSID Pair,0,0,0,9.3,0,0,registration,0,0,120,0,20,priority,1,0,0,0.0,Normal
2026-01-10T08:00,SYN-SUP-01,Supplier,historic resubmission,2,1,3,6.8,0,0,registration,2,2,120,0,20,standard,0,0,1,0.0,Normal
2026-01-10T09:00,SYN-VLP-01,VLP,new MSID Pair,4,3,3,9.9,0,0,registration,3,4,120,0,20,priority,1,1,1,33.33,Normal
2026-01-10T09:00,SYN-VLP-01,VLP,new AMSID Pair,0,0,0,10.1,0,0,registration,0,0,120,0,20,priority,1,0,0,0.0,Normal
2026-01-10T09:00,SYN-VLP-01,VLP,historic resubmission,0,0,1,9.1,0,0,registration,0,0,120,0,20,standard,0,0,0,0.0,Normal
2026-01-10T09:00,SYN-VTP-01,VTP,new MSID Pair,3,2,2,9.7,0,0,registration,3,3,120,0,20,priority,1,1,1,0.0,Normal
2026-01-10T09:00,SYN-VTP-01,VTP,new AMSID Pair,5,3,3,10.4,0,0,registration,2,5,120,0,20,priority,1,0,2,150.0,Normal
2026-01-10T09:00,SYN-VTP-01,VTP,historic resubmission,1,1,2,9.3,0,0,registration,1,1,120,0,20,standard,0,0,0,0.0,Normal
2026-01-10T09:00,SYN-AMVLP-01,AMVLP,new MSID Pair,2,1,1,8.4,0,0,registration,1,2,120,0,20,priority,1,1,1,100.0,Normal
2026-01-10T09:00,SYN-AMVLP-01,AMVLP,new AMSID Pair,5,3,4,9.1,0,0,registration,4,5,120,0,20,priority,1,0,2,25.0,Normal
2026-01-10T09:00,SYN-AMVLP-01,AMVLP,historic resubmission,0,0,1,7.5,0,0,registration,0,0,120,0,20,standard,0,0,0,0.0,Normal
2026-01-10T09:00,SYN-VLP-02,VLP,new MSID Pair,3,2,2,9.6,0,0,registration,2,3,120,0,20,priority,1,1,1,50.0,Normal
2026-01-10T09:00,SYN-VLP-02,VLP,new AMSID Pair,0,1,0,6.5,0,0,registration,2,0,120,0,20,priority,1,0,-1,-100.0,Normal
2026-01-10T09:00,SYN-VLP-02,VLP,historic resubmission,0,0,1,7.9,0,0,registration,0,0,120,0,20,standard,0,0,0,0.0,Normal
2026-01-10T09:00,SYN-VTP-02,VTP,new MSID Pair,1,1,0,10.2,0,0,registration,1,1,120,0,20,priority,1,1,0,0.0,Normal
2026-01-10T09:00,SYN-VTP-02,VTP,new AMSID Pair,2,2,2,7.6,0,0,registration,2,2,120,0,20,priority,1,0,0,0.0,Normal
2026-01-10T09:00,SYN-VTP-02,VTP,historic resubmission,1,0,2,6.5,0,0,registration,0,1,120,0,20,standard,0,0,1,0.0,Normal
2026-01-10T09:00,SYN-SUP-01,Supplier,new MSID Pair,1,0,1,10.4,0,0,registration,1,1,120,0,20,priority,1,1,1,0.0,Normal
2026-01-10T09:00,SYN-SUP-01,Supplier,new AMSID Pair,0,0,0,7.2,0,0,registration,0,0,120,0,20,priority,1,0,0,0.0,Normal
2026-01-10T09:00,SYN-SUP-01,Supplier,historic resubmission,2,1,4,9.7,0,0,registration,1,2,120,0,20,standard,0,0,1,100.0,Normal
2026-01-10T10:00,SYN-VLP-01,VLP,new MSID Pair,4,3,4,7.9,0,0,registration,4,4,120,0,20,priority,1,1,1,0.0,Normal
2026-01-10T10:00,SYN-VLP-01,VLP,new AMSID Pair,1,0,1,10.3,0,0,registration,0,1,120,0,20,priority,1,0,1,0.0,Normal
2026-01-10T10:00,SYN-VLP-01,VLP,historic resubmission,0,0,1,8.9,0,0,registration,1,0,120,0,20,standard,0,0,0,-100.0,Normal
2026-01-10T10:00,SYN-VTP-01,VTP,new MSID Pair,3,2,3,9.0,0,0,registration,0,3,120,0,20,priority,1,1,1,0.0,Normal
2026-01-10T10:00,SYN-VTP-01,VTP,new AMSID Pair,3,2,4,8.0,0,1,registration,2,3,120,0,20,priority,1,0,1,50.0,Normal
2026-01-10T10:00,SYN-VTP-01,VTP,historic resubmission,1,1,2,10.4,0,0,registration,0,1,120,0,20,standard,0,0,0,0.0,Normal
2026-01-10T10:00,SYN-AMVLP-01,AMVLP,new MSID Pair,1,1,1,9.9,0,0,registration,1,1,120,0,20,priority,1,1,0,0.0,Normal
2026-01-10T10:00,SYN-AMVLP-01,AMVLP,new AMSID Pair,6,4,6,8.1,0,0,registration,4,6,120,0,20,priority,1,0,2,50.0,Normal
2026-01-10T10:00,SYN-AMVLP-01,AMVLP,historic resubmission,1,0,2,10.4,0,0,registration,0,1,120,0,20,standard,0,0,1,0.0,Normal
2026-01-10T10:00,SYN-VLP-02,VLP,new MSID Pair,3,2,3,9.2,1,2,registration,2,3,120,0,20,priority,1,1,1,50.0,Normal
2026-01-10T10:00,SYN-VLP-02,VLP,new AMSID Pair,1,1,0,10.7,0,0,registration,2,1,120,0,20,priority,1,0,0,-50.0,Normal
2026-01-10T10:00,SYN-VLP-02,VLP,historic resubmission,0,0,1,7.7,0,0,registration,0,0,120,0,20,standard,0,0,0,0.0,Normal
2026-01-10T10:00,SYN-VTP-02,VTP,new MSID Pair,1,0,1,10.8,0,0,registration,0,1,120,0,20,priority,1,1,1,0.0,Normal
2026-01-10T10:00,SYN-VTP-02,VTP,new AMSID Pair,2,2,2,7.9,0,1,registration,2,2,120,0,20,priority,1,0,0,0.0,Normal
2026-01-10T10:00,SYN-VTP-02,VTP,historic resubmission,0,0,2,8.1,0,0,registration,1,0,120,0,20,standard,0,0,0,-100.0,Normal
2026-01-10T10:00,SYN-SUP-01,Supplier,new MSID Pair,1,1,1,8.9,0,0,registration,1,1,120,0,20,priority,1,1,0,0.0,Normal
2026-01-10T10:00,SYN-SUP-01,Supplier,new AMSID Pair,1,0,1,7.4,0,0,registration,0,1,120,0,20,priority,1,0,1,0.0,Normal
2026-01-10T10:00,SYN-SUP-01,Supplier,historic resubmission,2,1,5,10.1,0,0,registration,1,2,120,0,20,standard,0,0,1,100.0,Normal
2026-01-10T11:00,SYN-VLP-01,VLP,new MSID Pair,6,4,6,9.2,0,0,registration,4,6,120,0,20,priority,1,1,2,50.0,Normal
2026-01-10T11:00,SYN-VLP-01,VLP,new AMSID Pair,0,0,1,12.0,0,0,registration,0,0,120,0,20,priority,1,0,0,0.0,Normal
2026-01-10T11:00,SYN-VLP-01,VLP,historic resubmission,2,1,2,8.7,0,0,registration,1,2,120,0,20,standard,0,0,1,100.0,Normal
2026-01-10T11:00,SYN-VTP-01,VTP,new MSID Pair,1,1,3,10.3,0,0,registration,2,1,120,0,20,priority,1,1,0,-50.0,Normal
2026-01-10T11:00,SYN-VTP-01,VTP,new AMSID Pair,2,2,4,9.1,0,0,registration,1,2,120,0,20,priority,1,0,0,100.0,Normal
2026-01-10T11:00,SYN-VTP-01,VTP,historic resubmission,0,0,2,10.6,0,0,registration,0,0,120,0,20,standard,0,0,0,0.0,Normal
2026-01-10T11:00,SYN-AMVLP-01,AMVLP,new MSID Pair,0,0,1,11.4,0,0,registration,0,0,120,0,20,priority,1,1,0,0.0,Normal
2026-01-10T11:00,SYN-AMVLP-01,AMVLP,new AMSID Pair,5,4,7,11.4,0,0,registration,4,5,120,0,20,priority,1,0,1,25.0,Normal
2026-01-10T11:00,SYN-AMVLP-01,AMVLP,historic resubmission,0,0,2,11.0,0,0,registration,1,0,120,0,20,standard,0,0,0,-100.0,Normal
2026-01-10T11:00,SYN-VLP-02,VLP,new MSID Pair,2,2,3,8.1,0,0,registration,2,2,120,0,20,priority,1,1,0,0.0,Normal
2026-01-10T11:00,SYN-VLP-02,VLP,new AMSID Pair,0,0,0,10.3,0,0,registration,0,0,120,0,20,priority,1,0,0,0.0,Normal
2026-01-10T11:00,SYN-VLP-02,VLP,historic resubmission,1,0,2,11.4,0,0,registration,0,1,120,0,20,standard,0,0,1,0.0,Normal
2026-01-10T11:00,SYN-VTP-02,VTP,new MSID Pair,2,1,2,11.7,0,0,registration,1,2,120,0,20,priority,1,1,1,100.0,Normal
2026-01-10T11:00,SYN-VTP-02,VTP,new AMSID Pair,2,1,3,11.8,0,0,registration,2,2,120,0,20,priority,1,0,1,0.0,Normal
2026-01-10T11:00,SYN-VTP-02,VTP,historic resubmission,1,1,2,8.5,0,0,registration,1,1,120,0,20,standard,0,0,0,0.0,Normal
2026-01-10T11:00,SYN-SUP-01,Supplier,new MSID Pair,1,1,1,11.9,0,0,registration,1,1,120,0,20,priority,1,1,0,0.0,Normal
2026-01-10T11:00,SYN-SUP-01,Supplier,new AMSID Pair,1,1,1,9.1,0,0,registration,0,1,120,0,20,priority,1,0,0,0.0,Normal
2026-01-10T11:00,SYN-SUP-01,Supplier,historic resubmission,1,1,5,8.1,0,0,registration,1,1,120,0,20,standard,0,0,0,0.0,Normal
2026-01-10T12:00,SYN-VLP-01,VLP,new MSID Pair,4,3,7,11.6,0,0,registration,4,4,120,0,20,priority,1,1,1,0.0,Normal
2026-01-10T12:00,SYN-VLP-01,VLP,new AMSID Pair,0,0,1,11.3,0,0,registration,0,0,120,0,20,priority,1,0,0,0.0,Normal
2026-01-10T12:00,SYN-VLP-01,VLP,historic resubmission,0,0,2,12.2,0,0,registration,1,0,120,0,20,standard,0,0,0,-100.0,Normal
2026-01-10T12:00,SYN-VTP-01,VTP,new MSID Pair,2,2,3,9.9,0,0,registration,1,2,120,0,20,priority,1,1,0,100.0,Normal
2026-01-10T12:00,SYN-VTP-01,VTP,new AMSID Pair,3,2,5,9.9,0,0,registration,3,3,120,0,20,priority,1,0,1,0.0,Normal
2026-01-10T12:00,SYN-VTP-01,VTP,historic resubmission,0,0,2,9.3,0,0,registration,1,0,120,0,20,standard,0,0,0,-100.0,Normal
2026-01-10T12:00,SYN-AMVLP-01,AMVLP,new MSID Pair,0,0,1,11.1,0,0,registration,1,0,120,0,20,priority,1,1,0,-100.0,Normal
2026-01-10T12:00,SYN-AMVLP-01,AMVLP,new AMSID Pair,5,4,8,12.2,0,0,registration,3,5,120,0,20,priority,1,0,1,66.67,Normal
2026-01-10T12:00,SYN-AMVLP-01,AMVLP,historic resubmission,0,0,2,12.1,0,0,registration,0,0,120,0,20,standard,0,0,0,0.0,Normal
2026-01-10T12:00,SYN-VLP-02,VLP,new MSID Pair,4,2,5,10.1,0,0,registration,2,4,120,0,20,priority,1,1,2,100.0,Normal
2026-01-10T12:00,SYN-VLP-02,VLP,new AMSID Pair,0,0,0,11.6,0,0,registration,1,0,120,0,20,priority,1,0,0,-100.0,Normal
2026-01-10T12:00,SYN-VLP-02,VLP,historic resubmission,0,0,2,8.8,0,0,registration,0,0,120,0,20,standard,0,0,0,0.0,Normal
2026-01-10T12:00,SYN-VTP-02,VTP,new MSID Pair,1,1,2,8.7,0,0,registration,0,1,120,0,20,priority,1,1,0,0.0,Normal
2026-01-10T12:00,SYN-VTP-02,VTP,new AMSID Pair,3,2,4,9.6,0,0,registration,3,3,120,0,20,priority,1,0,1,0.0,Normal
2026-01-10T12:00,SYN-VTP-02,VTP,historic resubmission,1,1,2,9.6,0,0,registration,0,1,120,0,20,standard,0,0,0,0.0,Normal
2026-01-10T12:00,SYN-SUP-01,Supplier,new MSID Pair,2,1,2,11.4,0,0,registration,1,2,120,0,20,priority,1,1,1,100.0,Normal
2026-01-10T12:00,SYN-SUP-01,Supplier,new AMSID Pair,1,1,1,10.1,0,0,registration,1,1,120,0,20,priority,1,0,0,0.0,Normal
2026-01-10T12:00,SYN-SUP-01,Supplier,historic resubmission,1,1,5,11.6,0,0,registration,1,1,120,0,20,standard,0,0,0,0.0,Normal
2026-01-10T13:00,SYN-VLP-01,VLP,new MSID Pair,6,4,9,11.6,0,0,registration,2,6,120,0,20,priority,1,1,2,200.0,Normal
2026-01-10T13:00,SYN-VLP-01,VLP,new AMSID Pair,0,0,1,12.3,0,0,registration,1,0,120,0,20,priority,1,0,0,-100.0,Normal
2026-01-10T13:00,SYN-VLP-01,VLP,historic resubmission,0,0,2,11.4,0,0,registration,1,0,120,0,20,standard,0,0,0,-100.0,Normal
2026-01-10T13:00,SYN-VTP-01,VTP,new MSID Pair,2,1,4,12.3,0,0,registration,0,2,120,0,20,priority,1,1,1,0.0,Normal
2026-01-10T13:00,SYN-VTP-01,VTP,new AMSID Pair,3,2,6,10.4,0,0,registration,2,3,120,0,20,priority,1,0,1,50.0,Normal
2026-01-10T13:00,SYN-VTP-01,VTP,historic resubmission,1,0,3,11.7,0,0,registration,1,1,120,0,20,standard,0,0,1,0.0,Normal
2026-01-10T13:00,SYN-AMVLP-01,AMVLP,new MSID Pair,0,0,1,10.2,0,0,registration,0,0,120,0,20,priority,1,1,0,0.0,Normal
2026-01-10T13:00,SYN-AMVLP-01,AMVLP,new AMSID Pair,6,4,10,12.7,0,0,registration,3,6,120,0,20,priority,1,0,2,100.0,Normal
2026-01-10T13:00,SYN-AMVLP-01,AMVLP,historic resubmission,1,0,3,9.4,0,0,registration,0,1,120,0,20,standard,0,0,1,0.0,Normal
2026-01-10T13:00,SYN-VLP-02,VLP,new MSID Pair,1,2,4,9.4,0,0,registration,3,1,120,0,20,priority,1,1,-1,-66.67,Normal
2026-01-10T13:00,SYN-VLP-02,VLP,new AMSID Pair,1,0,1,12.2,0,0,registration,2,1,120,0,20,priority,1,0,1,-50.0,Normal
2026-01-10T13:00,SYN-VLP-02,VLP,historic resubmission,1,0,3,10.1,1,1,registration,1,1,120,0,20,standard,0,0,1,0.0,Normal
2026-01-10T13:00,SYN-VTP-02,VTP,new MSID Pair,2,1,3,11.4,0,0,registration,1,2,120,0,20,priority,1,1,1,100.0,Normal
2026-01-10T13:00,SYN-VTP-02,VTP,new AMSID Pair,2,2,4,10.1,0,0,registration,1,2,120,0,20,priority,1,0,0,100.0,Normal
2026-01-10T13:00,SYN-VTP-02,VTP,historic resubmission,1,1,2,12.0,0,0,registration,2,1,120,0,20,standard,0,0,0,-50.0,Normal
2026-01-10T13:00,SYN-SUP-01,Supplier,new MSID Pair,0,1,1,9.3,0,0,registration,1,0,120,0,20,priority,1,1,-1,-100.0,Normal
2026-01-10T13:00,SYN-SUP-01,Supplier,new AMSID Pair,1,1,1,11.3,0,0,registration,1,1,120,0,20,priority,1,0,0,0.0,Normal
2026-01-10T13:00,SYN-SUP-01,Supplier,historic resubmission,2,1,6,11.2,0,0,registration,2,2,120,0,20,standard,0,0,1,0.0,Normal
2026-01-10T14:00,SYN-VLP-01,VLP,new MSID Pair,4,3,10,10.7,0,0,registration,3,4,120,0,20,priority,1,1,1,33.33,Normal
2026-01-10T14:00,SYN-VLP-01,VLP,new AMSID Pair,2,1,2,12.7,0,0,registration,1,2,120,0,20,priority,1,0,1,100.0,Normal
2026-01-10T14:00,SYN-VLP-01,VLP,historic resubmission,1,0,3,10.4,0,0,registration,1,1,120,0,20,standard,0,0,1,0.0,Normal
2026-01-10T14:00,SYN-VTP-01,VTP,new MSID Pair,3,2,5,13.7,1,1,registration,2,3,120,0,20,priority,1,1,1,50.0,Normal
2026-01-10T14:00,SYN-VTP-01,VTP,new AMSID Pair,2,2,6,12.9,1,1,registration,2,2,120,0,20,priority,1,0,0,0.0,Normal
2026-01-10T14:00,SYN-VTP-01,VTP,historic resubmission,1,1,3,13.5,0,0,registration,1,1,120,0,20,standard,0,0,0,0.0,Normal
2026-01-10T14:00,SYN-AMVLP-01,AMVLP,new MSID Pair,0,0,1,10.8,0,0,registration,1,0,120,0,20,priority,1,1,0,-100.0,Normal
2026-01-10T14:00,SYN-AMVLP-01,AMVLP,new AMSID Pair,6,4,12,12.2,0,0,registration,3,6,120,0,20,priority,1,0,2,100.0,Normal
2026-01-10T14:00,SYN-AMVLP-01,AMVLP,historic resubmission,0,0,3,12.0,0,0,registration,1,0,120,0,20,standard,0,0,0,-100.0,Normal
2026-01-10T14:00,SYN-VLP-02,VLP,new MSID Pair,1,1,4,11.0,0,0,registration,1,1,120,0,20,priority,1,1,0,0.0,Normal
2026-01-10T14:00,SYN-VLP-02,VLP,new AMSID Pair,1,1,1,10.0,0,0,registration,2,1,120,0,20,priority,1,0,0,-50.0,Normal
2026-01-10T14:00,SYN-VLP-02,VLP,historic resubmission,1,1,3,11.7,0,0,registration,0,1,120,0,20,standard,0,0,0,0.0,Normal
2026-01-10T14:00,SYN-VTP-02,VTP,new MSID Pair,1,1,3,12.5,0,0,registration,1,1,120,0,20,priority,1,1,0,0.0,Normal
2026-01-10T14:00,SYN-VTP-02,VTP,new AMSID Pair,3,2,5,11.8,0,0,registration,1,3,120,0,20,priority,1,0,1,200.0,Normal
2026-01-10T14:00,SYN-VTP-02,VTP,historic resubmission,0,0,2,13.7,0,0,registration,1,0,120,0,20,standard,0,0,0,-100.0,Normal
2026-01-10T14:00,SYN-SUP-01,Supplier,new MSID Pair,0,0,1,12.4,0,0,registration,0,0,120,0,20,priority,1,1,0,0.0,Normal
2026-01-10T14:00,SYN-SUP-01,Supplier,new AMSID Pair,0,0,1,11.3,0,0,registration,0,0,120,0,20,priority,1,0,0,0.0,Normal
2026-01-10T14:00,SYN-SUP-01,Supplier,historic resubmission,2,1,7,11.7,0,0,registration,2,2,120,0,20,standard,0,0,1,0.0,Normal
2026-01-10T15:00,SYN-VLP-01,VLP,new MSID Pair,4,3,11,11.6,0,0,registration,4,4,120,0,20,priority,1,1,1,0.0,Normal
2026-01-10T15:00,SYN-VLP-01,VLP,new AMSID Pair,1,1,2,13.6,0,0,registration,0,1,120,0,20,priority,1,0,0,0.0,Normal
2026-01-10T15:00,SYN-VLP-01,VLP,historic resubmission,1,0,4,12.8,0,0,registration,0,1,120,0,20,standard,0,0,1,0.0,Normal
2026-01-10T15:00,SYN-VTP-01,VTP,new MSID Pair,2,2,5,13.9,0,1,registration,2,2,120,0,20,priority,1,1,0,0.0,Normal
2026-01-10T15:00,SYN-VTP-01,VTP,new AMSID Pair,3,2,7,11.2,0,0,registration,2,3,120,0,20,priority,1,0,1,50.0,Normal
2026-01-10T15:00,SYN-VTP-01,VTP,historic resubmission,1,0,4,11.9,0,0,registration,0,1,120,0,20,standard,0,0,1,0.0,Normal
2026-01-10T15:00,SYN-AMVLP-01,AMVLP,new MSID Pair,2,1,2,12.3,0,0,registration,0,2,120,0,20,priority,1,1,1,0.0,Normal
2026-01-10T15:00,SYN-AMVLP-01,AMVLP,new AMSID Pair,5,4,13,13.8,0,0,registration,5,5,120,0,20,priority,1,0,1,0.0,Normal
2026-01-10T15:00,SYN-AMVLP-01,AMVLP,historic resubmission,2,1,4,12.6,0,0,registration,1,2,120,0,20,standard,0,0,1,100.0,Normal
2026-01-10T15:00,SYN-VLP-02,VLP,new MSID Pair,3,2,5,13.1,0,0,registration,2,3,120,0,20,priority,1,1,1,50.0,Normal
2026-01-10T15:00,SYN-VLP-02,VLP,new AMSID Pair,1,0,2,14.3,0,0,registration,2,1,120,0,20,priority,1,0,1,-50.0,Normal
2026-01-10T15:00,SYN-VLP-02,VLP,historic resubmission,1,0,4,13.4,0,0,registration,0,1,120,0,20,standard,0,0,1,0.0,Normal
2026-01-10T15:00,SYN-VTP-02,VTP,new MSID Pair,2,1,4,11.1,0,0,registration,1,2,120,0,20,priority,1,1,1,100.0,Normal
2026-01-10T15:00,SYN-VTP-02,VTP,new AMSID Pair,3,2,6,12.2,0,0,registration,2,3,120,0,20,priority,1,0,1,50.0,Normal
2026-01-10T15:00,SYN-VTP-02,VTP,historic resubmission,1,0,3,12.1,0,0,registration,0,1,120,0,20,standard,0,0,1,0.0,Normal
2026-01-10T15:00,SYN-SUP-01,Supplier,new MSID Pair,1,0,2,10.5,0,0,registration,0,1,120,0,20,priority,1,1,1,0.0,Normal
2026-01-10T15:00,SYN-SUP-01,Supplier,new AMSID Pair,0,0,1,13.7,0,0,registration,0,0,120,0,20,priority,1,0,0,0.0,Normal
2026-01-10T15:00,SYN-SUP-01,Supplier,historic resubmission,1,1,7,14.0,0,0,registration,2,1,120,0,20,standard,0,0,0,-50.0,Normal
2026-01-10T16:00,SYN-VLP-01,VLP,new MSID Pair,4,3,12,11.8,0,0,registration,2,4,120,0,20,priority,1,1,1,100.0,Normal
2026-01-10T16:00,SYN-VLP-01,VLP,new AMSID Pair,0,0,2,11.7,0,0,registration,0,0,120,0,20,priority,1,0,0,0.0,Normal
2026-01-10T16:00,SYN-VLP-01,VLP,historic resubmission,0,0,4,14.2,0,0,registration,0,0,120,0,20,standard,0,0,0,0.0,Normal
2026-01-10T16:00,SYN-VTP-01,VTP,new MSID Pair,2,2,5,11.5,0,0,registration,1,2,120,0,20,priority,1,1,0,100.0,Normal
2026-01-10T16:00,SYN-VTP-01,VTP,new AMSID Pair,1,2,6,13.3,0,0,registration,1,1,120,0,20,priority,1,0,-1,0.0,Normal
2026-01-10T16:00,SYN-VTP-01,VTP,historic resubmission,0,0,4,13.3,0,0,registration,1,0,120,0,20,standard,0,0,0,-100.0,Normal
2026-01-10T16:00,SYN-AMVLP-01,AMVLP,new MSID Pair,1,1,2,11.6,0,0,registration,1,1,120,0,20,priority,1,1,0,0.0,Normal
2026-01-10T16:00,SYN-AMVLP-01,AMVLP,new AMSID Pair,5,4,14,14.7,0,0,registration,4,5,120,0,20,priority,1,0,1,25.0,Normal
2026-01-10T16:00,SYN-AMVLP-01,AMVLP,historic resubmission,1,1,4,11.9,0,0,registration,2,1,120,0,20,standard,0,0,0,-50.0,Normal
2026-01-10T16:00,SYN-VLP-02,VLP,new MSID Pair,3,2,6,15.2,0,0,registration,1,3,120,0,20,priority,1,1,1,200.0,Normal
2026-01-10T16:00,SYN-VLP-02,VLP,new AMSID Pair,1,1,2,12.1,0,0,registration,2,1,120,0,20,priority,1,0,0,-50.0,Normal
2026-01-10T16:00,SYN-VLP-02,VLP,historic resubmission,0,0,4,12.1,0,0,registration,1,0,120,0,20,standard,0,0,0,-100.0,Normal
2026-01-10T16:00,SYN-VTP-02,VTP,new MSID Pair,1,1,4,15.0,0,0,registration,1,1,120,0,20,priority,1,1,0,0.0,Normal
2026-01-10T16:00,SYN-VTP-02,VTP,new AMSID Pair,2,2,6,12.1,0,0,registration,2,2,120,0,20,priority,1,0,0,0.0,Normal
2026-01-10T16:00,SYN-VTP-02,VTP,historic resubmission,0,0,3,12.9,0,0,registration,0,0,120,0,20,standard,0,0,0,0.0,Normal
2026-01-10T16:00,SYN-SUP-01,Supplier,new MSID Pair,0,0,2,15.2,0,0,registration,0,0,120,0,20,priority,1,1,0,0.0,Normal
2026-01-10T16:00,SYN-SUP-01,Supplier,new AMSID Pair,0,0,1,13.5,0,0,registration,0,0,120,0,20,priority,1,0,0,0.0,Normal
2026-01-10T16:00,SYN-SUP-01,Supplier,historic resubmission,2,1,8,13.0,0,0,registration,1,2,120,0,20,standard,0,0,1,100.0,Normal
2026-01-10T17:00,SYN-VLP-01,VLP,new MSID Pair,4,4,12,12.9,0,0,registration,2,4,120,0,20,priority,1,1,0,100.0,Normal
2026-01-10T17:00,SYN-VLP-01,VLP,new AMSID Pair,1,1,2,15.2,0,0,registration,1,1,120,0,20,priority,1,0,0,0.0,Normal
2026-01-10T17:00,SYN-VLP-01,VLP,historic resubmission,1,1,4,14.5,0,0,registration,1,1,120,0,20,standard,0,0,0,0.0,Normal
2026-01-10T17:00,SYN-VTP-01,VTP,new MSID Pair,0,1,4,14.1,0,0,registration,2,0,120,0,20,priority,1,1,-1,-100.0,Normal
2026-01-10T17:00,SYN-VTP-01,VTP,new AMSID Pair,1,2,5,14.1,0,0,registration,1,1,120,0,20,priority,1,0,-1,0.0,Normal
2026-01-10T17:00,SYN-VTP-01,VTP,historic resubmission,0,0,4,11.7,0,0,registration,1,0,120,0,20,standard,0,0,0,-100.0,Normal
2026-01-10T17:00,SYN-AMVLP-01,AMVLP,new MSID Pair,0,1,1,14.2,0,0,registration,0,0,120,0,20,priority,1,1,-1,0.0,Normal
2026-01-10T17:00,SYN-AMVLP-01,AMVLP,new AMSID Pair,4,4,14,13.7,0,0,registration,2,4,120,0,20,priority,1,0,0,100.0,Normal
2026-01-10T17:00,SYN-AMVLP-01,AMVLP,historic resubmission,0,0,4,15.0,0,0,registration,1,0,120,0,20,standard,0,0,0,-100.0,Normal
2026-01-10T17:00,SYN-VLP-02,VLP,new MSID Pair,1,2,5,12.9,0,0,registration,1,1,120,0,20,priority,1,1,-1,0.0,Normal
2026-01-10T17:00,SYN-VLP-02,VLP,new AMSID Pair,1,1,2,12.7,0,0,registration,0,1,120,0,20,priority,1,0,0,0.0,Normal
2026-01-10T17:00,SYN-VLP-02,VLP,historic resubmission,0,0,4,13.0,0,0,registration,1,0,120,0,20,standard,0,0,0,-100.0,Normal
2026-01-10T17:00,SYN-VTP-02,VTP,new MSID Pair,0,1,3,14.3,0,0,registration,1,0,120,0,20,priority,1,1,-1,-100.0,Normal
2026-01-10T17:00,SYN-VTP-02,VTP,new AMSID Pair,0,1,5,11.9,0,0,registration,1,0,120,0,20,priority,1,0,-1,-100.0,Normal
2026-01-10T17:00,SYN-VTP-02,VTP,historic resubmission,0,0,3,14.8,0,0,registration,0,0,120,0,20,standard,0,0,0,0.0,Normal
2026-01-10T17:00,SYN-SUP-01,Supplier,new MSID Pair,0,0,2,15.6,0,0,registration,1,0,120,0,20,priority,1,1,0,-100.0,Normal
2026-01-10T17:00,SYN-SUP-01,Supplier,new AMSID Pair,1,0,2,13.5,0,0,registration,1,1,120,0,20,priority,1,0,1,0.0,Normal
2026-01-10T17:00,SYN-SUP-01,Supplier,historic resubmission,1,1,8,15.4,0,0,registration,1,1,120,0,20,standard,0,0,0,0.0,Normal
2026-01-10T18:00,SYN-VLP-01,VLP,new MSID Pair,2,3,11,14.6,0,0,registration,2,2,120,0,20,priority,1,1,-1,0.0,Normal
2026-01-10T18:00,SYN-VLP-01,VLP,new AMSID Pair,1,1,2,12.0,0,0,registration,0,1,120,0,20,priority,1,0,0,0.0,Normal
2026-01-10T18:00,SYN-VLP-01,VLP,historic resubmission,0,0,4,12.5,0,0,registration,0,0,120,0,20,standard,0,0,0,0.0,Normal
2026-01-10T18:00,SYN-VTP-01,VTP,new MSID Pair,1,1,4,11.4,0,0,registration,0,1,120,0,20,priority,1,1,0,0.0,Normal
2026-01-10T18:00,SYN-VTP-01,VTP,new AMSID Pair,1,1,5,12.7,0,0,registration,0,1,120,0,20,priority,1,0,0,0.0,Normal
2026-01-10T18:00,SYN-VTP-01,VTP,historic resubmission,1,1,4,11.4,0,0,registration,0,1,120,0,20,standard,0,0,0,0.0,Normal
2026-01-10T18:00,SYN-AMVLP-01,AMVLP,new MSID Pair,1,0,2,12.0,0,0,registration,0,1,120,0,20,priority,1,1,1,0.0,Normal
2026-01-10T18:00,SYN-AMVLP-01,AMVLP,new AMSID Pair,4,4,14,15.0,0,0,registration,3,4,120,0,20,priority,1,0,0,33.33,Normal
2026-01-10T18:00,SYN-AMVLP-01,AMVLP,historic resubmission,1,0,5,14.4,0,0,registration,1,1,120,0,20,standard,0,0,1,0.0,Normal
2026-01-10T18:00,SYN-VLP-02,VLP,new MSID Pair,2,2,5,14.1,0,0,registration,2,2,120,0,20,priority,1,1,0,0.0,Normal
2026-01-10T18:00,SYN-VLP-02,VLP,new AMSID Pair,1,1,2,13.5,0,0,registration,0,1,120,0,20,priority,1,0,0,0.0,Normal
2026-01-10T18:00,SYN-VLP-02,VLP,historic resubmission,1,0,5,13.9,0,0,registration,0,1,120,0,20,standard,0,0,1,0.0,Normal
2026-01-10T18:00,SYN-VTP-02,VTP,new MSID Pair,1,1,3,14.6,0,0,registration,0,1,120,0,20,priority,1,1,0,0.0,Normal
2026-01-10T18:00,SYN-VTP-02,VTP,new AMSID Pair,2,2,5,12.4,0,0,registration,1,2,120,0,20,priority,1,0,0,100.0,Normal
2026-01-10T18:00,SYN-VTP-02,VTP,historic resubmission,1,0,4,11.8,0,0,registration,0,1,120,0,20,standard,0,0,1,0.0,Normal
2026-01-10T18:00,SYN-SUP-01,Supplier,new MSID Pair,2,1,3,11.8,0,0,registration,0,2,120,0,20,priority,1,1,1,0.0,Normal
2026-01-10T18:00,SYN-SUP-01,Supplier,new AMSID Pair,1,1,2,14.0,0,0,registration,0,1,120,0,20,priority,1,0,0,0.0,Normal
2026-01-10T18:00,SYN-SUP-01,Supplier,historic resubmission,3,1,10,11.3,1,1,registration,1,3,120,0,20,standard,0,0,2,200.0,Normal
2026-01-10T19:00,SYN-VLP-01,VLP,new MSID Pair,4,3,12,12.9,0,0,registration,2,4,120,0,20,priority,1,1,1,100.0,Normal
2026-01-10T19:00,SYN-VLP-01,VLP,new AMSID Pair,0,0,2,13.7,0,0,registration,0,0,120,0,20,priority,1,0,0,0.0,Normal
2026-01-10T19:00,SYN-VLP-01,VLP,historic resubmission,0,0,4,11.8,0,0,registration,1,0,120,0,20,standard,0,0,0,-100.0,Normal
2026-01-10T19:00,SYN-VTP-01,VTP,new MSID Pair,1,1,4,13.5,0,0,registration,1,1,120,0,20,priority,1,1,0,0.0,Normal
2026-01-10T19:00,SYN-VTP-01,VTP,new AMSID Pair,2,2,5,13.7,0,0,registration,1,2,120,0,20,priority,1,0,0,100.0,Normal
2026-01-10T19:00,SYN-VTP-01,VTP,historic resubmission,0,0,4,12.4,0,0,registration,0,0,120,0,20,standard,0,0,0,0.0,Normal
2026-01-10T19:00,SYN-AMVLP-01,AMVLP,new MSID Pair,0,0,2,12.1,0,0,registration,0,0,120,0,20,priority,1,1,0,0.0,Normal
2026-01-10T19:00,SYN-AMVLP-01,AMVLP,new AMSID Pair,2,4,12,13.5,0,0,registration,2,2,120,0,20,priority,1,0,-2,0.0,Normal
2026-01-10T19:00,SYN-AMVLP-01,AMVLP,historic resubmission,1,1,5,13.9,0,0,registration,0,1,120,0,20,standard,0,0,0,0.0,Normal
2026-01-10T19:00,SYN-VLP-02,VLP,new MSID Pair,2,2,5,13.0,0,0,registration,2,2,120,0,20,priority,1,1,0,0.0,Normal
2026-01-10T19:00,SYN-VLP-02,VLP,new AMSID Pair,1,1,2,11.9,0,0,registration,0,1,120,0,20,priority,1,0,0,0.0,Normal
2026-01-10T19:00,SYN-VLP-02,VLP,historic resubmission,1,1,5,12.1,0,0,registration,0,1,120,0,20,standard,0,0,0,0.0,Normal
2026-01-10T19:00,SYN-VTP-02,VTP,new MSID Pair,1,1,3,11.8,0,0,registration,1,1,120,0,20,priority,1,1,0,0.0,Normal
2026-01-10T19:00,SYN-VTP-02,VTP,new AMSID Pair,2,2,5,14.5,0,0,registration,2,2,120,0,20,priority,1,0,0,0.0,Normal
2026-01-10T19:00,SYN-VTP-02,VTP,historic resubmission,1,0,5,12.0,0,0,registration,1,1,120,0,20,standard,0,0,1,0.0,Normal
2026-01-10T19:00,SYN-SUP-01,Supplier,new MSID Pair,1,1,3,15.4,0,0,registration,1,1,120,0,20,priority,1,1,0,0.0,Normal
2026-01-10T19:00,SYN-SUP-01,Supplier,new AMSID Pair,0,0,2,14.5,0,0,registration,0,0,120,0,20,priority,1,0,0,0.0,Normal
2026-01-10T19:00,SYN-SUP-01,Supplier,historic resubmission,1,1,10,15.4,0,0,registration,1,1,120,0,20,standard,0,0,0,0.0,Normal
2026-01-10T20:00,SYN-VLP-01,VLP,new MSID Pair,4,4,12,15.0,0,0,registration,3,4,120,0,20,priority,1,1,0,33.33,Normal
2026-01-10T20:00,SYN-VLP-01,VLP,new AMSID Pair,0,0,2,12.6,0,0,registration,1,0,120,0,20,priority,1,0,0,-100.0,Normal
2026-01-10T20:00,SYN-VLP-01,VLP,historic resubmission,1,0,5,12.2,0,0,registration,0,1,120,0,20,standard,0,0,1,0.0,Normal
2026-01-10T20:00,SYN-VTP-01,VTP,new MSID Pair,0,1,3,12.9,0,0,registration,0,0,120,0,20,priority,1,1,-1,0.0,Normal
2026-01-10T20:00,SYN-VTP-01,VTP,new AMSID Pair,2,2,5,12.9,0,0,registration,0,2,120,0,20,priority,1,0,0,0.0,Normal
2026-01-10T20:00,SYN-VTP-01,VTP,historic resubmission,1,0,5,15.6,0,0,registration,1,1,120,0,20,standard,0,0,1,0.0,Normal
2026-01-10T20:00,SYN-AMVLP-01,AMVLP,new MSID Pair,1,1,2,12.9,0,0,registration,1,1,120,0,20,priority,1,1,0,0.0,Normal
2026-01-10T20:00,SYN-AMVLP-01,AMVLP,new AMSID Pair,2,3,11,12.3,0,0,registration,1,2,120,0,20,priority,1,0,-1,100.0,Normal
2026-01-10T20:00,SYN-AMVLP-01,AMVLP,historic resubmission,1,1,5,12.5,0,0,registration,1,1,120,0,20,standard,0,0,0,0.0,Normal
2026-01-10T20:00,SYN-VLP-02,VLP,new MSID Pair,2,2,5,15.7,1,1,registration,2,2,120,0,20,priority,1,1,0,0.0,Normal
2026-01-10T20:00,SYN-VLP-02,VLP,new AMSID Pair,1,1,2,12.0,0,0,registration,1,1,120,0,20,priority,1,0,0,0.0,Normal
2026-01-10T20:00,SYN-VLP-02,VLP,historic resubmission,0,0,5,13.9,0,0,registration,0,0,120,0,20,standard,0,0,0,0.0,Normal
2026-01-10T20:00,SYN-VTP-02,VTP,new MSID Pair,0,1,2,15.3,0,0,registration,1,0,120,0,20,priority,1,1,-1,-100.0,Normal
2026-01-10T20:00,SYN-VTP-02,VTP,new AMSID Pair,2,1,6,12.6,0,0,registration,0,2,120,0,20,priority,1,0,1,0.0,Normal
2026-01-10T20:00,SYN-VTP-02,VTP,historic resubmission,0,0,5,13.2,0,0,registration,0,0,120,0,20,standard,0,0,0,0.0,Normal
2026-01-10T20:00,SYN-SUP-01,Supplier,new MSID Pair,0,1,2,13.5,0,0,registration,0,0,120,0,20,priority,1,1,-1,0.0,Normal
2026-01-10T20:00,SYN-SUP-01,Supplier,new AMSID Pair,1,1,2,13.2,0,0,registration,0,1,120,0,20,priority,1,0,0,0.0,Normal
2026-01-10T20:00,SYN-SUP-01,Supplier,historic resubmission,1,1,10,14.4,0,0,registration,0,1,120,0,20,standard,0,0,0,0.0,Normal
2026-01-10T21:00,SYN-VLP-01,VLP,new MSID Pair,4,4,12,13.2,0,0,registration,2,4,120,0,20,priority,1,1,0,100.0,Normal
2026-01-10T21:00,SYN-VLP-01,VLP,new AMSID Pair,0,0,2,12.5,0,0,registration,0,0,120,0,20,priority,1,0,0,0.0,Normal
2026-01-10T21:00,SYN-VLP-01,VLP,historic resubmission,1,1,5,13.0,0,0,registration,0,1,120,0,20,standard,0,0,0,0.0,Normal
2026-01-10T21:00,SYN-VTP-01,VTP,new MSID Pair,0,1,2,15.4,0,0,registration,0,0,120,0,20,priority,1,1,-1,0.0,Normal
2026-01-10T21:00,SYN-VTP-01,VTP,new AMSID Pair,1,1,5,13.8,0,0,registration,2,1,120,0,20,priority,1,0,0,-50.0,Normal
2026-01-10T21:00,SYN-VTP-01,VTP,historic resubmission,1,1,5,13.3,0,0,registration,0,1,120,0,20,standard,0,0,0,0.0,Normal
2026-01-10T21:00,SYN-AMVLP-01,AMVLP,new MSID Pair,0,0,2,15.5,0,0,registration,0,0,120,0,20,priority,1,1,0,0.0,Normal
2026-01-10T21:00,SYN-AMVLP-01,AMVLP,new AMSID Pair,3,3,11,14.9,0,0,registration,2,3,120,0,20,priority,1,0,0,50.0,Normal
2026-01-10T21:00,SYN-AMVLP-01,AMVLP,historic resubmission,1,1,5,13.0,0,0,registration,1,1,120,0,20,standard,0,0,0,0.0,Normal
2026-01-10T21:00,SYN-VLP-02,VLP,new MSID Pair,0,1,4,14.3,0,0,registration,2,0,120,0,20,priority,1,1,-1,-100.0,Normal
2026-01-10T21:00,SYN-VLP-02,VLP,new AMSID Pair,1,1,2,14.3,0,0,registration,0,1,120,0,20,priority,1,0,0,0.0,Normal
2026-01-10T21:00,SYN-VLP-02,VLP,historic resubmission,0,0,5,12.1,0,0,registration,1,0,120,0,20,standard,0,0,0,-100.0,Normal
2026-01-10T21:00,SYN-VTP-02,VTP,new MSID Pair,1,1,2,13.3,0,0,registration,1,1,120,0,20,priority,1,1,0,0.0,Normal
2026-01-10T21:00,SYN-VTP-02,VTP,new AMSID Pair,1,1,6,15.6,0,0,registration,1,1,120,0,20,priority,1,0,0,0.0,Normal
2026-01-10T21:00,SYN-VTP-02,VTP,historic resubmission,2,1,6,12.4,0,0,registration,0,2,120,0,20,standard,0,0,1,0.0,Normal
2026-01-10T21:00,SYN-SUP-01,Supplier,new MSID Pair,2,1,3,15.5,0,0,registration,0,2,120,0,20,priority,1,1,1,0.0,Normal
2026-01-10T21:00,SYN-SUP-01,Supplier,new AMSID Pair,1,1,2,13.0,0,0,registration,0,1,120,0,20,priority,1,0,0,0.0,Normal
2026-01-10T21:00,SYN-SUP-01,Supplier,historic resubmission,1,1,10,11.9,0,0,registration,1,1,120,0,20,standard,0,0,0,0.0,Normal
2026-01-10T22:00,SYN-VLP-01,VLP,new MSID Pair,3,3,12,12.2,0,0,registration,1,3,120,0,20,priority,1,1,0,200.0,Normal
2026-01-10T22:00,SYN-VLP-01,VLP,new AMSID Pair,1,1,2,12.0,0,0,registration,0,1,120,0,20,priority,1,0,0,0.0,Normal
2026-01-10T22:00,SYN-VLP-01,VLP,historic resubmission,1,1,5,12.0,1,1,registration,1,1,120,0,20,standard,0,0,0,0.0,Normal
2026-01-10T22:00,SYN-VTP-01,VTP,new MSID Pair,1,1,2,13.6,0,0,registration,0,1,120,0,20,priority,1,1,0,0.0,Normal
2026-01-10T22:00,SYN-VTP-01,VTP,new AMSID Pair,1,1,5,14.2,0,0,registration,1,1,120,0,20,priority,1,0,0,0.0,Normal
2026-01-10T22:00,SYN-VTP-01,VTP,historic resubmission,0,1,4,12.7,0,0,registration,0,0,120,0,20,standard,0,0,-1,0.0,Normal
2026-01-10T22:00,SYN-AMVLP-01,AMVLP,new MSID Pair,0,0,2,13.2,0,0,registration,0,0,120,0,20,priority,1,1,0,0.0,Normal
2026-01-10T22:00,SYN-AMVLP-01,AMVLP,new AMSID Pair,3,3,11,14.2,0,0,registration,2,3,120,0,20,priority,1,0,0,50.0,Normal
2026-01-10T22:00,SYN-AMVLP-01,AMVLP,historic resubmission,0,1,4,13.2,0,0,registration,0,0,120,0,20,standard,0,0,-1,0.0,Normal
2026-01-10T22:00,SYN-VLP-02,VLP,new MSID Pair,2,1,5,14.8,0,0,registration,1,2,120,0,20,priority,1,1,1,100.0,Normal
2026-01-10T22:00,SYN-VLP-02,VLP,new AMSID Pair,0,0,2,13.4,0,0,registration,1,0,120,0,20,priority,1,0,0,-100.0,Normal
2026-01-10T22:00,SYN-VLP-02,VLP,historic resubmission,1,1,5,12.3,0,0,registration,0,1,120,0,20,standard,0,0,0,0.0,Normal
2026-01-10T22:00,SYN-VTP-02,VTP,new MSID Pair,1,1,2,12.2,0,0,registration,0,1,120,0,20,priority,1,1,0,0.0,Normal
2026-01-10T22:00,SYN-VTP-02,VTP,new AMSID Pair,2,2,6,15.1,0,0,registration,0,2,120,0,20,priority,1,0,0,0.0,Normal
2026-01-10T22:00,SYN-VTP-02,VTP,historic resubmission,0,1,5,14.4,0,0,registration,0,0,120,0,20,standard,0,0,-1,0.0,Normal
2026-01-10T22:00,SYN-SUP-01,Supplier,new MSID Pair,0,1,2,14.0,0,0,registration,0,0,120,0,20,priority,1,1,-1,0.0,Normal
2026-01-10T22:00,SYN-SUP-01,Supplier,new AMSID Pair,0,0,2,15.1,0,0,registration,0,0,120,0,20,priority,1,0,0,0.0,Normal
2026-01-10T22:00,SYN-SUP-01,Supplier,historic resubmission,2,1,11,15.3,0,0,registration,0,2,120,0,20,standard,0,0,1,0.0,Normal
2026-01-10T23:00,SYN-VLP-01,VLP,new MSID Pair,2,4,10,13.1,0,0,registration,1,2,120,0,20,priority,1,1,-2,100.0,Normal
2026-01-10T23:00,SYN-VLP-01,VLP,new AMSID Pair,0,0,2,15.0,0,0,registration,0,0,120,0,20,priority,1,0,0,0.0,Normal
2026-01-10T23:00,SYN-VLP-01,VLP,historic resubmission,0,1,4,11.6,0,0,registration,1,0,120,0,20,standard,0,0,-1,-100.0,Normal
2026-01-10T23:00,SYN-VTP-01,VTP,new MSID Pair,1,1,2,13.8,0,0,registration,1,1,120,0,20,priority,1,1,0,0.0,Normal
2026-01-10T23:00,SYN-VTP-01,VTP,new AMSID Pair,0,1,4,12.3,0,0,registration,0,0,120,0,20,priority,1,0,-1,0.0,Normal
2026-01-10T23:00,SYN-VTP-01,VTP,historic resubmission,0,0,4,14.4,0,0,registration,0,0,120,0,20,standard,0,0,0,0.0,Normal
2026-01-10T23:00,SYN-AMVLP-01,AMVLP,new MSID Pair,0,0,2,12.1,0,0,registration,0,0,120,0,20,priority,1,1,0,0.0,Normal
2026-01-10T23:00,SYN-AMVLP-01,AMVLP,new AMSID Pair,2,3,10,15.1,0,0,registration,1,2,120,0,20,priority,1,0,-1,100.0,Normal
2026-01-10T23:00,SYN-AMVLP-01,AMVLP,historic resubmission,1,1,4,12.4,0,0,registration,0,1,120,0,20,standard,0,0,0,0.0,Normal
2026-01-10T23:00,SYN-VLP-02,VLP,new MSID Pair,0,1,4,11.7,0,0,registration,1,0,120,0,20,priority,1,1,-1,-100.0,Normal
2026-01-10T23:00,SYN-VLP-02,VLP,new AMSID Pair,0,0,2,15.0,0,0,registration,2,0,120,0,20,priority,1,0,0,-100.0,Normal
2026-01-10T23:00,SYN-VLP-02,VLP,historic resubmission,0,1,4,15.5,0,0,registration,0,0,120,0,20,standard,0,0,-1,0.0,Normal
2026-01-10T23:00,SYN-VTP-02,VTP,new MSID Pair,1,1,2,13.8,0,0,registration,0,1,120,0,20,priority,1,1,0,0.0,Normal
2026-01-10T23:00,SYN-VTP-02,VTP,new AMSID Pair,0,2,4,12.8,0,0,registration,0,0,120,0,20,priority,1,0,-2,0.0,Normal
2026-01-10T23:00,SYN-VTP-02,VTP,historic resubmission,0,1,4,14.9,0,0,registration,1,0,120,0,20,standard,0,0,-1,-100.0,Normal
2026-01-10T23:00,SYN-SUP-01,Supplier,new MSID Pair,1,1,2,11.8,0,0,registration,0,1,120,0,20,priority,1,1,0,0.0,Normal
2026-01-10T23:00,SYN-SUP-01,Supplier,new AMSID Pair,1,1,2,14.1,0,0,registration,0,1,120,0,20,priority,1,0,0,0.0,Normal
2026-01-10T23:00,SYN-SUP-01,Supplier,historic resubmission,1,1,11,12.0,0,0,registration,1,1,120,0,20,standard,0,0,0,0.0,Normal
2026-01-11T00:00,SYN-VLP-01,VLP,new MSID Pair,3,4,9,11.4,0,0,registration,1,3,120,0,20,priority,1,1,-1,200.0,Normal
2026-01-11T00:00,SYN-VLP-01,VLP,new AMSID Pair,1,1,2,12.9,0,0,registration,0,1,120,0,20,priority,1,0,0,0.0,Normal
2026-01-11T00:00,SYN-VLP-01,VLP,historic resubmission,0,0,4,11.7,0,0,registration,0,0,120,0,20,standard,0,0,0,0.0,Normal
2026-01-11T00:00,SYN-VTP-01,VTP,new MSID Pair,1,1,2,14.5,0,0,registration,0,1,120,0,20,priority,1,1,0,0.0,Normal
2026-01-11T00:00,SYN-VTP-01,VTP,new AMSID Pair,2,2,4,12.1,0,0,registration,0,2,120,0,20,priority,1,0,0,0.0,Normal
2026-01-11T00:00,SYN-VTP-01,VTP,historic resubmission,0,0,4,12.6,0,0,registration,0,0,120,0,20,standard,0,0,0,0.0,Normal
2026-01-11T00:00,SYN-AMVLP-01,AMVLP,new MSID Pair,0,1,1,12.3,0,0,registration,0,0,120,0,20,priority,1,1,-1,0.0,Normal
2026-01-11T00:00,SYN-AMVLP-01,AMVLP,new AMSID Pair,2,3,9,12.7,0,0,registration,2,2,120,0,20,priority,1,0,-1,0.0,Normal
2026-01-11T00:00,SYN-AMVLP-01,AMVLP,historic resubmission,0,1,3,14.2,0,0,registration,0,0,120,0,20,standard,0,0,-1,0.0,Normal
2026-01-11T00:00,SYN-VLP-02,VLP,new MSID Pair,1,1,4,12.5,0,0,registration,1,1,120,0,20,priority,1,1,0,0.0,Normal
2026-01-11T00:00,SYN-VLP-02,VLP,new AMSID Pair,0,1,1,13.1,0,0,registration,0,0,120,0,20,priority,1,0,-1,0.0,Normal
2026-01-11T00:00,SYN-VLP-02,VLP,historic resubmission,0,0,4,14.7,0,0,registration,0,0,120,0,20,standard,0,0,0,0.0,Normal
2026-01-11T00:00,SYN-VTP-02,VTP,new MSID Pair,0,1,1,11.1,0,0,registration,0,0,120,0,20,priority,1,1,-1,0.0,Normal
2026-01-11T00:00,SYN-VTP-02,VTP,new AMSID Pair,1,1,4,12.0,0,0,registration,0,1,120,0,20,priority,1,0,0,0.0,Normal
2026-01-11T00:00,SYN-VTP-02,VTP,historic resubmission,0,0,4,11.5,0,0,registration,0,0,120,0,20,standard,0,0,0,0.0,Normal
2026-01-11T00:00,SYN-SUP-01,Supplier,new MSID Pair,0,1,1,14.6,0,0,registration,0,0,120,0,20,priority,1,1,-1,0.0,Normal
2026-01-11T00:00,SYN-SUP-01,Supplier,new AMSID Pair,0,1,1,10.9,0,0,registration,0,0,120,0,20,priority,1,0,-1,0.0,Normal
2026-01-11T00:00,SYN-SUP-01,Supplier,historic resubmission,0,1,10,12.4,0,0,registration,0,0,120,0,20,standard,0,0,-1,0.0,Normal
2026-01-11T01:00,SYN-VLP-01,VLP,new MSID Pair,2,3,8,10.2,0,1,registration,1,2,120,0,20,priority,1,1,-1,100.0,Normal
2026-01-11T01:00,SYN-VLP-01,VLP,new AMSID Pair,1,1,2,11.9,0,0,registration,0,1,120,0,20,priority,1,0,0,0.0,Normal
2026-01-11T01:00,SYN-VLP-01,VLP,historic resubmission,0,0,4,12.2,0,0,registration,0,0,120,0,20,standard,0,0,0,0.0,Normal
2026-01-11T01:00,SYN-VTP-01,VTP,new MSID Pair,0,1,1,12.8,0,0,registration,1,0,120,0,20,priority,1,1,-1,-100.0,Normal
2026-01-11T01:00,SYN-VTP-01,VTP,new AMSID Pair,2,2,4,10.7,0,0,registration,1,2,120,0,20,priority,1,0,0,100.0,Normal
2026-01-11T01:00,SYN-VTP-01,VTP,historic resubmission,0,0,4,13.4,0,0,registration,0,0,120,0,20,standard,0,0,0,0.0,Normal
2026-01-11T01:00,SYN-AMVLP-01,AMVLP,new MSID Pair,1,1,1,12.5,0,0,registration,0,1,120,0,20,priority,1,1,0,0.0,Normal
2026-01-11T01:00,SYN-AMVLP-01,AMVLP,new AMSID Pair,2,3,8,13.3,0,0,registration,1,2,120,0,20,priority,1,0,-1,100.0,Normal
2026-01-11T01:00,SYN-AMVLP-01,AMVLP,historic resubmission,1,1,3,10.4,0,0,registration,0,1,120,0,20,standard,0,0,0,0.0,Normal
2026-01-11T01:00,SYN-VLP-02,VLP,new MSID Pair,0,1,3,10.3,0,0,registration,1,0,120,0,20,priority,1,1,-1,-100.0,Normal
2026-01-11T01:00,SYN-VLP-02,VLP,new AMSID Pair,0,0,1,13.6,0,0,registration,0,0,120,0,20,priority,1,0,0,0.0,Normal
2026-01-11T01:00,SYN-VLP-02,VLP,historic resubmission,0,1,3,10.7,0,0,registration,0,0,120,0,20,standard,0,0,-1,0.0,Normal
2026-01-11T01:00,SYN-VTP-02,VTP,new MSID Pair,1,1,1,11.5,0,0,registration,1,1,120,0,20,priority,1,1,0,0.0,Normal
2026-01-11T01:00,SYN-VTP-02,VTP,new AMSID Pair,1,2,3,11.2,0,0,registration,0,1,120,0,20,priority,1,0,-1,0.0,Normal
2026-01-11T01:00,SYN-VTP-02,VTP,historic resubmission,0,1,3,10.8,0,0,registration,0,0,120,0,20,standard,0,0,-1,0.0,Normal
2026-01-11T01:00,SYN-SUP-01,Supplier,new MSID Pair,0,0,1,12.9,0,0,registration,0,0,120,0,20,priority,1,1,0,0.0,Normal
2026-01-11T01:00,SYN-SUP-01,Supplier,new AMSID Pair,0,0,1,11.3,0,0,registration,1,0,120,0,20,priority,1,0,0,-100.0,Normal
2026-01-11T01:00,SYN-SUP-01,Supplier,historic resubmission,1,2,9,13.5,0,0,registration,0,1,120,0,20,standard,0,0,-1,0.0,Normal
2026-01-11T02:00,SYN-VLP-01,VLP,new MSID Pair,1,3,6,10.8,0,1,registration,1,1,120,0,20,priority,1,1,-2,0.0,Normal
2026-01-11T02:00,SYN-VLP-01,VLP,new AMSID Pair,1,1,2,10.3,0,0,registration,0,1,120,0,20,priority,1,0,0,0.0,Normal
2026-01-11T02:00,SYN-VLP-01,VLP,historic resubmission,0,1,3,12.8,0,0,registration,0,0,120,0,20,standard,0,0,-1,0.0,Normal
2026-01-11T02:00,SYN-VTP-01,VTP,new MSID Pair,1,1,1,11.9,0,0,registration,0,1,120,0,20,priority,1,1,0,0.0,Normal
2026-01-11T02:00,SYN-VTP-01,VTP,new AMSID Pair,2,2,4,9.7,0,0,registration,0,2,120,0,20,priority,1,0,0,0.0,Normal
2026-01-11T02:00,SYN-VTP-01,VTP,historic resubmission,0,1,3,11.5,0,0,registration,2,0,120,0,20,standard,0,0,-1,-100.0,Normal
2026-01-11T02:00,SYN-AMVLP-01,AMVLP,new MSID Pair,0,0,1,9.8,0,0,registration,0,0,120,0,20,priority,1,1,0,0.0,Normal
2026-01-11T02:00,SYN-AMVLP-01,AMVLP,new AMSID Pair,2,4,6,10.9,0,0,registration,0,2,120,0,20,priority,1,0,-2,0.0,Normal
2026-01-11T02:00,SYN-AMVLP-01,AMVLP,historic resubmission,0,1,2,12.0,0,0,registration,0,0,120,0,20,standard,0,0,-1,0.0,Normal
2026-01-11T02:00,SYN-VLP-02,VLP,new MSID Pair,1,1,3,12.6,0,0,registration,1,1,120,0,20,priority,1,1,0,0.0,Normal
2026-01-11T02:00,SYN-VLP-02,VLP,new AMSID Pair,0,0,1,13.3,0,0,registration,0,0,120,0,20,priority,1,0,0,0.0,Normal
2026-01-11T02:00,SYN-VLP-02,VLP,historic resubmission,0,0,3,11.2,0,0,registration,0,0,120,0,20,standard,0,0,0,0.0,Normal
2026-01-11T02:00,SYN-VTP-02,VTP,new MSID Pair,0,0,1,12.7,0,0,registration,0,0,120,0,20,priority,1,1,0,0.0,Normal
2026-01-11T02:00,SYN-VTP-02,VTP,new AMSID Pair,1,1,3,11.6,0,0,registration,1,1,120,0,20,priority,1,0,0,0.0,Normal
2026-01-11T02:00,SYN-VTP-02,VTP,historic resubmission,1,1,3,11.5,0,0,registration,0,1,120,0,20,standard,0,0,0,0.0,Normal
2026-01-11T02:00,SYN-SUP-01,Supplier,new MSID Pair,0,0,1,13.2,0,0,registration,0,0,120,0,20,priority,1,1,0,0.0,Normal
2026-01-11T02:00,SYN-SUP-01,Supplier,new AMSID Pair,1,1,1,12.6,0,0,registration,0,1,120,0,20,priority,1,0,0,0.0,Normal
2026-01-11T02:00,SYN-SUP-01,Supplier,historic resubmission,1,2,8,10.8,0,0,registration,0,1,120,0,20,standard,0,0,-1,0.0,Normal
2026-01-11T03:00,SYN-VLP-01,VLP,new MSID Pair,1,3,4,11.7,0,0,registration,2,1,120,0,20,priority,1,1,-2,-50.0,Normal
2026-01-11T03:00,SYN-VLP-01,VLP,new AMSID Pair,0,1,1,12.4,0,0,registration,0,0,120,0,20,priority,1,0,-1,0.0,Normal
2026-01-11T03:00,SYN-VLP-01,VLP,historic resubmission,1,1,3,9.4,0,0,registration,0,1,120,0,20,standard,0,0,0,0.0,Normal
2026-01-11T03:00,SYN-VTP-01,VTP,new MSID Pair,0,0,1,9.1,0,0,registration,1,0,120,0,20,priority,1,1,0,-100.0,Normal
2026-01-11T03:00,SYN-VTP-01,VTP,new AMSID Pair,2,2,4,9.6,0,0,registration,0,2,120,0,20,priority,1,0,0,0.0,Normal
2026-01-11T03:00,SYN-VTP-01,VTP,historic resubmission,1,1,3,11.6,0,0,registration,0,1,120,0,20,standard,0,0,0,0.0,Normal
2026-01-11T03:00,SYN-AMVLP-01,AMVLP,new MSID Pair,0,0,1,10.4,0,0,registration,0,0,120,0,20,priority,1,1,0,0.0,Normal
2026-01-11T03:00,SYN-AMVLP-01,AMVLP,new AMSID Pair,3,3,6,10.6,0,0,registration,1,3,120,0,20,priority,1,0,0,200.0,Normal
2026-01-11T03:00,SYN-AMVLP-01,AMVLP,historic resubmission,0,0,2,12.3,0,0,registration,0,0,120,0,20,standard,0,0,0,0.0,Normal
2026-01-11T03:00,SYN-VLP-02,VLP,new MSID Pair,2,2,3,9.2,0,0,registration,1,2,120,0,20,priority,1,1,0,100.0,Normal
2026-01-11T03:00,SYN-VLP-02,VLP,new AMSID Pair,1,1,1,12.5,0,0,registration,0,1,120,0,20,priority,1,0,0,0.0,Normal
2026-01-11T03:00,SYN-VLP-02,VLP,historic resubmission,0,0,3,10.4,0,0,registration,0,0,120,0,20,standard,0,0,0,0.0,Normal
2026-01-11T03:00,SYN-VTP-02,VTP,new MSID Pair,1,1,1,10.0,0,0,registration,0,1,120,0,20,priority,1,1,0,0.0,Normal
2026-01-11T03:00,SYN-VTP-02,VTP,new AMSID Pair,0,1,2,11.1,0,0,registration,0,0,120,0,20,priority,1,0,-1,0.0,Normal
2026-01-11T03:00,SYN-VTP-02,VTP,historic resubmission,1,1,3,9.1,0,0,registration,0,1,120,0,20,standard,0,0,0,0.0,Normal
2026-01-11T03:00,SYN-SUP-01,Supplier,new MSID Pair,0,0,1,10.8,0,0,registration,0,0,120,0,20,priority,1,1,0,0.0,Normal
2026-01-11T03:00,SYN-SUP-01,Supplier,new AMSID Pair,1,1,1,9.2,0,0,registration,0,1,120,0,20,priority,1,0,0,0.0,Normal
2026-01-11T03:00,SYN-SUP-01,Supplier,historic resubmission,2,2,8,11.4,0,0,registration,0,2,120,0,20,standard,0,0,0,0.0,Normal
2026-01-11T04:00,SYN-VLP-01,VLP,new MSID Pair,2,3,3,9.2,0,0,registration,1,2,120,0,20,priority,1,1,-1,100.0,Normal
2026-01-11T04:00,SYN-VLP-01,VLP,new AMSID Pair,0,0,1,10.5,0,0,registration,0,0,120,0,20,priority,1,0,0,0.0,Normal
2026-01-11T04:00,SYN-VLP-01,VLP,historic resubmission,0,1,2,9.4,0,0,registration,0,0,120,0,20,standard,0,0,-1,0.0,Normal
2026-01-11T04:00,SYN-VTP-01,VTP,new MSID Pair,0,0,1,11.5,0,0,registration,1,0,120,0,20,priority,1,1,0,-100.0,Normal
2026-01-11T04:00,SYN-VTP-01,VTP,new AMSID Pair,2,2,4,9.4,0,0,registration,0,2,120,0,20,priority,1,0,0,0.0,Normal
2026-01-11T04:00,SYN-VTP-01,VTP,historic resubmission,1,1,3,9.4,0,0,registration,0,1,120,0,20,standard,0,0,0,0.0,Normal
2026-01-11T04:00,SYN-AMVLP-01,AMVLP,new MSID Pair,0,0,1,8.7,0,0,registration,0,0,120,0,20,priority,1,1,0,0.0,Normal
2026-01-11T04:00,SYN-AMVLP-01,AMVLP,new AMSID Pair,0,2,4,10.9,0,0,registration,1,0,120,0,20,priority,1,0,-2,-100.0,Normal
2026-01-11T04:00,SYN-AMVLP-01,AMVLP,historic resubmission,1,1,2,9.3,0,0,registration,0,1,120,0,20,standard,0,0,0,0.0,Normal
2026-01-11T04:00,SYN-VLP-02,VLP,new MSID Pair,1,2,2,11.1,0,0,registration,1,1,120,0,20,priority,1,1,-1,0.0,Normal
2026-01-11T04:00,SYN-VLP-02,VLP,new AMSID Pair,1,1,1,12.4,0,0,registration,0,1,120,0,20,priority,1,0,0,0.0,Normal
2026-01-11T04:00,SYN-VLP-02,VLP,historic resubmission,1,1,3,12.0,0,0,registration,0,1,120,0,20,standard,0,0,0,0.0,Normal
2026-01-11T04:00,SYN-VTP-02,VTP,new MSID Pair,1,1,1,9.9,0,0,registration,0,1,120,0,20,priority,1,1,0,0.0,Normal
2026-01-11T04:00,SYN-VTP-02,VTP,new AMSID Pair,1,1,2,11.5,0,0,registration,1,1,120,0,20,priority,1,0,0,0.0,Normal
2026-01-11T04:00,SYN-VTP-02,VTP,historic resubmission,1,1,3,10.2,0,0,registration,0,1,120,0,20,standard,0,0,0,0.0,Normal
2026-01-11T04:00,SYN-SUP-01,Supplier,new MSID Pair,0,0,1,9.2,0,0,registration,0,0,120,0,20,priority,1,1,0,0.0,Normal
2026-01-11T04:00,SYN-SUP-01,Supplier,new AMSID Pair,1,1,1,11.3,0,0,registration,0,1,120,0,20,priority,1,0,0,0.0,Normal
2026-01-11T04:00,SYN-SUP-01,Supplier,historic resubmission,0,2,6,9.8,0,0,registration,0,0,120,0,20,standard,0,0,-2,0.0,Normal
2026-01-11T05:00,SYN-VLP-01,VLP,new MSID Pair,2,3,2,11.2,0,0,registration,2,2,120,0,20,priority,1,1,-1,0.0,Normal
2026-01-11T05:00,SYN-VLP-01,VLP,new AMSID Pair,0,0,1,10.9,0,0,registration,1,0,120,0,20,priority,1,0,0,-100.0,Normal
2026-01-11T05:00,SYN-VLP-01,VLP,historic resubmission,1,1,2,11.4,0,0,registration,1,1,120,0,20,standard,0,0,0,0.0,Normal
2026-01-11T05:00,SYN-VTP-01,VTP,new MSID Pair,0,0,1,11.2,0,0,registration,0,0,120,0,20,priority,1,1,0,0.0,Normal
2026-01-11T05:00,SYN-VTP-01,VTP,new AMSID Pair,1,3,2,10.1,0,0,registration,1,1,120,0,20,priority,1,0,-2,0.0,Normal
2026-01-11T05:00,SYN-VTP-01,VTP,historic resubmission,1,1,3,10.8,0,0,registration,0,1,120,0,20,standard,0,0,0,0.0,Normal
2026-01-11T05:00,SYN-AMVLP-01,AMVLP,new MSID Pair,0,0,1,8.5,0,0,registration,1,0,120,0,20,priority,1,1,0,-100.0,Normal
2026-01-11T05:00,SYN-AMVLP-01,AMVLP,new AMSID Pair,1,3,2,11.2,0,0,registration,2,1,120,0,20,priority,1,0,-2,-50.0,Normal
2026-01-11T05:00,SYN-AMVLP-01,AMVLP,historic resubmission,0,0,2,9.5,0,0,registration,1,0,120,0,20,standard,0,0,0,-100.0,Normal
2026-01-11T05:00,SYN-VLP-02,VLP,new MSID Pair,1,2,1,10.1,0,0,registration,0,1,120,0,20,priority,1,1,-1,0.0,Normal
2026-01-11T05:00,SYN-VLP-02,VLP,new AMSID Pair,1,1,1,8.1,0,0,registration,0,1,120,0,20,priority,1,0,0,0.0,Normal
2026-01-11T05:00,SYN-VLP-02,VLP,historic resubmission,0,1,2,8.6,0,0,registration,0,0,120,0,20,standard,0,0,-1,0.0,Normal
2026-01-11T05:00,SYN-VTP-02,VTP,new MSID Pair,0,1,0,9.2,0,0,registration,0,0,120,0,20,priority,1,1,-1,0.0,Normal
2026-01-11T05:00,SYN-VTP-02,VTP,new AMSID Pair,2,2,2,9.1,0,0,registration,1,2,120,0,20,priority,1,0,0,100.0,Normal
2026-01-11T05:00,SYN-VTP-02,VTP,historic resubmission,0,1,2,8.1,0,0,registration,0,0,120,0,20,standard,0,0,-1,0.0,Normal
2026-01-11T05:00,SYN-SUP-01,Supplier,new MSID Pair,0,0,1,11.7,0,0,registration,0,0,120,0,20,priority,1,1,0,0.0,Normal
2026-01-11T05:00,SYN-SUP-01,Supplier,new AMSID Pair,0,0,1,9.9,0,0,registration,0,0,120,0,20,priority,1,0,0,0.0,Normal
2026-01-11T05:00,SYN-SUP-01,Supplier,historic resubmission,0,1,5,12.0,0,0,registration,0,0,120,0,20,standard,0,0,-1,0.0,Normal
2026-01-11T06:00,SYN-VLP-01,VLP,new MSID Pair,4,3,3,10.9,0,0,registration,4,4,120,0,20,priority,1,1,1,0.0,Normal
2026-01-11T06:00,SYN-VLP-01,VLP,new AMSID Pair,1,1,1,8.1,0,0,registration,1,1,120,0,20,priority,1,0,0,0.0,Normal
2026-01-11T06:00,SYN-VLP-01,VLP,historic resubmission,0,0,2,9.9,0,0,registration,0,0,120,0,20,standard,0,0,0,0.0,Normal
2026-01-11T06:00,SYN-VTP-01,VTP,new MSID Pair,1,1,1,8.1,0,0,registration,1,1,120,0,20,priority,1,1,0,0.0,Normal
2026-01-11T06:00,SYN-VTP-01,VTP,new AMSID Pair,2,2,2,8.3,0,0,registration,1,2,120,0,20,priority,1,0,0,100.0,Normal
2026-01-11T06:00,SYN-VTP-01,VTP,historic resubmission,2,1,4,11.0,0,0,registration,0,2,120,0,20,standard,0,0,1,0.0,Normal
2026-01-11T06:00,SYN-AMVLP-01,AMVLP,new MSID Pair,1,1,1,8.8,0,0,registration,0,1,120,0,20,priority,1,1,0,0.0,Normal
2026-01-11T06:00,SYN-AMVLP-01,AMVLP,new AMSID Pair,1,1,2,7.4,0,0,registration,2,1,120,0,20,priority,1,0,0,-50.0,Normal
2026-01-11T06:00,SYN-AMVLP-01,AMVLP,historic resubmission,0,0,2,10.9,0,0,registration,1,0,120,0,20,standard,0,0,0,-100.0,Normal
2026-01-11T06:00,SYN-VLP-02,VLP,new MSID Pair,2,1,2,10.7,0,0,registration,2,2,120,0,20,priority,1,1,1,0.0,Normal
2026-01-11T06:00,SYN-VLP-02,VLP,new AMSID Pair,1,1,1,10.1,0,0,registration,1,1,120,0,20,priority,1,0,0,0.0,Normal
2026-01-11T06:00,SYN-VLP-02,VLP,historic resubmission,1,1,2,10.2,0,0,registration,0,1,120,0,20,standard,0,0,0,0.0,Normal
2026-01-11T06:00,SYN-VTP-02,VTP,new MSID Pair,1,1,0,9.5,0,0,registration,1,1,120,0,20,priority,1,1,0,0.0,Normal
2026-01-11T06:00,SYN-VTP-02,VTP,new AMSID Pair,2,2,2,10.6,0,0,registration,2,2,120,0,20,priority,1,0,0,0.0,Normal
2026-01-11T06:00,SYN-VTP-02,VTP,historic resubmission,3,1,4,7.5,0,0,registration,0,3,120,0,20,standard,0,0,2,0.0,Normal
2026-01-11T06:00,SYN-SUP-01,Supplier,new MSID Pair,1,1,1,9.8,0,0,registration,0,1,120,0,20,priority,1,1,0,0.0,Normal
2026-01-11T06:00,SYN-SUP-01,Supplier,new AMSID Pair,0,1,0,7.4,0,0,registration,0,0,120,0,20,priority,1,0,-1,0.0,Normal
2026-01-11T06:00,SYN-SUP-01,Supplier,historic resubmission,1,1,5,10.1,0,0,registration,1,1,120,0,20,standard,0,0,0,0.0,Normal
2026-01-11T07:00,SYN-VLP-01,VLP,new MSID Pair,3,3,3,9.0,0,0,registration,2,3,120,0,20,priority,1,1,0,50.0,Normal
2026-01-11T07:00,SYN-VLP-01,VLP,new AMSID Pair,0,1,0,8.7,0,0,registration,1,0,120,0,20,priority,1,0,-1,-100.0,Normal
2026-01-11T07:00,SYN-VLP-01,VLP,historic resubmission,0,0,2,8.7,0,0,registration,0,0,120,0,20,standard,0,0,0,0.0,Normal
2026-01-11T07:00,SYN-VTP-01,VTP,new MSID Pair,0,0,1,8.3,0,0,registration,0,0,120,0,20,priority,1,1,0,0.0,Normal
2026-01-11T07:00,SYN-VTP-01,VTP,new AMSID Pair,2,2,2,10.3,0,0,registration,1,2,120,0,20,priority,1,0,0,100.0,Normal
2026-01-11T07:00,SYN-VTP-01,VTP,historic resubmission,1,1,4,9.9,0,0,registration,0,1,120,0,20,standard,0,0,0,0.0,Normal
2026-01-11T07:00,SYN-AMVLP-01,AMVLP,new MSID Pair,1,1,1,8.1,0,0,registration,1,1,120,0,20,priority,1,1,0,0.0,Normal
2026-01-11T07:00,SYN-AMVLP-01,AMVLP,new AMSID Pair,4,3,3,9.0,0,0,registration,3,4,120,0,20,priority,1,0,1,33.33,Normal
2026-01-11T07:00,SYN-AMVLP-01,AMVLP,historic resubmission,1,1,2,9.4,0,0,registration,2,1,120,0,20,standard,0,0,0,-50.0,Normal
2026-01-11T07:00,SYN-VLP-02,VLP,new MSID Pair,2,2,2,9.6,1,1,registration,1,2,120,0,20,priority,1,1,0,100.0,Normal
2026-01-11T07:00,SYN-VLP-02,VLP,new AMSID Pair,1,1,1,11.0,0,0,registration,1,1,120,0,20,priority,1,0,0,0.0,Normal
2026-01-11T07:00,SYN-VLP-02,VLP,historic resubmission,1,1,2,8.1,0,0,registration,1,1,120,0,20,standard,0,0,0,0.0,Normal
2026-01-11T07:00,SYN-VTP-02,VTP,new MSID Pair,1,0,1,9.5,0,0,registration,0,1,120,0,20,priority,1,1,1,0.0,Normal
2026-01-11T07:00,SYN-VTP-02,VTP,new AMSID Pair,1,1,2,10.5,0,0,registration,1,1,120,0,20,priority,1,0,0,0.0,Normal
2026-01-11T07:00,SYN-VTP-02,VTP,historic resubmission,0,1,3,10.4,0,0,registration,1,0,120,0,20,standard,0,0,-1,-100.0,Normal
2026-01-11T07:00,SYN-SUP-01,Supplier,new MSID Pair,1,1,1,7.7,0,0,registration,0,1,120,0,20,priority,1,1,0,0.0,Normal
2026-01-11T07:00,SYN-SUP-01,Supplier,new AMSID Pair,0,0,0,10.1,0,0,registration,1,0,120,0,20,priority,1,0,0,-100.0,Normal
2026-01-11T07:00,SYN-SUP-01,Supplier,historic resubmission,1,1,5,8.4,0,0,registration,2,1,120,0,20,standard,0,0,0,-50.0,Normal
2026-01-11T08:00,SYN-VLP-01,VLP,new MSID Pair,4,4,3,11.6,0,0,registration,2,4,120,0,20,priority,1,1,0,100.0,Normal
2026-01-11T08:00,SYN-VLP-01,VLP,new AMSID Pair,0,0,0,8.2,0,0,registration,1,0,120,0,20,priority,1,0,0,-100.0,Normal
2026-01-11T08:00,SYN-VLP-01,VLP,historic resubmission,0,0,2,8.2,0,0,registration,1,0,120,0,20,standard,0,0,0,-100.0,Normal
2026-01-11T08:00,SYN-VTP-01,VTP,new MSID Pair,0,0,1,10.8,0,0,registration,1,0,120,0,20,priority,1,1,0,-100.0,Normal
2026-01-11T08:00,SYN-VTP-01,VTP,new AMSID Pair,1,2,1,9.4,0,0,registration,2,1,120,0,20,priority,1,0,-1,-50.0,Normal
2026-01-11T08:00,SYN-VTP-01,VTP,historic resubmission,0,1,3,10.2,0,0,registration,1,0,120,0,20,standard,0,0,-1,-100.0,Normal
2026-01-11T08:00,SYN-AMVLP-01,AMVLP,new MSID Pair,0,0,1,8.1,0,0,registration,0,0,120,0,20,priority,1,1,0,0.0,Normal
2026-01-11T08:00,SYN-AMVLP-01,AMVLP,new AMSID Pair,4,4,3,11.1,0,0,registration,2,4,120,0,20,priority,1,0,0,100.0,Normal
2026-01-11T08:00,SYN-AMVLP-01,AMVLP,historic resubmission,0,0,2,10.4,0,0,registration,0,0,120,0,20,standard,0,0,0,0.0,Normal
2026-01-11T08:00,SYN-VLP-02,VLP,new MSID Pair,1,2,1,11.1,0,0,registration,1,1,120,0,20,priority,1,1,-1,0.0,Normal
2026-01-11T08:00,SYN-VLP-02,VLP,new AMSID Pair,0,0,1,9.0,0,0,registration,2,0,120,0,20,priority,1,0,0,-100.0,Normal
2026-01-11T08:00,SYN-VLP-02,VLP,historic resubmission,1,1,2,8.1,0,0,registration,1,1,120,0,20,standard,0,0,0,0.0,Normal
2026-01-11T08:00,SYN-VTP-02,VTP,new MSID Pair,0,0,1,10.9,0,0,registration,1,0,120,0,20,priority,1,1,0,-100.0,Normal
2026-01-11T08:00,SYN-VTP-02,VTP,new AMSID Pair,2,2,2,9.9,0,0,registration,0,2,120,0,20,priority,1,0,0,0.0,Normal
2026-01-11T08:00,SYN-VTP-02,VTP,historic resubmission,1,1,3,9.5,0,0,registration,0,1,120,0,20,standard,0,0,0,0.0,Normal
2026-01-11T08:00,SYN-SUP-01,Supplier,new MSID Pair,0,1,0,9.9,0,0,registration,0,0,120,0,20,priority,1,1,-1,0.0,Normal
2026-01-11T08:00,SYN-SUP-01,Supplier,new AMSID Pair,0,0,0,10.1,0,0,registration,1,0,120,0,20,priority,1,0,0,-100.0,Normal
2026-01-11T08:00,SYN-SUP-01,Supplier,historic resubmission,2,2,5,10.5,1,1,registration,2,2,120,0,20,standard,0,0,0,0.0,Normal
2026-01-11T09:00,SYN-VLP-01,VLP,new MSID Pair,4,3,4,9.5,0,0,registration,3,4,120,0,20,priority,1,1,1,33.33,Normal
2026-01-11T09:00,SYN-VLP-01,VLP,new AMSID Pair,0,0,0,9.1,0,0,registration,0,0,120,0,20,priority,1,0,0,0.0,Normal
2026-01-11T09:00,SYN-VLP-01,VLP,historic resubmission,1,1,2,11.0,0,0,registration,0,1,120,0,20,standard,0,0,0,0.0,Normal
2026-01-11T09:00,SYN-VTP-01,VTP,new MSID Pair,3,2,2,10.2,0,0,registration,0,3,120,0,20,priority,1,1,1,0.0,Normal
2026-01-11T09:00,SYN-VTP-01,VTP,new AMSID Pair,2,1,2,7.8,0,0,registration,1,2,120,0,20,priority,1,0,1,100.0,Normal
2026-01-11T09:00,SYN-VTP-01,VTP,historic resubmission,1,1,3,10.6,0,0,registration,1,1,120,0,20,standard,0,0,0,0.0,Normal
2026-01-11T09:00,SYN-AMVLP-01,AMVLP,new MSID Pair,1,1,1,9.6,0,0,registration,0,1,120,0,20,priority,1,1,0,0.0,Normal
2026-01-11T09:00,SYN-AMVLP-01,AMVLP,new AMSID Pair,4,3,4,10.8,0,0,registration,4,4,120,0,20,priority,1,0,1,0.0,Normal
2026-01-11T09:00,SYN-AMVLP-01,AMVLP,historic resubmission,0,0,2,7.8,0,0,registration,1,0,120,0,20,standard,0,0,0,-100.0,Normal
2026-01-11T09:00,SYN-VLP-02,VLP,new MSID Pair,3,2,2,9.7,0,0,registration,3,3,120,0,20,priority,1,1,1,0.0,Normal
2026-01-11T09:00,SYN-VLP-02,VLP,new AMSID Pair,1,1,1,11.1,0,0,registration,1,1,120,0,20,priority,1,0,0,0.0,Normal
2026-01-11T09:00,SYN-VLP-02,VLP,historic resubmission,1,1,2,10.9,0,0,registration,2,1,120,0,20,standard,0,0,0,-50.0,Normal
2026-01-11T09:00,SYN-VTP-02,VTP,new MSID Pair,2,1,2,9.8,0,0,registration,1,2,120,0,20,priority,1,1,1,100.0,Normal
2026-01-11T09:00,SYN-VTP-02,VTP,new AMSID Pair,3,2,3,7.3,0,0,registration,1,3,120,0,20,priority,1,0,1,200.0,Normal
2026-01-11T09:00,SYN-VTP-02,VTP,historic resubmission,0,0,3,10.8,0,0,registration,0,0,120,0,20,standard,0,0,0,0.0,Normal
2026-01-11T09:00,SYN-SUP-01,Supplier,new MSID Pair,1,0,1,10.0,0,0,registration,1,1,120,0,20,priority,1,1,1,0.0,Normal
2026-01-11T09:00,SYN-SUP-01,Supplier,new AMSID Pair,0,0,0,7.6,0,0,registration,0,0,120,0,20,priority,1,0,0,0.0,Normal
2026-01-11T09:00,SYN-SUP-01,Supplier,historic resubmission,2,1,6,9.6,0,0,registration,2,2,120,0,20,standard,0,0,1,0.0,Normal
2026-01-11T10:00,SYN-VLP-01,VLP,new MSID Pair,5,3,6,10.1,0,0,registration,3,5,120,0,20,priority,1,1,2,66.67,Normal
2026-01-11T10:00,SYN-VLP-01,VLP,new AMSID Pair,1,0,1,8.9,1,1,registration,0,1,120,0,20,priority,1,0,1,0.0,Normal
2026-01-11T10:00,SYN-VLP-01,VLP,historic resubmission,0,0,2,9.5,0,0,registration,2,0,120,0,20,standard,0,0,0,-100.0,Normal
2026-01-11T10:00,SYN-VTP-01,VTP,new MSID Pair,2,2,2,9.0,0,1,registration,1,2,120,0,20,priority,1,1,0,100.0,Normal
2026-01-11T10:00,SYN-VTP-01,VTP,new AMSID Pair,2,2,2,9.9,0,0,registration,1,2,120,0,20,priority,1,0,0,100.0,Normal
2026-01-11T10:00,SYN-VTP-01,VTP,historic resubmission,1,1,3,11.6,0,0,registration,1,1,120,0,20,standard,0,0,0,0.0,Normal
2026-01-11T10:00,SYN-AMVLP-01,AMVLP,new MSID Pair,0,0,1,10.5,0,0,registration,1,0,120,0,20,priority,1,1,0,-100.0,Normal
2026-01-11T10:00,SYN-AMVLP-01,AMVLP,new AMSID Pair,5,3,6,9.9,0,0,registration,3,5,120,0,20,priority,1,0,2,66.67,Normal
2026-01-11T10:00,SYN-AMVLP-01,AMVLP,historic resubmission,2,1,3,10.5,0,0,registration,0,2,120,0,20,standard,0,0,1,0.0,Normal
2026-01-11T10:00,SYN-VLP-02,VLP,new MSID Pair,2,2,2,8.1,0,1,registration,2,2,120,0,20,priority,1,1,0,0.0,Normal
2026-01-11T10:00,SYN-VLP-02,VLP,new AMSID Pair,3,1,3,11.6,0,0,registration,0,3,120,0,20,priority,1,0,2,0.0,Normal
2026-01-11T10:00,SYN-VLP-02,VLP,historic resubmission,0,0,2,10.3,0,0,registration,0,0,120,0,20,standard,0,0,0,0.0,Normal
2026-01-11T10:00,SYN-VTP-02,VTP,new MSID Pair,1,1,2,9.1,1,1,registration,1,1,120,0,20,priority,1,1,0,0.0,Normal
2026-01-11T10:00,SYN-VTP-02,VTP,new AMSID Pair,2,2,3,10.0,0,1,registration,4,2,120,0,20,priority,1,0,0,-50.0,Normal
2026-01-11T10:00,SYN-VTP-02,VTP,historic resubmission,0,1,2,9.7,0,0,registration,1,0,120,0,20,standard,0,0,-1,-100.0,Normal
2026-01-11T10:00,SYN-SUP-01,Supplier,new MSID Pair,0,0,1,12.0,0,0,registration,1,0,120,0,20,priority,1,1,0,-100.0,Normal
2026-01-11T10:00,SYN-SUP-01,Supplier,new AMSID Pair,0,0,0,9.5,0,0,registration,1,0,120,0,20,priority,1,0,0,-100.0,Normal
2026-01-11T10:00,SYN-SUP-01,Supplier,historic resubmission,2,1,7,8.0,0,0,registration,2,2,120,0,20,standard,0,0,1,0.0,Normal
2026-01-11T11:00,SYN-VLP-01,VLP,new MSID Pair,4,3,7,11.9,1,1,registration,3,4,120,0,20,priority,1,1,1,33.33,Normal
2026-01-11T11:00,SYN-VLP-01,VLP,new AMSID Pair,1,1,1,10.5,0,0,registration,1,1,120,0,20,priority,1,0,0,0.0,Normal
2026-01-11T11:00,SYN-VLP-01,VLP,historic resubmission,1,0,3,12.3,0,0,registration,0,1,120,0,20,standard,0,0,1,0.0,Normal
2026-01-11T11:00,SYN-VTP-01,VTP,new MSID Pair,2,1,3,9.6,0,0,registration,2,2,120,0,20,priority,1,1,1,0.0,Normal
2026-01-11T11:00,SYN-VTP-01,VTP,new AMSID Pair,4,2,4,11.8,0,0,registration,2,4,120,0,20,priority,1,0,2,100.0,Normal
2026-01-11T11:00,SYN-VTP-01,VTP,historic resubmission,2,1,4,11.7,0,0,registration,0,2,120,0,20,standard,0,0,1,0.0,Normal
2026-01-11T11:00,SYN-AMVLP-01,AMVLP,new MSID Pair,0,0,1,9.5,0,0,registration,1,0,120,0,20,priority,1,1,0,-100.0,Normal
2026-01-11T11:00,SYN-AMVLP-01,AMVLP,new AMSID Pair,7,4,9,9.6,0,1,registration,4,7,120,0,20,priority,1,0,3,75.0,Normal
2026-01-11T11:00,SYN-AMVLP-01,AMVLP,historic resubmission,0,0,3,12.4,0,0,registration,0,0,120,0,20,standard,0,0,0,0.0,Normal
2026-01-11T11:00,SYN-VLP-02,VLP,new MSID Pair,3,1,4,10.9,0,0,registration,1,3,120,0,20,priority,1,1,2,200.0,Normal
2026-01-11T11:00,SYN-VLP-02,VLP,new AMSID Pair,1,1,3,9.0,0,0,registration,0,1,120,0,20,priority,1,0,0,0.0,Normal
2026-01-11T11:00,SYN-VLP-02,VLP,historic resubmission,2,1,3,9.0,0,0,registration,0,2,120,0,20,standard,0,0,1,0.0,Normal
2026-01-11T11:00,SYN-VTP-02,VTP,new MSID Pair,1,1,2,9.7,0,0,registration,1,1,120,0,20,priority,1,1,0,0.0,Normal
2026-01-11T11:00,SYN-VTP-02,VTP,new AMSID Pair,3,2,4,10.5,0,0,registration,1,3,120,0,20,priority,1,0,1,200.0,Normal
2026-01-11T11:00,SYN-VTP-02,VTP,historic resubmission,2,0,4,10.4,1,2,registration,1,2,120,0,20,standard,0,0,2,100.0,Normal
2026-01-11T11:00,SYN-SUP-01,Supplier,new MSID Pair,1,1,1,12.3,0,0,registration,0,1,120,0,20,priority,1,1,0,0.0,Normal
2026-01-11T11:00,SYN-SUP-01,Supplier,new AMSID Pair,1,0,1,11.2,0,0,registration,0,1,120,0,20,priority,1,0,1,0.0,Normal
2026-01-11T11:00,SYN-SUP-01,Supplier,historic resubmission,2,1,8,9.7,0,0,registration,1,2,120,0,20,standard,0,0,1,100.0,Normal
2026-01-11T12:00,SYN-VLP-01,VLP,new MSID Pair,6,3,10,12.8,0,0,registration,3,6,120,0,20,priority,1,1,3,100.0,Normal
2026-01-11T12:00,SYN-VLP-01,VLP,new AMSID Pair,1,1,1,11.4,0,0,registration,2,1,120,0,20,priority,1,0,0,-50.0,Normal
2026-01-11T12:00,SYN-VLP-01,VLP,historic resubmission,1,0,4,11.6,0,0,registration,0,1,120,0,20,standard,0,0,1,0.0,Normal
2026-01-11T12:00,SYN-VTP-01,VTP,new MSID Pair,2,1,4,10.9,0,0,registration,1,2,120,0,20,priority,1,1,1,100.0,Normal
2026-01-11T12:00,SYN-VTP-01,VTP,new AMSID Pair,3,2,5,12.2,0,0,registration,2,3,120,0,20,priority,1,0,1,50.0,Normal
2026-01-11T12:00,SYN-VTP-01,VTP,historic resubmission,0,0,4,13.3,0,0,registration,1,0,120,0,20,standard,0,0,0,-100.0,Normal
2026-01-11T12:00,SYN-AMVLP-01,AMVLP,new MSID Pair,0,0,1,13.6,0,0,registration,1,0,120,0,20,priority,1,1,0,-100.0,Normal
2026-01-11T12:00,SYN-AMVLP-01,AMVLP,new AMSID Pair,6,4,11,10.1,0,0,registration,2,6,120,0,20,priority,1,0,2,200.0,Normal
2026-01-11T12:00,SYN-AMVLP-01,AMVLP,historic resubmission,1,0,4,12.5,0,0,registration,1,1,120,0,20,standard,0,0,1,0.0,Normal
2026-01-11T12:00,SYN-VLP-02,VLP,new MSID Pair,2,2,4,11.5,0,0,registration,2,2,120,0,20,priority,1,1,0,0.0,Normal
2026-01-11T12:00,SYN-VLP-02,VLP,new AMSID Pair,2,1,4,10.6,0,0,registration,1,2,120,0,20,priority,1,0,1,100.0,Normal
2026-01-11T12:00,SYN-VLP-02,VLP,historic resubmission,0,0,3,13.2,0,0,registration,0,0,120,0,20,standard,0,0,0,0.0,Normal
2026-01-11T12:00,SYN-VTP-02,VTP,new MSID Pair,2,1,3,10.9,0,0,registration,2,2,120,0,20,priority,1,1,1,0.0,Normal
2026-01-11T12:00,SYN-VTP-02,VTP,new AMSID Pair,2,1,5,12.5,0,0,registration,3,2,120,0,20,priority,1,0,1,-33.33,Normal
2026-01-11T12:00,SYN-VTP-02,VTP,historic resubmission,2,1,5,12.0,0,0,registration,1,2,120,0,20,standard,0,0,1,100.0,Normal
2026-01-11T12:00,SYN-SUP-01,Supplier,new MSID Pair,2,1,2,13.4,0,0,registration,0,2,120,0,20,priority,1,1,1,0.0,Normal
2026-01-11T12:00,SYN-SUP-01,Supplier,new AMSID Pair,1,1,1,11.4,0,0,registration,0,1,120,0,20,priority,1,0,0,0.0,Normal
2026-01-11T12:00,SYN-SUP-01,Supplier,historic resubmission,2,1,9,10.3,0,0,registration,1,2,120,0,20,standard,0,0,1,100.0,Normal
2026-01-11T13:00,SYN-VLP-01,VLP,new MSID Pair,6,4,12,13.1,0,0,registration,2,6,120,0,20,priority,1,1,2,200.0,Normal
2026-01-11T13:00,SYN-VLP-01,VLP,new AMSID Pair,1,1,1,12.4,0,0,registration,1,1,120,0,20,priority,1,0,0,0.0,Normal
2026-01-11T13:00,SYN-VLP-01,VLP,historic resubmission,1,1,4,12.3,0,0,registration,0,1,120,0,20,standard,0,0,0,0.0,Normal
2026-01-11T13:00,SYN-VTP-01,VTP,new MSID Pair,1,1,4,12.4,0,0,registration,1,1,120,0,20,priority,1,1,0,0.0,Normal
2026-01-11T13:00,SYN-VTP-01,VTP,new AMSID Pair,2,2,5,12.0,0,0,registration,2,2,120,0,20,priority,1,0,0,0.0,Normal
2026-01-11T13:00,SYN-VTP-01,VTP,historic resubmission,1,1,4,11.0,0,0,registration,1,1,120,0,20,standard,0,0,0,0.0,Normal
2026-01-11T13:00,SYN-AMVLP-01,AMVLP,new MSID Pair,0,0,1,11.7,0,0,registration,0,0,120,0,20,priority,1,1,0,0.0,Normal
2026-01-11T13:00,SYN-AMVLP-01,AMVLP,new AMSID Pair,4,3,12,13.2,0,0,registration,4,4,120,0,20,priority,1,0,1,0.0,Normal
2026-01-11T13:00,SYN-AMVLP-01,AMVLP,historic resubmission,0,0,4,12.5,0,0,registration,0,0,120,0,20,standard,0,0,0,0.0,Normal
2026-01-11T13:00,SYN-VLP-02,VLP,new MSID Pair,2,1,5,12.4,0,0,registration,1,2,120,0,20,priority,1,1,1,100.0,Normal
2026-01-11T13:00,SYN-VLP-02,VLP,new AMSID Pair,1,1,4,14.0,0,1,registration,1,1,120,0,20,priority,1,0,0,0.0,Normal
2026-01-11T13:00,SYN-VLP-02,VLP,historic resubmission,0,0,3,13.2,0,0,registration,1,0,120,0,20,standard,0,0,0,-100.0,Normal
2026-01-11T13:00,SYN-VTP-02,VTP,new MSID Pair,2,1,4,12.9,1,1,registration,0,2,120,0,20,priority,1,1,1,0.0,Normal
2026-01-11T13:00,SYN-VTP-02,VTP,new AMSID Pair,3,2,6,12.4,0,0,registration,2,3,120,0,20,priority,1,0,1,50.0,Normal
2026-01-11T13:00,SYN-VTP-02,VTP,historic resubmission,2,1,6,11.1,0,0,registration,1,2,120,0,20,standard,0,0,1,100.0,Normal
2026-01-11T13:00,SYN-SUP-01,Supplier,new MSID Pair,0,0,2,11.6,0,0,registration,0,0,120,0,20,priority,1,1,0,0.0,Normal
2026-01-11T13:00,SYN-SUP-01,Supplier,new AMSID Pair,1,0,2,11.6,0,0,registration,0,1,120,0,20,priority,1,0,1,0.0,Normal
2026-01-11T13:00,SYN-SUP-01,Supplier,historic resubmission,2,1,10,14.6,0,0,registration,1,2,120,0,20,standard,0,0,1,100.0,Normal
2026-01-11T14:00,SYN-VLP-01,VLP,new MSID Pair,6,4,14,12.7,0,0,registration,3,6,120,0,20,priority,1,1,2,100.0,Normal
2026-01-11T14:00,SYN-VLP-01,VLP,new AMSID Pair,1,0,2,14.1,0,0,registration,1,1,120,0,20,priority,1,0,1,0.0,Normal
2026-01-11T14:00,SYN-VLP-01,VLP,historic resubmission,1,1,4,12.3,0,0,registration,0,1,120,0,20,standard,0,0,0,0.0,Normal
2026-01-11T14:00,SYN-VTP-01,VTP,new MSID Pair,2,1,5,12.1,0,0,registration,1,2,120,0,20,priority,1,1,1,100.0,Normal
2026-01-11T14:00,SYN-VTP-01,VTP,new AMSID Pair,4,2,7,12.9,1,2,registration,2,4,120,0,20,priority,1,0,2,100.0,Normal
2026-01-11T14:00,SYN-VTP-01,VTP,historic resubmission,1,0,5,12.6,0,0,registration,0,1,120,0,20,standard,0,0,1,0.0,Normal
2026-01-11T14:00,SYN-AMVLP-01,AMVLP,new MSID Pair,0,0,1,13.5,0,0,registration,0,0,120,0,20,priority,1,1,0,0.0,Normal
2026-01-11T14:00,SYN-AMVLP-01,AMVLP,new AMSID Pair,6,4,14,13.5,0,0,registration,3,6,120,0,20,priority,1,0,2,100.0,Normal
2026-01-11T14:00,SYN-AMVLP-01,AMVLP,historic resubmission,1,0,5,12.3,0,0,registration,0,1,120,0,20,standard,0,0,1,0.0,Normal
2026-01-11T14:00,SYN-VLP-02,VLP,new MSID Pair,3,2,6,12.8,0,0,registration,2,3,120,0,20,priority,1,1,1,50.0,Normal
2026-01-11T14:00,SYN-VLP-02,VLP,new AMSID Pair,1,1,4,13.4,0,0,registration,1,1,120,0,20,priority,1,0,0,0.0,Normal
2026-01-11T14:00,SYN-VLP-02,VLP,historic resubmission,0,0,3,13.0,0,0,registration,0,0,120,0,20,standard,0,0,0,0.0,Normal
2026-01-11T14:00,SYN-VTP-02,VTP,new MSID Pair,2,1,5,12.1,0,1,registration,0,2,120,0,20,priority,1,1,1,0.0,Normal
2026-01-11T14:00,SYN-VTP-02,VTP,new AMSID Pair,3,2,7,14.9,0,0,registration,2,3,120,0,20,priority,1,0,1,50.0,Normal
2026-01-11T14:00,SYN-VTP-02,VTP,historic resubmission,1,1,6,15.0,0,0,registration,0,1,120,0,20,standard,0,0,0,0.0,Normal
2026-01-11T14:00,SYN-SUP-01,Supplier,new MSID Pair,0,0,2,11.9,0,0,registration,2,0,120,0,20,priority,1,1,0,-100.0,Normal
2026-01-11T14:00,SYN-SUP-01,Supplier,new AMSID Pair,0,0,2,15.4,0,0,registration,0,0,120,0,20,priority,1,0,0,0.0,Normal
2026-01-11T14:00,SYN-SUP-01,Supplier,historic resubmission,2,1,11,15.5,0,0,registration,1,2,120,0,20,standard,0,0,1,100.0,Normal
2026-01-11T15:00,SYN-VLP-01,VLP,new MSID Pair,5,3,16,13.4,1,1,registration,2,5,120,0,20,priority,1,1,2,150.0,Normal
2026-01-11T15:00,SYN-VLP-01,VLP,new AMSID Pair,2,1,3,15.1,0,0,registration,0,2,120,0,20,priority,1,0,1,0.0,Normal
2026-01-11T15:00,SYN-VLP-01,VLP,historic resubmission,0,0,4,15.1,0,0,registration,1,0,120,0,20,standard,0,0,0,-100.0,Normal
2026-01-11T15:00,SYN-VTP-01,VTP,new MSID Pair,1,1,5,12.9,0,0,registration,1,1,120,0,20,priority,1,1,0,0.0,Normal
2026-01-11T15:00,SYN-VTP-01,VTP,new AMSID Pair,3,2,8,14.3,0,0,registration,3,3,120,0,20,priority,1,0,1,0.0,Normal
2026-01-11T15:00,SYN-VTP-01,VTP,historic resubmission,0,1,4,15.2,0,0,registration,0,0,120,0,20,standard,0,0,-1,0.0,Normal
2026-01-11T15:00,SYN-AMVLP-01,AMVLP,new MSID Pair,0,0,1,14.8,0,0,registration,0,0,120,0,20,priority,1,1,0,0.0,Normal
2026-01-11T15:00,SYN-AMVLP-01,AMVLP,new AMSID Pair,5,3,16,14.5,0,0,registration,4,5,120,0,20,priority,1,0,2,25.0,Normal
2026-01-11T15:00,SYN-AMVLP-01,AMVLP,historic resubmission,2,1,6,13.4,0,0,registration,1,2,120,0,20,standard,0,0,1,100.0,Normal
2026-01-11T15:00,SYN-VLP-02,VLP,new MSID Pair,3,2,7,15.1,0,0,registration,2,3,120,0,20,priority,1,1,1,50.0,Normal
2026-01-11T15:00,SYN-VLP-02,VLP,new AMSID Pair,2,1,5,12.9,0,0,registration,1,2,120,0,20,priority,1,0,1,100.0,Normal
2026-01-11T15:00,SYN-VLP-02,VLP,historic resubmission,0,0,3,13.6,0,0,registration,1,0,120,0,20,standard,0,0,0,-100.0,Normal
2026-01-11T15:00,SYN-VTP-02,VTP,new MSID Pair,2,1,6,16.0,0,0,registration,1,2,120,0,20,priority,1,1,1,100.0,Normal
2026-01-11T15:00,SYN-VTP-02,VTP,new AMSID Pair,2,2,7,15.2,0,0,registration,1,2,120,0,20,priority,1,0,0,100.0,Normal
2026-01-11T15:00,SYN-VTP-02,VTP,historic resubmission,1,1,6,15.6,0,0,registration,0,1,120,0,20,standard,0,0,0,0.0,Normal
2026-01-11T15:00,SYN-SUP-01,Supplier,new MSID Pair,0,0,2,13.8,0,0,registration,1,0,120,0,20,priority,1,1,0,-100.0,Normal
2026-01-11T15:00,SYN-SUP-01,Supplier,new AMSID Pair,0,0,2,15.6,0,0,registration,0,0,120,0,20,priority,1,0,0,0.0,Normal
2026-01-11T15:00,SYN-SUP-01,Supplier,historic resubmission,2,1,12,14.0,0,0,registration,2,2,120,0,20,standard,0,0,1,0.0,Normal
2026-01-11T16:00,SYN-VLP-01,VLP,new MSID Pair,5,4,17,16.0,0,0,registration,4,5,120,0,20,priority,1,1,1,25.0,Normal
2026-01-11T16:00,SYN-VLP-01,VLP,new AMSID Pair,1,1,3,15.5,0,0,registration,1,1,120,0,20,priority,1,0,0,0.0,Normal
2026-01-11T16:00,SYN-VLP-01,VLP,historic resubmission,0,0,4,16.8,0,0,registration,1,0,120,0,20,standard,0,0,0,-100.0,Normal
2026-01-11T16:00,SYN-VTP-01,VTP,new MSID Pair,2,1,6,14.9,0,0,registration,1,2,120,0,20,priority,1,1,1,100.0,Normal
2026-01-11T16:00,SYN-VTP-01,VTP,new AMSID Pair,2,2,8,16.3,0,0,registration,1,2,120,0,20,priority,1,0,0,100.0,Normal
2026-01-11T16:00,SYN-VTP-01,VTP,historic resubmission,0,0,4,14.6,0,0,registration,1,0,120,0,20,standard,0,0,0,-100.0,Normal
2026-01-11T16:00,SYN-AMVLP-01,AMVLP,new MSID Pair,0,0,1,15.2,0,0,registration,0,0,120,0,20,priority,1,1,0,0.0,Normal
2026-01-11T16:00,SYN-AMVLP-01,AMVLP,new AMSID Pair,5,4,17,13.6,1,1,registration,5,5,120,0,20,priority,1,0,1,0.0,Normal
2026-01-11T16:00,SYN-AMVLP-01,AMVLP,historic resubmission,0,0,6,14.5,0,0,registration,0,0,120,0,20,standard,0,0,0,0.0,Normal
2026-01-11T16:00,SYN-VLP-02,VLP,new MSID Pair,3,2,8,16.6,0,1,registration,2,3,120,0,20,priority,1,1,1,50.0,Normal
2026-01-11T16:00,SYN-VLP-02,VLP,new AMSID Pair,1,1,5,15.0,0,0,registration,0,1,120,0,20,priority,1,0,0,0.0,Normal
2026-01-11T16:00,SYN-VLP-02,VLP,historic resubmission,0,0,3,15.2,0,0,registration,0,0,120,0,20,standard,0,0,0,0.0,Normal
2026-01-11T16:00,SYN-VTP-02,VTP,new MSID Pair,2,1,7,14.3,0,0,registration,0,2,120,0,20,priority,1,1,1,0.0,Normal
2026-01-11T16:00,SYN-VTP-02,VTP,new AMSID Pair,3,2,8,14.7,0,0,registration,3,3,120,0,20,priority,1,0,1,0.0,Normal
2026-01-11T16:00,SYN-VTP-02,VTP,historic resubmission,2,1,7,14.7,0,0,registration,1,2,120,0,20,standard,0,0,1,100.0,Normal
2026-01-11T16:00,SYN-SUP-01,Supplier,new MSID Pair,1,0,3,15.0,0,0,registration,1,1,120,0,20,priority,1,1,1,0.0,Normal
2026-01-11T16:00,SYN-SUP-01,Supplier,new AMSID Pair,0,0,2,14.5,0,0,registration,1,0,120,0,20,priority,1,0,0,-100.0,Normal
2026-01-11T16:00,SYN-SUP-01,Supplier,historic resubmission,0,1,11,14.0,0,0,registration,2,0,120,0,20,standard,0,0,-1,-100.0,Normal
2026-01-11T17:00,SYN-VLP-01,VLP,new MSID Pair,4,3,18,16.6,0,0,registration,2,4,120,0,20,priority,1,1,1,100.0,Normal
2026-01-11T17:00,SYN-VLP-01,VLP,new AMSID Pair,0,1,2,15.2,0,0,registration,0,0,120,0,20,priority,1,0,-1,0.0,Normal
2026-01-11T17:00,SYN-VLP-01,VLP,historic resubmission,2,0,6,18.0,0,0,registration,0,2,120,0,20,standard,0,0,2,0.0,Normal
2026-01-11T17:00,SYN-VTP-01,VTP,new MSID Pair,3,1,8,16.2,0,0,registration,2,3,120,0,20,priority,1,1,2,50.0,Normal
2026-01-11T17:00,SYN-VTP-01,VTP,new AMSID Pair,3,2,9,17.5,0,0,registration,1,3,120,0,20,priority,1,0,1,200.0,Normal
2026-01-11T17:00,SYN-VTP-01,VTP,historic resubmission,0,0,4,14.7,0,0,registration,0,0,120,0,20,standard,0,0,0,0.0,Normal
2026-01-11T17:00,SYN-AMVLP-01,AMVLP,new MSID Pair,1,0,2,16.5,0,0,registration,1,1,120,0,20,priority,1,1,1,0.0,Normal
2026-01-11T17:00,SYN-AMVLP-01,AMVLP,new AMSID Pair,4,3,18,17.0,0,0,registration,2,4,120,0,20,priority,1,0,1,100.0,Normal
2026-01-11T17:00,SYN-AMVLP-01,AMVLP,historic resubmission,0,0,6,15.8,0,0,registration,1,0,120,0,20,standard,0,0,0,-100.0,Normal
2026-01-11T17:00,SYN-VLP-02,VLP,new MSID Pair,2,2,8,15.2,0,0,registration,2,2,120,0,20,priority,1,1,0,0.0,Normal
2026-01-11T17:00,SYN-VLP-02,VLP,new AMSID Pair,2,1,6,16.7,0,0,registration,1,2,120,0,20,priority,1,0,1,100.0,Normal
2026-01-11T17:00,SYN-VLP-02,VLP,historic resubmission,0,0,3,14.9,0,0,registration,0,0,120,0,20,standard,0,0,0,0.0,Normal
2026-01-11T17:00,SYN-VTP-02,VTP,new MSID Pair,0,1,6,17.3,0,0,registration,1,0,120,0,20,priority,1,1,-1,-100.0,Normal
2026-01-11T17:00,SYN-VTP-02,VTP,new AMSID Pair,2,2,8,16.6,0,0,registration,2,2,120,0,20,priority,1,0,0,0.0,Normal
2026-01-11T17:00,SYN-VTP-02,VTP,historic resubmission,0,1,6,15.0,0,0,registration,1,0,120,0,20,standard,0,0,-1,-100.0,Normal
2026-01-11T17:00,SYN-SUP-01,Supplier,new MSID Pair,0,1,2,18.0,0,0,registration,0,0,120,0,20,priority,1,1,-1,0.0,Normal
2026-01-11T17:00,SYN-SUP-01,Supplier,new AMSID Pair,1,1,2,14.6,0,0,registration,1,1,120,0,20,priority,1,0,0,0.0,Normal
2026-01-11T17:00,SYN-SUP-01,Supplier,historic resubmission,1,1,11,16.0,0,0,registration,1,1,120,0,20,standard,0,0,0,0.0,Normal
2026-01-11T18:00,SYN-VLP-01,VLP,new MSID Pair,3,3,18,16.5,0,0,registration,1,3,120,0,20,priority,1,1,0,200.0,Normal
2026-01-11T18:00,SYN-VLP-01,VLP,new AMSID Pair,2,1,3,16.9,0,0,registration,0,2,120,0,20,priority,1,0,1,0.0,Normal
2026-01-11T18:00,SYN-VLP-01,VLP,historic resubmission,1,1,6,17.2,0,0,registration,0,1,120,0,20,standard,0,0,0,0.0,Normal
2026-01-11T18:00,SYN-VTP-01,VTP,new MSID Pair,2,2,8,16.3,0,0,registration,2,2,120,0,20,priority,1,1,0,0.0,Normal
2026-01-11T18:00,SYN-VTP-01,VTP,new AMSID Pair,2,2,9,16.2,0,0,registration,1,2,120,0,20,priority,1,0,0,100.0,Normal
2026-01-11T18:00,SYN-VTP-01,VTP,historic resubmission,1,0,5,18.1,0,0,registration,0,1,120,0,20,standard,0,0,1,0.0,Normal
2026-01-11T18:00,SYN-AMVLP-01,AMVLP,new MSID Pair,1,1,2,16.1,0,0,registration,2,1,120,0,20,priority,1,1,0,-50.0,Normal
2026-01-11T18:00,SYN-AMVLP-01,AMVLP,new AMSID Pair,2,3,17,17.9,0,0,registration,2,2,120,0,20,priority,1,0,-1,0.0,Normal
2026-01-11T18:00,SYN-AMVLP-01,AMVLP,historic resubmission,1,1,6,14.8,0,0,registration,1,1,120,0,20,standard,0,0,0,0.0,Normal
2026-01-11T18:00,SYN-VLP-02,VLP,new MSID Pair,1,2,7,15.3,0,0,registration,1,1,120,0,20,priority,1,1,-1,0.0,Normal
2026-01-11T18:00,SYN-VLP-02,VLP,new AMSID Pair,1,1,6,18.2,0,0,registration,1,1,120,0,20,priority,1,0,0,0.0,Normal
2026-01-11T18:00,SYN-VLP-02,VLP,historic resubmission,1,0,4,16.8,1,1,registration,0,1,120,0,20,standard,0,0,1,0.0,Normal
2026-01-11T18:00,SYN-VTP-02,VTP,new MSID Pair,1,1,6,17.8,0,0,registration,0,1,120,0,20,priority,1,1,0,0.0,Normal
2026-01-11T18:00,SYN-VTP-02,VTP,new AMSID Pair,1,1,8,17.1,0,0,registration,2,1,120,0,20,priority,1,0,0,-50.0,Normal
2026-01-11T18:00,SYN-VTP-02,VTP,historic resubmission,0,0,6,14.6,0,0,registration,0,0,120,0,20,standard,0,0,0,0.0,Normal
2026-01-11T18:00,SYN-SUP-01,Supplier,new MSID Pair,0,0,2,16.4,0,0,registration,1,0,120,0,20,priority,1,1,0,-100.0,Normal
2026-01-11T18:00,SYN-SUP-01,Supplier,new AMSID Pair,0,0,2,16.1,0,0,registration,0,0,120,0,20,priority,1,0,0,0.0,Normal
2026-01-11T18:00,SYN-SUP-01,Supplier,historic resubmission,2,1,12,17.6,0,0,registration,2,2,120,0,20,standard,0,0,1,0.0,Normal
2026-01-11T19:00,SYN-VLP-01,VLP,new MSID Pair,2,3,17,15.6,0,0,registration,2,2,120,0,20,priority,1,1,-1,0.0,Normal
2026-01-11T19:00,SYN-VLP-01,VLP,new AMSID Pair,1,1,3,17.8,0,0,registration,0,1,120,0,20,priority,1,0,0,0.0,Normal
2026-01-11T19:00,SYN-VLP-01,VLP,historic resubmission,0,0,6,18.4,0,0,registration,1,0,120,0,20,standard,0,0,0,-100.0,Normal
2026-01-11T19:00,SYN-VTP-01,VTP,new MSID Pair,1,2,7,15.2,0,0,registration,1,1,120,0,20,priority,1,1,-1,0.0,Normal
2026-01-11T19:00,SYN-VTP-01,VTP,new AMSID Pair,2,2,9,16.3,0,0,registration,2,2,120,0,20,priority,1,0,0,0.0,Normal
2026-01-11T19:00,SYN-VTP-01,VTP,historic resubmission,0,0,5,16.2,0,0,registration,1,0,120,0,20,standard,0,0,0,-100.0,Normal
2026-01-11T19:00,SYN-AMVLP-01,AMVLP,new MSID Pair,0,0,2,16.4,0,0,registration,0,0,120,0,20,priority,1,1,0,0.0,Normal
2026-01-11T19:00,SYN-AMVLP-01,AMVLP,new AMSID Pair,3,3,17,16.8,0,0,registration,3,3,120,0,20,priority,1,0,0,0.0,Normal
2026-01-11T19:00,SYN-AMVLP-01,AMVLP,historic resubmission,0,0,6,15.4,0,0,registration,1,0,120,0,20,standard,0,0,0,-100.0,Normal
2026-01-11T19:00,SYN-VLP-02,VLP,new MSID Pair,3,2,8,16.9,0,0,registration,2,3,120,0,20,priority,1,1,1,50.0,Normal
2026-01-11T19:00,SYN-VLP-02,VLP,new AMSID Pair,1,1,6,15.7,0,0,registration,1,1,120,0,20,priority,1,0,0,0.0,Normal
2026-01-11T19:00,SYN-VLP-02,VLP,historic resubmission,0,0,4,16.2,0,0,registration,1,0,120,0,20,standard,0,0,0,-100.0,Normal
2026-01-11T19:00,SYN-VTP-02,VTP,new MSID Pair,1,1,6,15.5,0,0,registration,1,1,120,0,20,priority,1,1,0,0.0,Normal
2026-01-11T19:00,SYN-VTP-02,VTP,new AMSID Pair,1,2,7,16.8,0,0,registration,2,1,120,0,20,priority,1,0,-1,-50.0,Normal
2026-01-11T19:00,SYN-VTP-02,VTP,historic resubmission,1,1,6,17.4,0,0,registration,0,1,120,0,20,standard,0,0,0,0.0,Normal
2026-01-11T19:00,SYN-SUP-01,Supplier,new MSID Pair,1,1,2,17.0,0,0,registration,1,1,120,0,20,priority,1,1,0,0.0,Normal
2026-01-11T19:00,SYN-SUP-01,Supplier,new AMSID Pair,0,0,2,16.8,0,0,registration,0,0,120,0,20,priority,1,0,0,0.0,Normal
2026-01-11T19:00,SYN-SUP-01,Supplier,historic resubmission,1,1,12,16.6,0,0,registration,1,1,120,0,20,standard,0,0,0,0.0,Normal
2026-01-11T20:00,SYN-VLP-01,VLP,new MSID Pair,3,3,17,16.2,0,0,registration,2,3,120,0,20,priority,1,1,0,50.0,Normal
2026-01-11T20:00,SYN-VLP-01,VLP,new AMSID Pair,1,1,3,16.8,0,0,registration,0,1,120,0,20,priority,1,0,0,0.0,Normal
2026-01-11T20:00,SYN-VLP-01,VLP,historic resubmission,0,0,6,14.5,0,0,registration,0,0,120,0,20,standard,0,0,0,0.0,Normal
2026-01-11T20:00,SYN-VTP-01,VTP,new MSID Pair,1,1,7,18.2,0,1,registration,0,1,120,0,20,priority,1,1,0,0.0,Normal
2026-01-11T20:00,SYN-VTP-01,VTP,new AMSID Pair,1,2,8,18.0,0,0,registration,1,1,120,0,20,priority,1,0,-1,0.0,Normal
2026-01-11T20:00,SYN-VTP-01,VTP,historic resubmission,1,0,6,16.7,0,0,registration,1,1,120,0,20,standard,0,0,1,0.0,Normal
2026-01-11T20:00,SYN-AMVLP-01,AMVLP,new MSID Pair,0,0,2,14.6,0,0,registration,0,0,120,0,20,priority,1,1,0,0.0,Normal
2026-01-11T20:00,SYN-AMVLP-01,AMVLP,new AMSID Pair,4,4,17,17.6,0,0,registration,3,4,120,0,20,priority,1,0,0,33.33,Normal
2026-01-11T20:00,SYN-AMVLP-01,AMVLP,historic resubmission,1,1,6,15.0,0,0,registration,0,1,120,0,20,standard,0,0,0,0.0,Normal
2026-01-11T20:00,SYN-VLP-02,VLP,new MSID Pair,2,2,8,15.2,0,0,registration,2,2,120,0,20,priority,1,1,0,0.0,Normal
2026-01-11T20:00,SYN-VLP-02,VLP,new AMSID Pair,1,1,6,15.2,0,0,registration,1,1,120,0,20,priority,1,0,0,0.0,Normal
2026-01-11T20:00,SYN-VLP-02,VLP,historic resubmission,0,0,4,18.0,0,0,registration,0,0,120,0,20,standard,0,0,0,0.0,Normal
2026-01-11T20:00,SYN-VTP-02,VTP,new MSID Pair,0,1,5,16.6,0,0,registration,0,0,120,0,20,priority,1,1,-1,0.0,Normal
2026-01-11T20:00,SYN-VTP-02,VTP,new AMSID Pair,2,2,7,16.9,0,0,registration,2,2,120,0,20,priority,1,0,0,0.0,Normal
2026-01-11T20:00,SYN-VTP-02,VTP,historic resubmission,0,0,6,14.8,0,0,registration,1,0,120,0,20,standard,0,0,0,-100.0,Normal
2026-01-11T20:00,SYN-SUP-01,Supplier,new MSID Pair,0,0,2,17.9,0,0,registration,0,0,120,0,20,priority,1,1,0,0.0,Normal
2026-01-11T20:00,SYN-SUP-01,Supplier,new AMSID Pair,1,1,2,18.1,0,0,registration,0,1,120,0,20,priority,1,0,0,0.0,Normal
2026-01-11T20:00,SYN-SUP-01,Supplier,historic resubmission,1,1,12,14.4,0,0,registration,1,1,120,0,20,standard,0,0,0,0.0,Normal
2026-01-11T21:00,SYN-VLP-01,VLP,new MSID Pair,3,3,17,16.2,0,0,registration,2,3,120,0,20,priority,1,1,0,50.0,Normal
2026-01-11T21:00,SYN-VLP-01,VLP,new AMSID Pair,0,1,2,15.2,0,0,registration,1,0,120,0,20,priority,1,0,-1,-100.0,Normal
2026-01-11T21:00,SYN-VLP-01,VLP,historic resubmission,1,1,6,16.5,0,0,registration,0,1,120,0,20,standard,0,0,0,0.0,Normal
2026-01-11T21:00,SYN-VTP-01,VTP,new MSID Pair,2,2,7,18.2,0,0,registration,0,2,120,0,20,priority,1,1,0,0.0,Normal
2026-01-11T21:00,SYN-VTP-01,VTP,new AMSID Pair,0,1,7,14.5,0,0,registration,0,0,120,0,20,priority,1,0,-1,0.0,Normal
2026-01-11T21:00,SYN-VTP-01,VTP,historic resubmission,0,0,6,16.0,0,0,registration,2,0,120,0,20,standard,0,0,0,-100.0,Normal
2026-01-11T21:00,SYN-AMVLP-01,AMVLP,new MSID Pair,0,0,2,16.1,0,0,registration,0,0,120,0,20,priority,1,1,0,0.0,Normal
2026-01-11T21:00,SYN-AMVLP-01,AMVLP,new AMSID Pair,2,3,16,16.9,0,0,registration,1,2,120,0,20,priority,1,0,-1,100.0,Normal
2026-01-11T21:00,SYN-AMVLP-01,AMVLP,historic resubmission,1,1,6,17.0,0,0,registration,0,1,120,0,20,standard,0,0,0,0.0,Normal
2026-01-11T21:00,SYN-VLP-02,VLP,new MSID Pair,2,2,8,16.0,0,0,registration,1,2,120,0,20,priority,1,1,0,100.0,Normal
2026-01-11T21:00,SYN-VLP-02,VLP,new AMSID Pair,0,1,5,14.4,0,0,registration,0,0,120,0,20,priority,1,0,-1,0.0,Normal
2026-01-11T21:00,SYN-VLP-02,VLP,historic resubmission,0,0,4,15.9,0,0,registration,0,0,120,0,20,standard,0,0,0,0.0,Normal
2026-01-11T21:00,SYN-VTP-02,VTP,new MSID Pair,0,1,4,18.2,0,0,registration,2,0,120,0,20,priority,1,1,-1,-100.0,Normal
2026-01-11T21:00,SYN-VTP-02,VTP,new AMSID Pair,1,1,7,15.1,0,0,registration,0,1,120,0,20,priority,1,0,0,0.0,Normal
2026-01-11T21:00,SYN-VTP-02,VTP,historic resubmission,1,1,6,16.1,0,0,registration,1,1,120,0,20,standard,0,0,0,0.0,Normal
2026-01-11T21:00,SYN-SUP-01,Supplier,new MSID Pair,0,0,2,15.0,0,0,registration,1,0,120,0,20,priority,1,1,0,-100.0,Normal
2026-01-11T21:00,SYN-SUP-01,Supplier,new AMSID Pair,1,1,2,15.3,0,0,registration,1,1,120,0,20,priority,1,0,0,0.0,Normal
2026-01-11T21:00,SYN-SUP-01,Supplier,historic resubmission,2,1,13,18.2,0,0,registration,0,2,120,0,20,standard,0,0,1,0.0,Normal
2026-01-11T22:00,SYN-VLP-01,VLP,new MSID Pair,2,3,16,17.1,0,0,registration,2,2,120,0,20,priority,1,1,-1,0.0,Normal
2026-01-11T22:00,SYN-VLP-01,VLP,new AMSID Pair,0,0,2,17.9,0,0,registration,0,0,120,0,20,priority,1,0,0,0.0,Normal
2026-01-11T22:00,SYN-VLP-01,VLP,historic resubmission,0,1,5,15.1,0,0,registration,0,0,120,0,20,standard,0,0,-1,0.0,Normal
2026-01-11T22:00,SYN-VTP-01,VTP,new MSID Pair,1,1,7,16.2,0,0,registration,0,1,120,0,20,priority,1,1,0,0.0,Normal
2026-01-11T22:00,SYN-VTP-01,VTP,new AMSID Pair,1,1,7,17.6,0,0,registration,1,1,120,0,20,priority,1,0,0,0.0,Normal
2026-01-11T22:00,SYN-VTP-01,VTP,historic resubmission,0,1,5,16.1,0,0,registration,1,0,120,0,20,standard,0,0,-1,-100.0,Normal
2026-01-11T22:00,SYN-AMVLP-01,AMVLP,new MSID Pair,0,0,2,16.6,0,0,registration,1,0,120,0,20,priority,1,1,0,-100.0,Normal
2026-01-11T22:00,SYN-AMVLP-01,AMVLP,new AMSID Pair,3,3,16,14.3,1,1,registration,2,3,120,0,20,priority,1,0,0,50.0,Normal
2026-01-11T22:00,SYN-AMVLP-01,AMVLP,historic resubmission,0,1,5,17.1,0,0,registration,0,0,120,0,20,standard,0,0,-1,0.0,Normal
2026-01-11T22:00,SYN-VLP-02,VLP,new MSID Pair,3,2,9,15.3,0,0,registration,0,3,120,0,20,priority,1,1,1,0.0,Normal
2026-01-11T22:00,SYN-VLP-02,VLP,new AMSID Pair,0,1,4,15.2,0,0,registration,2,0,120,0,20,priority,1,0,-1,-100.0,Normal
2026-01-11T22:00,SYN-VLP-02,VLP,historic resubmission,0,0,4,16.3,0,0,registration,0,0,120,0,20,standard,0,0,0,0.0,Normal
2026-01-11T22:00,SYN-VTP-02,VTP,new MSID Pair,1,1,4,16.2,0,0,registration,0,1,120,0,20,priority,1,1,0,0.0,Normal
2026-01-11T22:00,SYN-VTP-02,VTP,new AMSID Pair,2,2,7,14.3,0,0,registration,1,2,120,0,20,priority,1,0,0,100.0,Normal
2026-01-11T22:00,SYN-VTP-02,VTP,historic resubmission,1,1,6,15.4,0,0,registration,0,1,120,0,20,standard,0,0,0,0.0,Normal
2026-01-11T22:00,SYN-SUP-01,Supplier,new MSID Pair,1,1,2,14.5,0,0,registration,1,1,120,0,20,priority,1,1,0,0.0,Normal
2026-01-11T22:00,SYN-SUP-01,Supplier,new AMSID Pair,0,0,2,16.0,0,0,registration,1,0,120,0,20,priority,1,0,0,-100.0,Normal
2026-01-11T22:00,SYN-SUP-01,Supplier,historic resubmission,2,1,14,16.4,0,0,registration,2,2,120,0,20,standard,0,0,1,0.0,Normal
2026-01-11T23:00,SYN-VLP-01,VLP,new MSID Pair,3,4,15,17.1,0,0,registration,1,3,120,0,20,priority,1,1,-1,200.0,Normal
2026-01-11T23:00,SYN-VLP-01,VLP,new AMSID Pair,0,0,2,15.0,0,0,registration,0,0,120,0,20,priority,1,0,0,0.0,Normal
2026-01-11T23:00,SYN-VLP-01,VLP,historic resubmission,0,1,4,15.6,0,0,registration,0,0,120,0,20,standard,0,0,-1,0.0,Normal
2026-01-11T23:00,SYN-VTP-01,VTP,new MSID Pair,0,1,6,17.0,0,0,registration,1,0,120,0,20,priority,1,1,-1,-100.0,Normal
2026-01-11T23:00,SYN-VTP-01,VTP,new AMSID Pair,1,2,6,14.1,0,0,registration,1,1,120,0,20,priority,1,0,-1,0.0,Normal
2026-01-11T23:00,SYN-VTP-01,VTP,historic resubmission,0,0,5,14.7,0,0,registration,0,0,120,0,20,standard,0,0,0,0.0,Normal
2026-01-11T23:00,SYN-AMVLP-01,AMVLP,new MSID Pair,0,0,2,15.0,0,0,registration,0,0,120,0,20,priority,1,1,0,0.0,Normal
2026-01-11T23:00,SYN-AMVLP-01,AMVLP,new AMSID Pair,2,3,15,14.9,0,0,registration,1,2,120,0,20,priority,1,0,-1,100.0,Normal
2026-01-11T23:00,SYN-AMVLP-01,AMVLP,historic resubmission,0,0,5,14.8,0,0,registration,1,0,120,0,20,standard,0,0,0,-100.0,Normal
2026-01-11T23:00,SYN-VLP-02,VLP,new MSID Pair,1,2,8,17.8,0,0,registration,1,1,120,0,20,priority,1,1,-1,0.0,Normal
2026-01-11T23:00,SYN-VLP-02,VLP,new AMSID Pair,0,1,3,17.5,0,0,registration,1,0,120,0,20,priority,1,0,-1,-100.0,Normal
2026-01-11T23:00,SYN-VLP-02,VLP,historic resubmission,0,0,4,16.1,0,0,registration,0,0,120,0,20,standard,0,0,0,0.0,Normal
2026-01-11T23:00,SYN-VTP-02,VTP,new MSID Pair,1,1,4,15.0,0,0,registration,1,1,120,0,20,priority,1,1,0,0.0,Normal
2026-01-11T23:00,SYN-VTP-02,VTP,new AMSID Pair,1,2,6,16.1,0,0,registration,1,1,120,0,20,priority,1,0,-1,0.0,Normal
2026-01-11T23:00,SYN-VTP-02,VTP,historic resubmission,0,1,5,14.6,0,0,registration,0,0,120,0,20,standard,0,0,-1,0.0,Normal
2026-01-11T23:00,SYN-SUP-01,Supplier,new MSID Pair,1,1,2,15.1,0,0,registration,1,1,120,0,20,priority,1,1,0,0.0,Normal
2026-01-11T23:00,SYN-SUP-01,Supplier,new AMSID Pair,0,0,2,16.2,0,0,registration,0,0,120,0,20,priority,1,0,0,0.0,Normal
2026-01-11T23:00,SYN-SUP-01,Supplier,historic resubmission,1,1,14,15.9,0,0,registration,1,1,120,0,20,standard,0,0,0,0.0,Normal
2026-01-12T00:00,SYN-VLP-01,VLP,new MSID Pair,2,3,14,16.3,0,0,registration,1,2,120,0,20,priority,1,1,-1,100.0,Normal
2026-01-12T00:00,SYN-VLP-01,VLP,new AMSID Pair,1,1,2,16.5,0,0,registration,0,1,120,0,20,priority,1,0,0,0.0,Normal
2026-01-12T00:00,SYN-VLP-01,VLP,historic resubmission,0,0,4,14.8,0,0,registration,0,0,120,0,20,standard,0,0,0,0.0,Normal
2026-01-12T00:00,SYN-VTP-01,VTP,new MSID Pair,1,1,6,16.9,0,0,registration,1,1,120,0,20,priority,1,1,0,0.0,Normal
2026-01-12T00:00,SYN-VTP-01,VTP,new AMSID Pair,1,1,6,16.0,0,0,registration,0,1,120,0,20,priority,1,0,0,0.0,Normal
2026-01-12T00:00,SYN-VTP-01,VTP,historic resubmission,1,1,5,13.9,0,0,registration,0,1,120,0,20,standard,0,0,0,0.0,Normal
2026-01-12T00:00,SYN-AMVLP-01,AMVLP,new MSID Pair,0,0,2,14.5,0,0,registration,2,0,120,0,20,priority,1,1,0,-100.0,Normal
2026-01-12T00:00,SYN-AMVLP-01,AMVLP,new AMSID Pair,2,3,14,13.6,0,0,registration,1,2,120,0,20,priority,1,0,-1,100.0,Normal
2026-01-12T00:00,SYN-AMVLP-01,AMVLP,historic resubmission,1,1,5,14.0,1,1,registration,0,1,120,0,20,standard,0,0,0,0.0,Normal
2026-01-12T00:00,SYN-VLP-02,VLP,new MSID Pair,3,2,9,14.7,0,0,registration,0,3,120,0,20,priority,1,1,1,0.0,Normal
2026-01-12T00:00,SYN-VLP-02,VLP,new AMSID Pair,1,1,3,16.0,0,0,registration,0,1,120,0,20,priority,1,0,0,0.0,Normal
2026-01-12T00:00,SYN-VLP-02,VLP,historic resubmission,0,0,4,14.3,0,0,registration,0,0,120,0,20,standard,0,0,0,0.0,Normal
2026-01-12T00:00,SYN-VTP-02,VTP,new MSID Pair,0,1,3,16.8,0,0,registration,1,0,120,0,20,priority,1,1,-1,-100.0,Normal
2026-01-12T00:00,SYN-VTP-02,VTP,new AMSID Pair,2,2,6,14.8,0,0,registration,0,2,120,0,20,priority,1,0,0,0.0,Normal
2026-01-12T00:00,SYN-VTP-02,VTP,historic resubmission,0,1,4,15.5,0,0,registration,0,0,120,0,20,standard,0,0,-1,0.0,Normal
2026-01-12T00:00,SYN-SUP-01,Supplier,new MSID Pair,0,1,1,13.4,0,0,registration,0,0,120,0,20,priority,1,1,-1,0.0,Normal
2026-01-12T00:00,SYN-SUP-01,Supplier,new AMSID Pair,0,0,2,13.4,0,0,registration,1,0,120,0,20,priority,1,0,0,-100.0,Normal
2026-01-12T00:00,SYN-SUP-01,Supplier,historic resubmission,0,1,13,13.2,0,0,registration,1,0,120,0,20,standard,0,0,-1,-100.0,Normal
2026-01-12T01:00,SYN-VLP-01,VLP,new MSID Pair,2,3,13,14.6,0,0,registration,1,2,120,0,20,priority,1,1,-1,100.0,Normal
2026-01-12T01:00,SYN-VLP-01,VLP,new AMSID Pair,1,1,2,15.8,0,0,registration,0,1,120,0,20,priority,1,0,0,0.0,Normal
2026-01-12T01:00,SYN-VLP-01,VLP,historic resubmission,0,0,4,12.9,0,0,registration,1,0,120,0,20,standard,0,0,0,-100.0,Normal
2026-01-12T01:00,SYN-VTP-01,VTP,new MSID Pair,2,2,6,14.8,0,0,registration,0,2,120,0,20,priority,1,1,0,0.0,Normal
2026-01-12T01:00,SYN-VTP-01,VTP,new AMSID Pair,2,2,6,14.7,0,0,registration,0,2,120,0,20,priority,1,0,0,0.0,Normal
2026-01-12T01:00,SYN-VTP-01,VTP,historic resubmission,0,1,4,15.7,0,0,registration,0,0,120,0,20,standard,0,0,-1,0.0,Normal
2026-01-12T01:00,SYN-AMVLP-01,AMVLP,new MSID Pair,0,0,2,15.0,0,0,registration,1,0,120,0,20,priority,1,1,0,-100.0,Normal
2026-01-12T01:00,SYN-AMVLP-01,AMVLP,new AMSID Pair,2,3,13,14.5,0,0,registration,0,2,120,0,20,priority,1,0,-1,0.0,Normal
2026-01-12T01:00,SYN-AMVLP-01,AMVLP,historic resubmission,1,1,5,15.1,0,0,registration,0,1,120,0,20,standard,0,0,0,0.0,Normal
2026-01-12T01:00,SYN-VLP-02,VLP,new MSID Pair,2,2,9,14.6,0,0,registration,0,2,120,0,20,priority,1,1,0,0.0,Normal
2026-01-12T01:00,SYN-VLP-02,VLP,new AMSID Pair,1,1,3,13.9,0,0,registration,0,1,120,0,20,priority,1,0,0,0.0,Normal
2026-01-12T01:00,SYN-VLP-02,VLP,historic resubmission,0,0,4,15.7,0,0,registration,0,0,120,0,20,standard,0,0,0,0.0,Normal
2026-01-12T01:00,SYN-VTP-02,VTP,new MSID Pair,0,1,2,12.9,0,0,registration,0,0,120,0,20,priority,1,1,-1,0.0,Normal
2026-01-12T01:00,SYN-VTP-02,VTP,new AMSID Pair,1,2,5,14.6,0,0,registration,1,1,120,0,20,priority,1,0,-1,0.0,Normal
2026-01-12T01:00,SYN-VTP-02,VTP,historic resubmission,0,0,4,16.3,0,0,registration,0,0,120,0,20,standard,0,0,0,0.0,Normal
2026-01-12T01:00,SYN-SUP-01,Supplier,new MSID Pair,0,0,1,15.1,0,0,registration,0,0,120,0,20,priority,1,1,0,0.0,Normal
2026-01-12T01:00,SYN-SUP-01,Supplier,new AMSID Pair,0,0,2,12.8,0,0,registration,0,0,120,0,20,priority,1,0,0,0.0,Normal
2026-01-12T01:00,SYN-SUP-01,Supplier,historic resubmission,1,1,13,14.3,0,0,registration,0,1,120,0,20,standard,0,0,0,0.0,Normal
2026-01-12T02:00,SYN-VLP-01,VLP,new MSID Pair,1,3,11,13.7,0,0,registration,2,1,120,0,20,priority,1,1,-2,-50.0,Normal
2026-01-12T02:00,SYN-VLP-01,VLP,new AMSID Pair,0,0,2,13.9,0,0,registration,0,0,120,0,20,priority,1,0,0,0.0,Normal
2026-01-12T02:00,SYN-VLP-01,VLP,historic resubmission,0,0,4,12.9,0,0,registration,0,0,120,0,20,standard,0,0,0,0.0,Normal
2026-01-12T02:00,SYN-VTP-01,VTP,new MSID Pair,1,2,5,15.0,0,0,registration,0,1,120,0,20,priority,1,1,-1,0.0,Normal
2026-01-12T02:00,SYN-VTP-01,VTP,new AMSID Pair,0,1,5,15.2,0,0,registration,1,0,120,0,20,priority,1,0,-1,-100.0,Normal
2026-01-12T02:00,SYN-VTP-01,VTP,historic resubmission,1,1,4,12.6,0,0,registration,0,1,120,0,20,standard,0,0,0,0.0,Normal
2026-01-12T02:00,SYN-AMVLP-01,AMVLP,new MSID Pair,0,0,2,14.7,0,0,registration,1,0,120,0,20,priority,1,1,0,-100.0,Normal
2026-01-12T02:00,SYN-AMVLP-01,AMVLP,new AMSID Pair,1,3,11,16.0,0,0,registration,1,1,120,0,20,priority,1,0,-2,0.0,Normal
2026-01-12T02:00,SYN-AMVLP-01,AMVLP,historic resubmission,0,1,4,15.4,0,0,registration,0,0,120,0,20,standard,0,0,-1,0.0,Normal
2026-01-12T02:00,SYN-VLP-02,VLP,new MSID Pair,2,2,9,13.9,0,0,registration,1,2,120,0,20,priority,1,1,0,100.0,Normal
2026-01-12T02:00,SYN-VLP-02,VLP,new AMSID Pair,2,1,4,15.4,0,0,registration,1,2,120,0,20,priority,1,0,1,100.0,Normal
2026-01-12T02:00,SYN-VLP-02,VLP,historic resubmission,1,1,4,15.7,0,0,registration,0,1,120,0,20,standard,0,0,0,0.0,Normal
2026-01-12T02:00,SYN-VTP-02,VTP,new MSID Pair,1,1,2,15.5,0,0,registration,1,1,120,0,20,priority,1,1,0,0.0,Normal
2026-01-12T02:00,SYN-VTP-02,VTP,new AMSID Pair,0,1,4,15.5,0,0,registration,1,0,120,0,20,priority,1,0,-1,-100.0,Normal
2026-01-12T02:00,SYN-VTP-02,VTP,historic resubmission,2,1,5,15.1,0,0,registration,1,2,120,0,20,standard,0,0,1,100.0,Normal
2026-01-12T02:00,SYN-SUP-01,Supplier,new MSID Pair,1,0,2,12.8,0,0,registration,0,1,120,0,20,priority,1,1,1,0.0,Normal
2026-01-12T02:00,SYN-SUP-01,Supplier,new AMSID Pair,0,0,2,16.1,0,0,registration,0,0,120,0,20,priority,1,0,0,0.0,Normal
2026-01-12T02:00,SYN-SUP-01,Supplier,historic resubmission,2,2,13,14.0,0,0,registration,0,2,120,0,20,standard,0,0,0,0.0,Normal
2026-01-12T03:00,SYN-VLP-01,VLP,new MSID Pair,2,3,10,13.6,0,0,registration,1,2,120,0,20,priority,1,1,-1,100.0,Normal
2026-01-12T03:00,SYN-VLP-01,VLP,new AMSID Pair,0,1,1,12.1,0,0,registration,0,0,120,0,20,priority,1,0,-1,0.0,Normal
2026-01-12T03:00,SYN-VLP-01,VLP,historic resubmission,1,1,4,14.7,0,0,registration,0,1,120,0,20,standard,0,0,0,0.0,Normal
2026-01-12T03:00,SYN-VTP-01,VTP,new MSID Pair,1,1,5,13.2,0,0,registration,0,1,120,0,20,priority,1,1,0,0.0,Normal
2026-01-12T03:00,SYN-VTP-01,VTP,new AMSID Pair,1,1,5,15.4,0,0,registration,1,1,120,0,20,priority,1,0,0,0.0,Normal
2026-01-12T03:00,SYN-VTP-01,VTP,historic resubmission,0,0,4,13.6,0,0,registration,0,0,120,0,20,standard,0,0,0,0.0,Normal
2026-01-12T03:00,SYN-AMVLP-01,AMVLP,new MSID Pair,0,0,2,14.5,0,0,registration,0,0,120,0,20,priority,1,1,0,0.0,Normal
2026-01-12T03:00,SYN-AMVLP-01,AMVLP,new AMSID Pair,3,3,11,15.8,0,0,registration,1,3,120,0,20,priority,1,0,0,200.0,Normal
2026-01-12T03:00,SYN-AMVLP-01,AMVLP,historic resubmission,1,1,4,13.7,0,0,registration,0,1,120,0,20,standard,0,0,0,0.0,Normal
2026-01-12T03:00,SYN-VLP-02,VLP,new MSID Pair,2,3,8,15.1,0,0,registration,1,2,120,0,20,priority,1,1,-1,100.0,Normal
2026-01-12T03:00,SYN-VLP-02,VLP,new AMSID Pair,1,1,4,15.0,0,0,registration,0,1,120,0,20,priority,1,0,0,0.0,Normal
2026-01-12T03:00,SYN-VLP-02,VLP,historic resubmission,0,0,4,15.7,0,0,registration,0,0,120,0,20,standard,0,0,0,0.0,Normal
2026-01-12T03:00,SYN-VTP-02,VTP,new MSID Pair,0,0,2,14.8,0,0,registration,1,0,120,0,20,priority,1,1,0,-100.0,Normal
2026-01-12T03:00,SYN-VTP-02,VTP,new AMSID Pair,2,1,5,12.7,0,0,registration,1,2,120,0,20,priority,1,0,1,100.0,Normal
2026-01-12T03:00,SYN-VTP-02,VTP,historic resubmission,1,1,5,12.7,0,1,registration,0,1,120,0,20,standard,0,0,0,0.0,Normal
2026-01-12T03:00,SYN-SUP-01,Supplier,new MSID Pair,1,1,2,14.6,0,0,registration,0,1,120,0,20,priority,1,1,0,0.0,Normal
2026-01-12T03:00,SYN-SUP-01,Supplier,new AMSID Pair,1,1,2,12.5,0,0,registration,0,1,120,0,20,priority,1,0,0,0.0,Normal
2026-01-12T03:00,SYN-SUP-01,Supplier,historic resubmission,0,1,12,13.6,0,0,registration,1,0,120,0,20,standard,0,0,-1,-100.0,Normal
2026-01-12T04:00,SYN-VLP-01,VLP,new MSID Pair,2,3,9,12.4,0,0,registration,1,2,120,0,20,priority,1,1,-1,100.0,Normal
2026-01-12T04:00,SYN-VLP-01,VLP,new AMSID Pair,0,0,1,13.5,0,0,registration,2,0,120,0,20,priority,1,0,0,-100.0,Normal
2026-01-12T04:00,SYN-VLP-01,VLP,historic resubmission,0,0,4,12.2,0,0,registration,1,0,120,0,20,standard,0,0,0,-100.0,Normal
2026-01-12T04:00,SYN-VTP-01,VTP,new MSID Pair,0,1,4,15.4,0,0,registration,1,0,120,0,20,priority,1,1,-1,-100.0,Normal
2026-01-12T04:00,SYN-VTP-01,VTP,new AMSID Pair,2,2,5,12.6,0,0,registration,1,2,120,0,20,priority,1,0,0,100.0,Normal
2026-01-12T04:00,SYN-VTP-01,VTP,historic resubmission,1,1,4,12.0,0,0,registration,0,1,120,0,20,standard,0,0,0,0.0,Normal
2026-01-12T04:00,SYN-AMVLP-01,AMVLP,new MSID Pair,0,1,1,14.2,0,0,registration,0,0,120,0,20,priority,1,1,-1,0.0,Normal
2026-01-12T04:00,SYN-AMVLP-01,AMVLP,new AMSID Pair,3,3,11,11.8,0,0,registration,1,3,120,0,20,priority,1,0,0,200.0,Normal
2026-01-12T04:00,SYN-AMVLP-01,AMVLP,historic resubmission,1,1,4,12.1,0,0,registration,1,1,120,0,20,standard,0,0,0,0.0,Normal
2026-01-12T04:00,SYN-VLP-02,VLP,new MSID Pair,2,2,8,12.1,0,0,registration,2,2,120,0,20,priority,1,1,0,0.0,Normal
2026-01-12T04:00,SYN-VLP-02,VLP,new AMSID Pair,0,1,3,11.8,0,0,registration,0,0,120,0,20,priority,1,0,-1,0.0,Normal
2026-01-12T04:00,SYN-VLP-02,VLP,historic resubmission,0,0,4,13.8,0,0,registration,0,0,120,0,20,standard,0,0,0,0.0,Normal
2026-01-12T04:00,SYN-VTP-02,VTP,new MSID Pair,0,0,2,13.0,0,0,registration,0,0,120,0,20,priority,1,1,0,0.0,Normal
2026-01-12T04:00,SYN-VTP-02,VTP,new AMSID Pair,1,1,5,15.4,0,0,registration,1,1,120,0,20,priority,1,0,0,0.0,Normal
2026-01-12T04:00,SYN-VTP-02,VTP,historic resubmission,1,1,5,13.1,0,0,registration,0,1,120,0,20,standard,0,0,0,0.0,Normal
2026-01-12T04:00,SYN-SUP-01,Supplier,new MSID Pair,1,1,2,14.8,0,0,registration,0,1,120,0,20,priority,1,1,0,0.0,Normal
2026-01-12T04:00,SYN-SUP-01,Supplier,new AMSID Pair,0,1,1,14.8,0,0,registration,0,0,120,0,20,priority,1,0,-1,0.0,Normal
2026-01-12T04:00,SYN-SUP-01,Supplier,historic resubmission,0,1,11,14.4,0,0,registration,1,0,120,0,20,standard,0,0,-1,-100.0,Normal
2026-01-12T05:00,SYN-VLP-01,VLP,new MSID Pair,4,3,10,12.3,0,0,registration,1,4,120,0,20,priority,1,1,1,300.0,Normal
2026-01-12T05:00,SYN-VLP-01,VLP,new AMSID Pair,1,1,1,15.1,0,0,registration,1,1,120,0,20,priority,1,0,0,0.0,Normal
2026-01-12T05:00,SYN-VLP-01,VLP,historic resubmission,1,1,4,13.3,0,0,registration,0,1,120,0,20,standard,0,0,0,0.0,Normal
2026-01-12T05:00,SYN-VTP-01,VTP,new MSID Pair,1,1,4,13.9,0,0,registration,1,1,120,0,20,priority,1,1,0,0.0,Normal
2026-01-12T05:00,SYN-VTP-01,VTP,new AMSID Pair,1,1,5,11.9,0,0,registration,0,1,120,0,20,priority,1,0,0,0.0,Normal
2026-01-12T05:00,SYN-VTP-01,VTP,historic resubmission,0,0,4,11.6,0,0,registration,0,0,120,0,20,standard,0,0,0,0.0,Normal
2026-01-12T05:00,SYN-AMVLP-01,AMVLP,new MSID Pair,0,0,1,11.8,0,0,registration,0,0,120,0,20,priority,1,1,0,0.0,Normal
2026-01-12T05:00,SYN-AMVLP-01,AMVLP,new AMSID Pair,3,3,11,12.0,0,0,registration,1,3,120,0,20,priority,1,0,0,200.0,Normal
2026-01-12T05:00,SYN-AMVLP-01,AMVLP,historic resubmission,0,0,4,12.9,0,0,registration,1,0,120,0,20,standard,0,0,0,-100.0,Normal
2026-01-12T05:00,SYN-VLP-02,VLP,new MSID Pair,2,2,8,13.0,0,0,registration,0,2,120,0,20,priority,1,1,0,0.0,Normal
2026-01-12T05:00,SYN-VLP-02,VLP,new AMSID Pair,1,1,3,13.5,0,0,registration,1,1,120,0,20,priority,1,0,0,0.0,Normal
2026-01-12T05:00,SYN-VLP-02,VLP,historic resubmission,1,1,4,12.7,0,0,registration,0,1,120,0,20,standard,0,0,0,0.0,Normal
2026-01-12T05:00,SYN-VTP-02,VTP,new MSID Pair,0,1,1,14.6,0,0,registration,0,0,120,0,20,priority,1,1,-1,0.0,Normal
2026-01-12T05:00,SYN-VTP-02,VTP,new AMSID Pair,2,2,5,14.0,0,0,registration,0,2,120,0,20,priority,1,0,0,0.0,Normal
2026-01-12T05:00,SYN-VTP-02,VTP,historic resubmission,0,1,4,11.6,0,0,registration,0,0,120,0,20,standard,0,0,-1,0.0,Normal
2026-01-12T05:00,SYN-SUP-01,Supplier,new MSID Pair,0,1,1,14.6,0,0,registration,0,0,120,0,20,priority,1,1,-1,0.0,Normal
2026-01-12T05:00,SYN-SUP-01,Supplier,new AMSID Pair,0,0,1,13.1,0,0,registration,0,0,120,0,20,priority,1,0,0,0.0,Normal
2026-01-12T05:00,SYN-SUP-01,Supplier,historic resubmission,2,1,12,11.4,0,0,registration,0,2,120,0,20,standard,0,0,1,0.0,Normal
2026-01-12T06:00,SYN-VLP-01,VLP,new MSID Pair,4,3,11,15.2,0,0,registration,2,4,120,0,20,priority,1,1,1,100.0,Normal
2026-01-12T06:00,SYN-VLP-01,VLP,new AMSID Pair,0,0,1,13.8,0,0,registration,0,0,120,0,20,priority,1,0,0,0.0,Normal
2026-01-12T06:00,SYN-VLP-01,VLP,historic resubmission,1,1,4,13.3,0,0,registration,0,1,120,0,20,standard,0,0,0,0.0,Normal
2026-01-12T06:00,SYN-VTP-01,VTP,new MSID Pair,1,1,4,14.6,0,0,registration,1,1,120,0,20,priority,1,1,0,0.0,Normal
2026-01-12T06:00,SYN-VTP-01,VTP,new AMSID Pair,2,2,5,11.7,1,1,registration,1,2,120,0,20,priority,1,0,0,100.0,Normal
2026-01-12T06:00,SYN-VTP-01,VTP,historic resubmission,0,0,4,15.1,0,0,registration,1,0,120,0,20,standard,0,0,0,-100.0,Normal
2026-01-12T06:00,SYN-AMVLP-01,AMVLP,new MSID Pair,0,0,1,14.3,0,0,registration,0,0,120,0,20,priority,1,1,0,0.0,Normal
2026-01-12T06:00,SYN-AMVLP-01,AMVLP,new AMSID Pair,5,4,12,11.6,0,0,registration,3,5,120,0,20,priority,1,0,1,66.67,Normal
2026-01-12T06:00,SYN-AMVLP-01,AMVLP,historic resubmission,0,0,4,13.5,0,0,registration,0,0,120,0,20,standard,0,0,0,0.0,Normal
2026-01-12T06:00,SYN-VLP-02,VLP,new MSID Pair,3,2,9,12.1,0,0,registration,2,3,120,0,20,priority,1,1,1,50.0,Normal
2026-01-12T06:00,SYN-VLP-02,VLP,new AMSID Pair,1,1,3,13.4,0,0,registration,0,1,120,0,20,priority,1,0,0,0.0,Normal
2026-01-12T06:00,SYN-VLP-02,VLP,historic resubmission,1,1,4,12.7,0,0,registration,1,1,120,0,20,standard,0,0,0,0.0,Normal
2026-01-12T06:00,SYN-VTP-02,VTP,new MSID Pair,2,1,2,12.2,0,0,registration,0,2,120,0,20,priority,1,1,1,0.0,Normal
2026-01-12T06:00,SYN-VTP-02,VTP,new AMSID Pair,3,2,6,11.5,0,0,registration,1,3,120,0,20,priority,1,0,1,200.0,Normal
2026-01-12T06:00,SYN-VTP-02,VTP,historic resubmission,1,1,4,12.4,0,0,registration,0,1,120,0,20,standard,0,0,0,0.0,Normal
2026-01-12T06:00,SYN-SUP-01,Supplier,new MSID Pair,0,0,1,12.0,0,0,registration,0,0,120,0,20,priority,1,1,0,0.0,Normal
2026-01-12T06:00,SYN-SUP-01,Supplier,new AMSID Pair,1,0,2,12.3,0,0,registration,0,1,120,0,20,priority,1,0,1,0.0,Normal
2026-01-12T06:00,SYN-SUP-01,Supplier,historic resubmission,2,1,13,11.3,0,0,registration,2,2,120,0,20,standard,0,0,1,0.0,Normal
2026-01-12T07:00,SYN-VLP-01,VLP,new MSID Pair,5,3,13,13.8,1,1,registration,2,5,120,0,20,priority,1,1,2,150.0,Normal
2026-01-12T07:00,SYN-VLP-01,VLP,new AMSID Pair,1,0,2,11.8,0,0,registration,1,1,120,0,20,priority,1,0,1,0.0,Normal
2026-01-12T07:00,SYN-VLP-01,VLP,historic resubmission,0,0,4,13.1,0,0,registration,0,0,120,0,20,standard,0,0,0,0.0,Normal
2026-01-12T07:00,SYN-VTP-01,VTP,new MSID Pair,1,1,4,13.7,0,0,registration,1,1,120,0,20,priority,1,1,0,0.0,Normal
2026-01-12T07:00,SYN-VTP-01,VTP,new AMSID Pair,2,2,5,15.3,0,0,registration,0,2,120,0,20,priority,1,0,0,0.0,Normal
2026-01-12T07:00,SYN-VTP-01,VTP,historic resubmission,1,1,4,13.9,0,0,registration,0,1,120,0,20,standard,0,0,0,0.0,Normal
2026-01-12T07:00,SYN-AMVLP-01,AMVLP,new MSID Pair,0,0,1,14.8,0,0,registration,0,0,120,0,20,priority,1,1,0,0.0,Normal
2026-01-12T07:00,SYN-AMVLP-01,AMVLP,new AMSID Pair,5,4,13,12.9,0,0,registration,3,5,120,0,20,priority,1,0,1,66.67,Normal
2026-01-12T07:00,SYN-AMVLP-01,AMVLP,historic resubmission,0,0,4,14.6,0,0,registration,0,0,120,0,20,standard,0,0,0,0.0,Normal
2026-01-12T07:00,SYN-VLP-02,VLP,new MSID Pair,3,3,9,15.7,0,0,registration,1,3,120,0,20,priority,1,1,0,200.0,Normal
2026-01-12T07:00,SYN-VLP-02,VLP,new AMSID Pair,0,1,2,11.9,0,0,registration,0,0,120,0,20,priority,1,0,-1,0.0,Normal
2026-01-12T07:00,SYN-VLP-02,VLP,historic resubmission,0,0,4,15.3,0,0,registration,0,0,120,0,20,standard,0,0,0,0.0,Normal
2026-01-12T07:00,SYN-VTP-02,VTP,new MSID Pair,2,1,3,15.6,0,0,registration,0,2,120,0,20,priority,1,1,1,0.0,Normal
2026-01-12T07:00,SYN-VTP-02,VTP,new AMSID Pair,1,2,5,12.5,0,0,registration,2,1,120,0,20,priority,1,0,-1,-50.0,Normal
2026-01-12T07:00,SYN-VTP-02,VTP,historic resubmission,0,0,4,13.2,0,0,registration,2,0,120,0,20,standard,0,0,0,-100.0,Normal
2026-01-12T07:00,SYN-SUP-01,Supplier,new MSID Pair,1,0,2,14.1,0,0,registration,0,1,120,0,20,priority,1,1,1,0.0,Normal
2026-01-12T07:00,SYN-SUP-01,Supplier,new AMSID Pair,1,1,2,12.1,0,0,registration,0,1,120,0,20,priority,1,0,0,0.0,Normal
2026-01-12T07:00,SYN-SUP-01,Supplier,historic resubmission,1,1,13,15.2,0,0,registration,1,1,120,0,20,standard,0,0,0,0.0,Normal
2026-01-12T08:00,SYN-VLP-01,VLP,new MSID Pair,6,4,15,14.2,0,0,registration,3,6,120,0,20,priority,1,1,2,100.0,Normal
2026-01-12T08:00,SYN-VLP-01,VLP,new AMSID Pair,1,1,2,13.3,0,0,registration,0,1,120,0,20,priority,1,0,0,0.0,Normal
2026-01-12T08:00,SYN-VLP-01,VLP,historic resubmission,0,0,4,15.5,0,0,registration,0,0,120,0,20,standard,0,0,0,0.0,Normal
2026-01-12T08:00,SYN-VTP-01,VTP,new MSID Pair,2,1,5,13.8,0,0,registration,2,2,120,0,20,priority,1,1,1,0.0,Normal
2026-01-12T08:00,SYN-VTP-01,VTP,new AMSID Pair,3,2,6,12.9,0,0,registration,1,3,120,0,20,priority,1,0,1,200.0,Normal
2026-01-12T08:00,SYN-VTP-01,VTP,historic resubmission,1,0,5,13.0,0,0,registration,0,1,120,0,20,standard,0,0,1,0.0,Normal
2026-01-12T08:00,SYN-AMVLP-01,AMVLP,new MSID Pair,0,0,1,15.0,0,0,registration,0,0,120,0,20,priority,1,1,0,0.0,Normal
2026-01-12T08:00,SYN-AMVLP-01,AMVLP,new AMSID Pair,5,3,15,13.7,0,0,registration,2,5,120,0,20,priority,1,0,2,150.0,Normal
2026-01-12T08:00,SYN-AMVLP-01,AMVLP,historic resubmission,3,1,6,12.6,0,0,registration,0,3,120,0,20,standard,0,0,2,0.0,Normal
2026-01-12T08:00,SYN-VLP-02,VLP,new MSID Pair,3,2,10,13.3,0,1,registration,2,3,120,0,20,priority,1,1,1,50.0,Normal
2026-01-12T08:00,SYN-VLP-02,VLP,new AMSID Pair,2,1,3,14.2,0,0,registration,1,2,120,0,20,priority,1,0,1,100.0,Normal
2026-01-12T08:00,SYN-VLP-02,VLP,historic resubmission,1,0,5,12.1,0,0,registration,0,1,120,0,20,standard,0,0,1,0.0,Normal
2026-01-12T08:00,SYN-VTP-02,VTP,new MSID Pair,0,1,2,15.2,0,0,registration,0,0,120,0,20,priority,1,1,-1,0.0,Normal
2026-01-12T08:00,SYN-VTP-02,VTP,new AMSID Pair,3,2,6,14.7,0,0,registration,0,3,120,0,20,priority,1,0,1,0.0,Normal
2026-01-12T08:00,SYN-VTP-02,VTP,historic resubmission,0,0,4,13.1,0,0,registration,0,0,120,0,20,standard,0,0,0,0.0,Normal
2026-01-12T08:00,SYN-SUP-01,Supplier,new MSID Pair,1,1,2,13.2,0,0,registration,0,1,120,0,20,priority,1,1,0,0.0,Normal
2026-01-12T08:00,SYN-SUP-01,Supplier,new AMSID Pair,0,0,2,13.6,0,0,registration,2,0,120,0,20,priority,1,0,0,-100.0,Normal
2026-01-12T08:00,SYN-SUP-01,Supplier,historic resubmission,1,1,13,12.6,0,0,registration,1,1,120,0,20,standard,0,0,0,0.0,Normal
2026-01-12T09:00,SYN-VLP-01,VLP,new MSID Pair,7,4,18,13.7,0,0,registration,4,7,120,0,20,priority,1,1,3,75.0,Normal
2026-01-12T09:00,SYN-VLP-01,VLP,new AMSID Pair,1,1,2,16.1,0,0,registration,1,1,120,0,20,priority,1,0,0,0.0,Normal
2026-01-12T09:00,SYN-VLP-01,VLP,historic resubmission,1,0,5,13.9,0,0,registration,0,1,120,0,20,standard,0,0,1,0.0,Normal
2026-01-12T09:00,SYN-VTP-01,VTP,new MSID Pair,2,1,6,15.7,0,0,registration,2,2,120,0,20,priority,1,1,1,0.0,Normal
2026-01-12T09:00,SYN-VTP-01,VTP,new AMSID Pair,4,2,8,16.1,1,1,registration,1,4,120,0,20,priority,1,0,2,300.0,Normal
2026-01-12T09:00,SYN-VTP-01,VTP,historic resubmission,1,0,6,14.9,0,0,registration,0,1,120,0,20,standard,0,0,1,0.0,Normal
2026-01-12T09:00,SYN-AMVLP-01,AMVLP,new MSID Pair,0,0,1,14.6,0,0,registration,1,0,120,0,20,priority,1,1,0,-100.0,Normal
2026-01-12T09:00,SYN-AMVLP-01,AMVLP,new AMSID Pair,8,4,19,14.1,0,0,registration,4,8,120,0,20,priority,1,0,4,100.0,Normal
2026-01-12T09:00,SYN-AMVLP-01,AMVLP,historic resubmission,1,1,6,16.3,0,0,registration,0,1,120,0,20,standard,0,0,0,0.0,Normal
2026-01-12T09:00,SYN-VLP-02,VLP,new MSID Pair,4,2,12,16.4,0,0,registration,2,4,120,0,20,priority,1,1,2,100.0,Normal
2026-01-12T09:00,SYN-VLP-02,VLP,new AMSID Pair,1,1,3,14.9,0,0,registration,0,1,120,0,20,priority,1,0,0,0.0,Normal
2026-01-12T09:00,SYN-VLP-02,VLP,historic resubmission,1,0,6,15.6,0,1,registration,0,1,120,0,20,standard,0,0,1,0.0,Normal
2026-01-12T09:00,SYN-VTP-02,VTP,new MSID Pair,2,1,3,15.8,0,0,registration,1,2,120,0,20,priority,1,1,1,100.0,Normal
2026-01-12T09:00,SYN-VTP-02,VTP,new AMSID Pair,2,1,7,15.9,0,0,registration,2,2,120,0,20,priority,1,0,1,0.0,Normal
2026-01-12T09:00,SYN-VTP-02,VTP,historic resubmission,0,0,4,14.7,0,0,registration,2,0,120,0,20,standard,0,0,0,-100.0,Normal
2026-01-12T09:00,SYN-SUP-01,Supplier,new MSID Pair,2,1,3,14.8,1,1,registration,0,2,120,0,20,priority,1,1,1,0.0,Normal
2026-01-12T09:00,SYN-SUP-01,Supplier,new AMSID Pair,0,0,2,15.3,0,0,registration,0,0,120,0,20,priority,1,0,0,0.0,Normal
2026-01-12T09:00,SYN-SUP-01,Supplier,historic resubmission,4,1,16,16.1,0,1,registration,2,4,120,0,20,standard,0,0,3,100.0,Normal
2026-01-12T10:00,SYN-VLP-01,VLP,new MSID Pair,6,4,20,16.7,0,0,registration,4,6,120,0,20,priority,1,1,2,50.0,Normal
2026-01-12T10:00,SYN-VLP-01,VLP,new AMSID Pair,0,0,2,18.5,0,0,registration,1,0,120,0,20,priority,1,0,0,-100.0,Normal
2026-01-12T10:00,SYN-VLP-01,VLP,historic resubmission,0,0,5,16.1,0,0,registration,1,0,120,0,20,standard,0,0,0,-100.0,Normal
2026-01-12T10:00,SYN-VTP-01,VTP,new MSID Pair,3,1,8,15.9,0,0,registration,2,3,120,0,20,priority,1,1,2,50.0,Normal
2026-01-12T10:00,SYN-VTP-01,VTP,new AMSID Pair,3,2,9,17.2,0,0,registration,2,3,120,0,20,priority,1,0,1,50.0,Normal
2026-01-12T10:00,SYN-VTP-01,VTP,historic resubmission,0,0,6,14.8,0,0,registration,0,0,120,0,20,standard,0,0,0,0.0,Normal
2026-01-12T10:00,SYN-AMVLP-01,AMVLP,new MSID Pair,0,0,1,16.3,0,0,registration,0,0,120,0,20,priority,1,1,0,0.0,Normal
2026-01-12T10:00,SYN-AMVLP-01,AMVLP,new AMSID Pair,7,4,22,18.2,0,0,registration,4,7,120,0,20,priority,1,0,3,75.0,Normal
2026-01-12T10:00,SYN-AMVLP-01,AMVLP,historic resubmission,1,1,6,17.4,0,0,registration,1,1,120,0,20,standard,0,0,0,0.0,Normal
2026-01-12T10:00,SYN-VLP-02,VLP,new MSID Pair,5,3,14,15.9,0,0,registration,1,5,120,0,20,priority,1,1,2,400.0,Normal
2026-01-12T10:00,SYN-VLP-02,VLP,new AMSID Pair,2,1,4,16.6,0,0,registration,1,2,120,0,20,priority,1,0,1,100.0,Normal
2026-01-12T10:00,SYN-VLP-02,VLP,historic resubmission,1,1,6,15.3,0,0,registration,1,1,120,0,20,standard,0,0,0,0.0,Normal
2026-01-12T10:00,SYN-VTP-02,VTP,new MSID Pair,2,1,4,18.1,0,0,registration,0,2,120,0,20,priority,1,1,1,0.0,Normal
2026-01-12T10:00,SYN-VTP-02,VTP,new AMSID Pair,3,1,9,15.2,0,0,registration,2,3,120,0,20,priority,1,0,2,50.0,Normal
2026-01-12T10:00,SYN-VTP-02,VTP,historic resubmission,1,0,5,17.9,0,0,registration,0,1,120,0,20,standard,0,0,1,0.0,Normal
2026-01-12T10:00,SYN-SUP-01,Supplier,new MSID Pair,0,0,3,18.3,0,0,registration,1,0,120,0,20,priority,1,1,0,-100.0,Normal
2026-01-12T10:00,SYN-SUP-01,Supplier,new AMSID Pair,0,0,2,14.8,0,0,registration,0,0,120,0,20,priority,1,0,0,0.0,Normal
2026-01-12T10:00,SYN-SUP-01,Supplier,historic resubmission,3,1,18,15.8,0,0,registration,2,3,120,0,20,standard,0,0,2,50.0,Normal
2026-01-12T11:00,SYN-VLP-01,VLP,new MSID Pair,9,4,25,19.2,0,0,registration,5,9,120,0,20,priority,1,1,5,80.0,Normal
2026-01-12T11:00,SYN-VLP-01,VLP,new AMSID Pair,0,0,2,16.2,0,0,registration,0,0,120,0,20,priority,1,0,0,0.0,Normal
2026-01-12T11:00,SYN-VLP-01,VLP,historic resubmission,1,0,6,16.0,0,0,registration,1,1,120,0,20,standard,0,0,1,0.0,Normal
2026-01-12T11:00,SYN-VTP-01,VTP,new MSID Pair,2,1,9,19.4,0,0,registration,2,2,120,0,20,priority,1,1,1,0.0,Normal
2026-01-12T11:00,SYN-VTP-01,VTP,new AMSID Pair,3,2,10,17.3,0,0,registration,2,3,120,0,20,priority,1,0,1,50.0,Normal
2026-01-12T11:00,SYN-VTP-01,VTP,historic resubmission,2,1,7,15.9,0,0,registration,0,2,120,0,20,standard,0,0,1,0.0,Normal
2026-01-12T11:00,SYN-AMVLP-01,AMVLP,new MSID Pair,0,0,1,19.6,0,0,registration,2,0,120,0,20,priority,1,1,0,-100.0,Normal
2026-01-12T11:00,SYN-AMVLP-01,AMVLP,new AMSID Pair,6,4,24,16.8,0,0,registration,4,6,120,0,20,priority,1,0,2,50.0,Normal
2026-01-12T11:00,SYN-AMVLP-01,AMVLP,historic resubmission,1,0,7,17.7,0,0,registration,1,1,120,0,20,standard,0,0,1,0.0,Normal
2026-01-12T11:00,SYN-VLP-02,VLP,new MSID Pair,3,2,15,18.6,0,0,registration,3,3,120,0,20,priority,1,1,1,0.0,Normal
2026-01-12T11:00,SYN-VLP-02,VLP,new AMSID Pair,2,1,5,18.5,0,0,registration,1,2,120,0,20,priority,1,0,1,100.0,Normal
2026-01-12T11:00,SYN-VLP-02,VLP,historic resubmission,0,0,6,16.5,0,0,registration,0,0,120,0,20,standard,0,0,0,0.0,Normal
2026-01-12T11:00,SYN-VTP-02,VTP,new MSID Pair,1,1,4,18.3,0,0,registration,0,1,120,0,20,priority,1,1,0,0.0,Normal
2026-01-12T11:00,SYN-VTP-02,VTP,new AMSID Pair,2,2,9,16.6,0,0,registration,2,2,120,0,20,priority,1,0,0,0.0,Normal
2026-01-12T11:00,SYN-VTP-02,VTP,historic resubmission,2,0,7,18.4,0,1,registration,2,2,120,0,20,standard,0,0,2,0.0,Normal
2026-01-12T11:00,SYN-SUP-01,Supplier,new MSID Pair,2,1,4,19.3,0,0,registration,1,2,120,0,20,priority,1,1,1,100.0,Normal
2026-01-12T11:00,SYN-SUP-01,Supplier,new AMSID Pair,0,0,2,18.2,0,0,registration,0,0,120,0,20,priority,1,0,0,0.0,Normal
2026-01-12T11:00,SYN-SUP-01,Supplier,historic resubmission,2,1,19,18.0,1,1,registration,2,2,120,0,20,standard,0,0,1,0.0,Normal
2026-01-12T12:00,SYN-VLP-01,VLP,new MSID Pair,7,4,28,17.8,1,1,registration,4,7,120,0,20,priority,1,1,3,75.0,Elevated
2026-01-12T12:00,SYN-VLP-01,VLP,new AMSID Pair,1,0,3,19.9,0,0,registration,1,1,120,0,20,priority,1,0,1,0.0,Elevated
2026-01-12T12:00,SYN-VLP-01,VLP,historic resubmission,1,0,7,20.3,0,0,registration,0,1,120,0,20,standard,0,0,1,0.0,Elevated
2026-01-12T12:00,SYN-VTP-01,VTP,new MSID Pair,3,1,11,19.8,0,0,registration,1,3,120,0,20,priority,1,1,2,200.0,Elevated
2026-01-12T12:00,SYN-VTP-01,VTP,new AMSID Pair,4,2,12,19.8,0,0,registration,2,4,120,0,20,priority,1,0,2,100.0,Elevated
2026-01-12T12:00,SYN-VTP-01,VTP,historic resubmission,1,0,8,18.0,0,0,registration,0,1,120,0,20,standard,0,0,1,0.0,Elevated
2026-01-12T12:00,SYN-AMVLP-01,AMVLP,new MSID Pair,0,0,1,19.4,0,0,registration,0,0,120,0,20,priority,1,1,0,0.0,Elevated
2026-01-12T12:00,SYN-AMVLP-01,AMVLP,new AMSID Pair,8,4,28,20.5,0,0,registration,5,8,120,0,20,priority,1,0,4,60.0,Elevated
2026-01-12T12:00,SYN-AMVLP-01,AMVLP,historic resubmission,2,1,8,18.7,0,0,registration,0,2,120,0,20,standard,0,0,1,0.0,Elevated
2026-01-12T12:00,SYN-VLP-02,VLP,new MSID Pair,4,2,17,19.4,0,0,registration,2,4,120,0,20,priority,1,1,2,100.0,Elevated
2026-01-12T12:00,SYN-VLP-02,VLP,new AMSID Pair,3,1,7,20.4,0,0,registration,0,3,120,0,20,priority,1,0,2,0.0,Elevated
2026-01-12T12:00,SYN-VLP-02,VLP,historic resubmission,1,0,7,17.6,0,0,registration,0,1,120,0,20,standard,0,0,1,0.0,Elevated
2026-01-12T12:00,SYN-VTP-02,VTP,new MSID Pair,2,1,5,17.6,0,0,registration,0,2,120,0,20,priority,1,1,1,0.0,Elevated
2026-01-12T12:00,SYN-VTP-02,VTP,new AMSID Pair,3,1,11,20.4,0,0,registration,1,3,120,0,20,priority,1,0,2,200.0,Elevated
2026-01-12T12:00,SYN-VTP-02,VTP,historic resubmission,1,1,7,20.5,0,0,registration,0,1,120,0,20,standard,0,0,0,0.0,Elevated
2026-01-12T12:00,SYN-SUP-01,Supplier,new MSID Pair,1,1,4,18.6,0,1,registration,0,1,120,0,20,priority,1,1,0,0.0,Elevated
2026-01-12T12:00,SYN-SUP-01,Supplier,new AMSID Pair,1,0,3,18.8,0,0,registration,0,1,120,0,20,priority,1,0,1,0.0,Elevated
2026-01-12T12:00,SYN-SUP-01,Supplier,historic resubmission,3,1,21,18.0,0,0,registration,1,3,120,0,20,standard,0,0,2,200.0,Elevated
2026-01-12T13:00,SYN-VLP-01,VLP,new MSID Pair,6,4,30,21.9,0,0,registration,5,6,120,0,20,priority,1,1,2,20.0,Elevated
2026-01-12T13:00,SYN-VLP-01,VLP,new AMSID Pair,1,0,4,19.6,0,0,registration,1,1,120,0,20,priority,1,0,1,0.0,Elevated
2026-01-12T13:00,SYN-VLP-01,VLP,historic resubmission,1,0,8,21.3,0,0,registration,1,1,120,0,20,standard,0,0,1,0.0,Elevated
2026-01-12T13:00,SYN-VTP-01,VTP,new MSID Pair,2,1,12,19.7,0,0,registration,1,2,120,0,20,priority,1,1,1,100.0,Elevated
2026-01-12T13:00,SYN-VTP-01,VTP,new AMSID Pair,2,2,12,21.0,0,0,registration,3,2,120,0,20,priority,1,0,0,-33.33,Elevated
2026-01-12T13:00,SYN-VTP-01,VTP,historic resubmission,1,0,9,22.9,0,0,registration,0,1,120,0,20,standard,0,0,1,0.0,Elevated
2026-01-12T13:00,SYN-AMVLP-01,AMVLP,new MSID Pair,1,0,2,23.0,0,0,registration,0,1,120,0,20,priority,1,1,1,0.0,Elevated
2026-01-12T13:00,SYN-AMVLP-01,AMVLP,new AMSID Pair,6,4,30,22.2,0,0,registration,5,6,120,0,20,priority,1,0,2,20.0,Elevated
2026-01-12T13:00,SYN-AMVLP-01,AMVLP,historic resubmission,1,1,8,22.6,0,0,registration,0,1,120,0,20,standard,0,0,0,0.0,Elevated
2026-01-12T13:00,SYN-VLP-02,VLP,new MSID Pair,3,2,18,19.3,0,0,registration,2,3,120,0,20,priority,1,1,1,50.0,Elevated
2026-01-12T13:00,SYN-VLP-02,VLP,new AMSID Pair,2,1,8,23.1,0,0,registration,1,2,120,0,20,priority,1,0,1,100.0,Elevated
2026-01-12T13:00,SYN-VLP-02,VLP,historic resubmission,1,0,8,21.4,0,0,registration,0,1,120,0,20,standard,0,0,1,0.0,Elevated
2026-01-12T13:00,SYN-VTP-02,VTP,new MSID Pair,2,1,6,20.3,0,0,registration,1,2,120,0,20,priority,1,1,1,100.0,Elevated
2026-01-12T13:00,SYN-VTP-02,VTP,new AMSID Pair,3,2,12,21.1,0,0,registration,0,3,120,0,20,priority,1,0,1,0.0,Elevated
2026-01-12T13:00,SYN-VTP-02,VTP,historic resubmission,2,0,9,20.3,0,0,registration,0,2,120,0,20,standard,0,0,2,0.0,Elevated
2026-01-12T13:00,SYN-SUP-01,Supplier,new MSID Pair,1,1,4,20.8,0,0,registration,0,1,120,0,20,priority,1,1,0,0.0,Elevated
2026-01-12T13:00,SYN-SUP-01,Supplier,new AMSID Pair,1,0,4,22.0,0,0,registration,1,1,120,0,20,priority,1,0,1,0.0,Elevated
2026-01-12T13:00,SYN-SUP-01,Supplier,historic resubmission,2,1,22,20.1,0,0,registration,1,2,120,0,20,standard,0,0,1,100.0,Elevated
2026-01-12T14:00,SYN-VLP-01,VLP,new MSID Pair,8,4,34,22.5,0,0,registration,4,8,120,0,20,priority,1,1,4,100.0,Elevated
2026-01-12T14:00,SYN-VLP-01,VLP,new AMSID Pair,1,0,5,24.4,0,0,registration,0,1,120,0,20,priority,1,0,1,0.0,Elevated
2026-01-12T14:00,SYN-VLP-01,VLP,historic resubmission,1,0,9,23.2,0,0,registration,0,1,120,0,20,standard,0,0,1,0.0,Elevated
2026-01-12T14:00,SYN-VTP-01,VTP,new MSID Pair,4,2,14,21.4,0,1,registration,1,4,120,0,20,priority,1,1,2,300.0,Elevated
2026-01-12T14:00,SYN-VTP-01,VTP,new AMSID Pair,4,2,14,23.5,0,0,registration,1,4,120,0,20,priority,1,0,2,300.0,Elevated
2026-01-12T14:00,SYN-VTP-01,VTP,historic resubmission,1,0,10,22.0,0,0,registration,1,1,120,0,20,standard,0,0,1,0.0,Elevated
2026-01-12T14:00,SYN-AMVLP-01,AMVLP,new MSID Pair,1,0,3,22.2,0,0,registration,0,1,120,0,20,priority,1,1,1,0.0,Elevated
2026-01-12T14:00,SYN-AMVLP-01,AMVLP,new AMSID Pair,8,4,34,21.6,0,0,registration,3,8,120,0,20,priority,1,0,4,166.67,Elevated
2026-01-12T14:00,SYN-AMVLP-01,AMVLP,historic resubmission,1,0,9,21.9,0,0,registration,1,1,120,0,20,standard,0,0,1,0.0,Elevated
2026-01-12T14:00,SYN-VLP-02,VLP,new MSID Pair,4,2,20,23.5,0,0,registration,2,4,120,0,20,priority,1,1,2,100.0,Elevated
2026-01-12T14:00,SYN-VLP-02,VLP,new AMSID Pair,2,1,9,22.0,0,0,registration,1,2,120,0,20,priority,1,0,1,100.0,Elevated
2026-01-12T14:00,SYN-VLP-02,VLP,historic resubmission,1,0,9,20.8,0,0,registration,0,1,120,0,20,standard,0,0,1,0.0,Elevated
2026-01-12T14:00,SYN-VTP-02,VTP,new MSID Pair,2,1,7,22.3,0,0,registration,1,2,120,0,20,priority,1,1,1,100.0,Elevated
2026-01-12T14:00,SYN-VTP-02,VTP,new AMSID Pair,2,1,13,20.8,0,0,registration,2,2,120,0,20,priority,1,0,1,0.0,Elevated
2026-01-12T14:00,SYN-VTP-02,VTP,historic resubmission,2,1,10,22.5,0,0,registration,0,2,120,0,20,standard,0,0,1,0.0,Elevated
2026-01-12T14:00,SYN-SUP-01,Supplier,new MSID Pair,1,1,4,23.3,0,0,registration,1,1,120,0,20,priority,1,1,0,0.0,Elevated
2026-01-12T14:00,SYN-SUP-01,Supplier,new AMSID Pair,0,0,4,23.0,0,0,registration,1,0,120,0,20,priority,1,0,0,-100.0,Elevated
2026-01-12T14:00,SYN-SUP-01,Supplier,historic resubmission,4,1,25,23.4,0,0,registration,1,4,120,0,20,standard,0,0,3,300.0,Elevated
2026-01-12T15:00,SYN-VLP-01,VLP,new MSID Pair,6,4,36,26.1,0,0,registration,4,6,120,0,20,priority,1,1,2,50.0,Elevated
2026-01-12T15:00,SYN-VLP-01,VLP,new AMSID Pair,0,1,4,24.6,0,0,registration,0,0,120,0,20,priority,1,0,-1,0.0,Elevated
2026-01-12T15:00,SYN-VLP-01,VLP,historic resubmission,0,0,9,26.0,0,0,registration,0,0,120,0,20,standard,0,0,0,0.0,Elevated
2026-01-12T15:00,SYN-VTP-01,VTP,new MSID Pair,2,1,15,24.8,0,0,registration,1,2,120,0,20,priority,1,1,1,100.0,Elevated
2026-01-12T15:00,SYN-VTP-01,VTP,new AMSID Pair,3,2,15,22.9,0,0,registration,2,3,120,0,20,priority,1,0,1,50.0,Elevated
2026-01-12T15:00,SYN-VTP-01,VTP,historic resubmission,1,1,10,24.2,0,0,registration,0,1,120,0,20,standard,0,0,0,0.0,Elevated
2026-01-12T15:00,SYN-AMVLP-01,AMVLP,new MSID Pair,0,0,3,22.8,0,0,registration,0,0,120,0,20,priority,1,1,0,0.0,Elevated
2026-01-12T15:00,SYN-AMVLP-01,AMVLP,new AMSID Pair,4,3,35,24.2,1,1,registration,4,4,120,0,20,priority,1,0,1,0.0,Elevated
2026-01-12T15:00,SYN-AMVLP-01,AMVLP,historic resubmission,1,0,10,22.6,0,0,registration,0,1,120,0,20,standard,0,0,1,0.0,Elevated
2026-01-12T15:00,SYN-VLP-02,VLP,new MSID Pair,4,2,22,24.4,0,0,registration,2,4,120,0,20,priority,1,1,2,100.0,Elevated
2026-01-12T15:00,SYN-VLP-02,VLP,new AMSID Pair,1,1,9,23.0,0,0,registration,1,1,120,0,20,priority,1,0,0,0.0,Elevated
2026-01-12T15:00,SYN-VLP-02,VLP,historic resubmission,1,0,10,26.3,0,0,registration,1,1,120,0,20,standard,0,0,1,0.0,Elevated
2026-01-12T15:00,SYN-VTP-02,VTP,new MSID Pair,2,1,8,26.0,0,0,registration,1,2,120,0,20,priority,1,1,1,100.0,Elevated
2026-01-12T15:00,SYN-VTP-02,VTP,new AMSID Pair,3,1,15,23.3,0,0,registration,2,3,120,0,20,priority,1,0,2,50.0,Elevated
2026-01-12T15:00,SYN-VTP-02,VTP,historic resubmission,2,1,11,26.2,0,0,registration,1,2,120,0,20,standard,0,0,1,100.0,Elevated
2026-01-12T15:00,SYN-SUP-01,Supplier,new MSID Pair,1,1,4,22.6,0,0,registration,1,1,120,0,20,priority,1,1,0,0.0,Elevated
2026-01-12T15:00,SYN-SUP-01,Supplier,new AMSID Pair,0,0,4,22.9,0,0,registration,1,0,120,0,20,priority,1,0,0,-100.0,Elevated
2026-01-12T15:00,SYN-SUP-01,Supplier,historic resubmission,2,1,26,26.4,0,0,registration,0,2,120,0,20,standard,0,0,1,0.0,Elevated
2026-01-12T16:00,SYN-VLP-01,VLP,new MSID Pair,8,4,40,23.9,1,1,registration,4,8,120,0,20,priority,1,1,4,100.0,Elevated
2026-01-12T16:00,SYN-VLP-01,VLP,new AMSID Pair,0,0,4,27.4,0,0,registration,0,0,120,0,20,priority,1,0,0,0.0,Elevated
2026-01-12T16:00,SYN-VLP-01,VLP,historic resubmission,1,0,10,26.8,1,1,registration,2,1,120,0,20,standard,0,0,1,-50.0,Elevated
2026-01-12T16:00,SYN-VTP-01,VTP,new MSID Pair,3,2,16,23.7,0,0,registration,1,3,120,0,20,priority,1,1,1,200.0,Elevated
2026-01-12T16:00,SYN-VTP-01,VTP,new AMSID Pair,4,2,17,23.5,0,0,registration,2,4,120,0,20,priority,1,0,2,100.0,Elevated
2026-01-12T16:00,SYN-VTP-01,VTP,historic resubmission,2,1,11,27.4,0,0,registration,1,2,120,0,20,standard,0,0,1,100.0,Elevated
2026-01-12T16:00,SYN-AMVLP-01,AMVLP,new MSID Pair,1,0,4,24.1,0,0,registration,0,1,120,0,20,priority,1,1,1,0.0,Elevated
2026-01-12T16:00,SYN-AMVLP-01,AMVLP,new AMSID Pair,5,3,37,23.8,0,0,registration,4,5,120,0,20,priority,1,0,2,25.0,Elevated
2026-01-12T16:00,SYN-AMVLP-01,AMVLP,historic resubmission,1,0,11,23.8,0,0,registration,0,1,120,0,20,standard,0,0,1,0.0,Elevated
2026-01-12T16:00,SYN-VLP-02,VLP,new MSID Pair,4,2,24,26.4,0,0,registration,1,4,120,0,20,priority,1,1,2,300.0,Elevated
2026-01-12T16:00,SYN-VLP-02,VLP,new AMSID Pair,2,1,10,25.9,0,0,registration,1,2,120,0,20,priority,1,0,1,100.0,Elevated
2026-01-12T16:00,SYN-VLP-02,VLP,historic resubmission,0,0,10,24.4,0,0,registration,1,0,120,0,20,standard,0,0,0,-100.0,Elevated
2026-01-12T16:00,SYN-VTP-02,VTP,new MSID Pair,2,1,9,26.8,0,0,registration,0,2,120,0,20,priority,1,1,1,0.0,Elevated
2026-01-12T16:00,SYN-VTP-02,VTP,new AMSID Pair,3,2,16,24.9,0,0,registration,1,3,120,0,20,priority,1,0,1,200.0,Elevated
2026-01-12T16:00,SYN-VTP-02,VTP,historic resubmission,2,1,12,27.3,0,0,registration,1,2,120,0,20,standard,0,0,1,100.0,Elevated
2026-01-12T16:00,SYN-SUP-01,Supplier,new MSID Pair,1,0,5,25.0,0,0,registration,0,1,120,0,20,priority,1,1,1,0.0,Elevated
2026-01-12T16:00,SYN-SUP-01,Supplier,new AMSID Pair,0,0,4,27.4,0,0,registration,0,0,120,0,20,priority,1,0,0,0.0,Elevated
2026-01-12T16:00,SYN-SUP-01,Supplier,historic resubmission,2,1,27,25.4,0,0,registration,2,2,120,0,20,standard,0,0,1,0.0,Elevated
2026-01-12T17:00,SYN-VLP-01,VLP,new MSID Pair,5,4,41,26.4,0,0,registration,2,5,120,0,20,priority,1,1,1,150.0,Elevated
2026-01-12T17:00,SYN-VLP-01,VLP,new AMSID Pair,1,0,5,27.0,0,0,registration,0,1,120,0,20,priority,1,0,1,0.0,Elevated
2026-01-12T17:00,SYN-VLP-01,VLP,historic resubmission,1,0,11,25.5,0,0,registration,0,1,120,0,20,standard,0,0,1,0.0,Elevated
2026-01-12T17:00,SYN-VTP-01,VTP,new MSID Pair,2,2,16,26.7,0,0,registration,0,2,120,0,20,priority,1,1,0,0.0,Elevated
2026-01-12T17:00,SYN-VTP-01,VTP,new AMSID Pair,2,2,17,26.6,0,0,registration,1,2,120,0,20,priority,1,0,0,100.0,Elevated
2026-01-12T17:00,SYN-VTP-01,VTP,historic resubmission,1,1,11,28.3,0,0,registration,0,1,120,0,20,standard,0,0,0,0.0,Elevated
2026-01-12T17:00,SYN-AMVLP-01,AMVLP,new MSID Pair,0,0,4,27.3,0,0,registration,0,0,120,0,20,priority,1,1,0,0.0,Elevated
2026-01-12T17:00,SYN-AMVLP-01,AMVLP,new AMSID Pair,3,3,37,25.5,0,0,registration,3,3,120,0,20,priority,1,0,0,0.0,Elevated
2026-01-12T17:00,SYN-AMVLP-01,AMVLP,historic resubmission,1,0,12,26.4,0,0,registration,0,1,120,0,20,standard,0,0,1,0.0,Elevated
2026-01-12T17:00,SYN-VLP-02,VLP,new MSID Pair,3,2,25,27.2,0,0,registration,0,3,120,0,20,priority,1,1,1,0.0,Elevated
2026-01-12T17:00,SYN-VLP-02,VLP,new AMSID Pair,1,1,10,27.0,0,0,registration,0,1,120,0,20,priority,1,0,0,0.0,Elevated
2026-01-12T17:00,SYN-VLP-02,VLP,historic resubmission,1,0,11,27.1,0,0,registration,1,1,120,0,20,standard,0,0,1,0.0,Elevated
2026-01-12T17:00,SYN-VTP-02,VTP,new MSID Pair,2,1,10,29.0,0,0,registration,1,2,120,0,20,priority,1,1,1,100.0,Elevated
2026-01-12T17:00,SYN-VTP-02,VTP,new AMSID Pair,1,1,16,27.3,0,0,registration,2,1,120,0,20,priority,1,0,0,-50.0,Elevated
2026-01-12T17:00,SYN-VTP-02,VTP,historic resubmission,0,1,11,27.1,0,0,registration,0,0,120,0,20,standard,0,0,-1,0.0,Elevated
2026-01-12T17:00,SYN-SUP-01,Supplier,new MSID Pair,1,1,5,25.2,0,0,registration,0,1,120,0,20,priority,1,1,0,0.0,Elevated
2026-01-12T17:00,SYN-SUP-01,Supplier,new AMSID Pair,0,0,4,28.4,0,0,registration,0,0,120,0,20,priority,1,0,0,0.0,Elevated
2026-01-12T17:00,SYN-SUP-01,Supplier,historic resubmission,2,1,28,25.6,0,0,registration,0,2,120,0,20,standard,0,0,1,0.0,Elevated
2026-01-12T18:00,SYN-VLP-01,VLP,new MSID Pair,4,4,41,28.5,0,0,registration,3,4,120,0,20,priority,1,1,0,33.33,Elevated
2026-01-12T18:00,SYN-VLP-01,VLP,new AMSID Pair,0,0,5,25.7,0,0,registration,1,0,120,0,20,priority,1,0,0,-100.0,Elevated
2026-01-12T18:00,SYN-VLP-01,VLP,historic resubmission,1,1,11,26.0,0,0,registration,0,1,120,0,20,standard,0,0,0,0.0,Elevated
2026-01-12T18:00,SYN-VTP-01,VTP,new MSID Pair,1,1,16,25.9,0,0,registration,0,1,120,0,20,priority,1,1,0,0.0,Elevated
2026-01-12T18:00,SYN-VTP-01,VTP,new AMSID Pair,2,2,17,28.8,0,0,registration,2,2,120,0,20,priority,1,0,0,0.0,Elevated
2026-01-12T18:00,SYN-VTP-01,VTP,historic resubmission,1,1,11,28.7,0,0,registration,0,1,120,0,20,standard,0,0,0,0.0,Elevated
2026-01-12T18:00,SYN-AMVLP-01,AMVLP,new MSID Pair,0,0,4,28.1,0,0,registration,0,0,120,0,20,priority,1,1,0,0.0,Elevated
2026-01-12T18:00,SYN-AMVLP-01,AMVLP,new AMSID Pair,3,3,37,28.2,0,0,registration,3,3,120,0,20,priority,1,0,0,0.0,Elevated
2026-01-12T18:00,SYN-AMVLP-01,AMVLP,historic resubmission,0,0,12,26.3,0,0,registration,0,0,120,0,20,standard,0,0,0,0.0,Elevated
2026-01-12T18:00,SYN-VLP-02,VLP,new MSID Pair,3,2,26,28.8,0,1,registration,2,3,120,0,20,priority,1,1,1,50.0,Elevated
2026-01-12T18:00,SYN-VLP-02,VLP,new AMSID Pair,1,1,10,27.6,0,0,registration,0,1,120,0,20,priority,1,0,0,0.0,Elevated
2026-01-12T18:00,SYN-VLP-02,VLP,historic resubmission,1,0,12,27.6,0,0,registration,1,1,120,0,20,standard,0,0,1,0.0,Elevated
2026-01-12T18:00,SYN-VTP-02,VTP,new MSID Pair,1,1,10,26.1,0,0,registration,1,1,120,0,20,priority,1,1,0,0.0,Elevated
2026-01-12T18:00,SYN-VTP-02,VTP,new AMSID Pair,1,1,16,25.8,0,0,registration,1,1,120,0,20,priority,1,0,0,0.0,Elevated
2026-01-12T18:00,SYN-VTP-02,VTP,historic resubmission,1,1,11,27.5,0,0,registration,0,1,120,0,20,standard,0,0,0,0.0,Elevated
2026-01-12T18:00,SYN-SUP-01,Supplier,new MSID Pair,1,1,5,27.9,0,0,registration,0,1,120,0,20,priority,1,1,0,0.0,Elevated
2026-01-12T18:00,SYN-SUP-01,Supplier,new AMSID Pair,0,0,4,26.6,0,0,registration,0,0,120,0,20,priority,1,0,0,0.0,Elevated
2026-01-12T18:00,SYN-SUP-01,Supplier,historic resubmission,3,1,30,28.5,0,0,registration,1,3,120,0,20,standard,0,0,2,200.0,Elevated
2026-01-12T19:00,SYN-VLP-01,VLP,new MSID Pair,5,4,42,26.6,0,0,registration,2,5,120,0,20,priority,1,1,1,150.0,Elevated
2026-01-12T19:00,SYN-VLP-01,VLP,new AMSID Pair,0,0,5,26.4,0,0,registration,2,0,120,0,20,priority,1,0,0,-100.0,Elevated
2026-01-12T19:00,SYN-VLP-01,VLP,historic resubmission,0,0,11,28.1,0,0,registration,1,0,120,0,20,standard,0,0,0,-100.0,Elevated
2026-01-12T19:00,SYN-VTP-01,VTP,new MSID Pair,2,1,17,26.6,0,0,registration,0,2,120,0,20,priority,1,1,1,0.0,Elevated
2026-01-12T19:00,SYN-VTP-01,VTP,new AMSID Pair,3,2,18,27.1,0,0,registration,0,3,120,0,20,priority,1,0,1,0.0,Elevated
2026-01-12T19:00,SYN-VTP-01,VTP,historic resubmission,1,1,11,26.1,0,0,registration,1,1,120,0,20,standard,0,0,0,0.0,Elevated
2026-01-12T19:00,SYN-AMVLP-01,AMVLP,new MSID Pair,0,0,4,27.3,0,0,registration,1,0,120,0,20,priority,1,1,0,-100.0,Elevated
2026-01-12T19:00,SYN-AMVLP-01,AMVLP,new AMSID Pair,4,3,38,28.7,0,0,registration,3,4,120,0,20,priority,1,0,1,33.33,Elevated
2026-01-12T19:00,SYN-AMVLP-01,AMVLP,historic resubmission,1,1,12,29.2,0,0,registration,1,1,120,0,20,standard,0,0,0,0.0,Elevated
2026-01-12T19:00,SYN-VLP-02,VLP,new MSID Pair,3,2,27,28.4,0,0,registration,2,3,120,0,20,priority,1,1,1,50.0,Elevated
2026-01-12T19:00,SYN-VLP-02,VLP,new AMSID Pair,1,1,10,28.9,0,0,registration,0,1,120,0,20,priority,1,0,0,0.0,Elevated
2026-01-12T19:00,SYN-VLP-02,VLP,historic resubmission,0,0,12,29.3,0,0,registration,1,0,120,0,20,standard,0,0,0,-100.0,Elevated
2026-01-12T19:00,SYN-VTP-02,VTP,new MSID Pair,2,1,11,29.3,0,0,registration,0,2,120,0,20,priority,1,1,1,0.0,Elevated
2026-01-12T19:00,SYN-VTP-02,VTP,new AMSID Pair,3,2,17,28.8,0,0,registration,1,3,120,0,20,priority,1,0,1,200.0,Elevated
2026-01-12T19:00,SYN-VTP-02,VTP,historic resubmission,0,0,11,26.0,0,0,registration,0,0,120,0,20,standard,0,0,0,0.0,Elevated
2026-01-12T19:00,SYN-SUP-01,Supplier,new MSID Pair,2,1,6,28.5,0,0,registration,0,2,120,0,20,priority,1,1,1,0.0,Elevated
2026-01-12T19:00,SYN-SUP-01,Supplier,new AMSID Pair,0,0,4,29.1,0,0,registration,0,0,120,0,20,priority,1,0,0,0.0,Elevated
2026-01-12T19:00,SYN-SUP-01,Supplier,historic resubmission,0,1,29,28.1,0,0,registration,2,0,120,0,20,standard,0,0,-1,-100.0,Elevated
2026-01-12T20:00,SYN-VLP-01,VLP,new MSID Pair,5,4,43,27.7,0,0,registration,3,5,120,0,20,priority,1,1,1,66.67,Elevated
2026-01-12T20:00,SYN-VLP-01,VLP,new AMSID Pair,1,1,5,28.4,0,0,registration,2,1,120,0,20,priority,1,0,0,-50.0,Elevated
2026-01-12T20:00,SYN-VLP-01,VLP,historic resubmission,0,0,11,29.0,0,0,registration,0,0,120,0,20,standard,0,0,0,0.0,Elevated
2026-01-12T20:00,SYN-VTP-01,VTP,new MSID Pair,1,1,17,28.0,0,0,registration,2,1,120,0,20,priority,1,1,0,-50.0,Elevated
2026-01-12T20:00,SYN-VTP-01,VTP,new AMSID Pair,4,2,20,26.6,0,0,registration,2,4,120,0,20,priority,1,0,2,100.0,Elevated
2026-01-12T20:00,SYN-VTP-01,VTP,historic resubmission,2,1,12,27.0,0,0,registration,1,2,120,0,20,standard,0,0,1,100.0,Elevated
2026-01-12T20:00,SYN-AMVLP-01,AMVLP,new MSID Pair,0,0,4,27.8,0,0,registration,1,0,120,0,20,priority,1,1,0,-100.0,Elevated
2026-01-12T20:00,SYN-AMVLP-01,AMVLP,new AMSID Pair,4,3,39,30.0,0,0,registration,2,4,120,0,20,priority,1,0,1,100.0,Elevated
2026-01-12T20:00,SYN-AMVLP-01,AMVLP,historic resubmission,0,0,12,28.8,0,0,registration,0,0,120,0,20,standard,0,0,0,0.0,Elevated
2026-01-12T20:00,SYN-VLP-02,VLP,new MSID Pair,3,2,28,28.6,0,0,registration,1,3,120,0,20,priority,1,1,1,200.0,Elevated
2026-01-12T20:00,SYN-VLP-02,VLP,new AMSID Pair,2,1,11,29.8,0,0,registration,0,2,120,0,20,priority,1,0,1,0.0,Elevated
2026-01-12T20:00,SYN-VLP-02,VLP,historic resubmission,1,1,12,29.1,0,0,registration,0,1,120,0,20,standard,0,0,0,0.0,Elevated
2026-01-12T20:00,SYN-VTP-02,VTP,new MSID Pair,1,1,11,29.6,0,0,registration,0,1,120,0,20,priority,1,1,0,0.0,Elevated
2026-01-12T20:00,SYN-VTP-02,VTP,new AMSID Pair,2,1,18,30.2,0,0,registration,1,2,120,0,20,priority,1,0,1,100.0,Elevated
2026-01-12T20:00,SYN-VTP-02,VTP,historic resubmission,0,0,11,28.1,0,0,registration,1,0,120,0,20,standard,0,0,0,-100.0,Elevated
2026-01-12T20:00,SYN-SUP-01,Supplier,new MSID Pair,0,1,5,28.7,0,0,registration,0,0,120,0,20,priority,1,1,-1,0.0,Elevated
2026-01-12T20:00,SYN-SUP-01,Supplier,new AMSID Pair,0,0,4,29.2,0,0,registration,0,0,120,0,20,priority,1,0,0,0.0,Elevated
2026-01-12T20:00,SYN-SUP-01,Supplier,historic resubmission,2,1,30,26.4,0,0,registration,1,2,120,0,20,standard,0,0,1,100.0,Elevated
2026-01-12T21:00,SYN-VLP-01,VLP,new MSID Pair,4,4,43,27.0,0,0,registration,1,4,120,0,20,priority,1,1,0,300.0,Elevated
2026-01-12T21:00,SYN-VLP-01,VLP,new AMSID Pair,1,1,5,28.9,0,0,registration,0,1,120,0,20,priority,1,0,0,0.0,Elevated
2026-01-12T21:00,SYN-VLP-01,VLP,historic resubmission,0,0,11,28.2,0,0,registration,1,0,120,0,20,standard,0,0,0,-100.0,Elevated
2026-01-12T21:00,SYN-VTP-01,VTP,new MSID Pair,1,1,17,27.7,0,0,registration,1,1,120,0,20,priority,1,1,0,0.0,Elevated
2026-01-12T21:00,SYN-VTP-01,VTP,new AMSID Pair,2,2,20,29.4,0,0,registration,2,2,120,0,20,priority,1,0,0,0.0,Elevated
2026-01-12T21:00,SYN-VTP-01,VTP,historic resubmission,0,0,12,27.4,0,0,registration,0,0,120,0,20,standard,0,0,0,0.0,Elevated
2026-01-12T21:00,SYN-AMVLP-01,AMVLP,new MSID Pair,0,0,4,28.0,0,0,registration,0,0,120,0,20,priority,1,1,0,0.0,Elevated
2026-01-12T21:00,SYN-AMVLP-01,AMVLP,new AMSID Pair,3,3,39,31.0,0,0,registration,2,3,120,0,20,priority,1,0,0,50.0,Elevated
2026-01-12T21:00,SYN-AMVLP-01,AMVLP,historic resubmission,1,1,12,30.8,0,0,registration,0,1,120,0,20,standard,0,0,0,0.0,Elevated
2026-01-12T21:00,SYN-VLP-02,VLP,new MSID Pair,2,2,28,30.1,0,0,registration,0,2,120,0,20,priority,1,1,0,0.0,Elevated
2026-01-12T21:00,SYN-VLP-02,VLP,new AMSID Pair,1,1,11,28.3,0,0,registration,1,1,120,0,20,priority,1,0,0,0.0,Elevated
2026-01-12T21:00,SYN-VLP-02,VLP,historic resubmission,1,1,12,30.8,0,0,registration,0,1,120,0,20,standard,0,0,0,0.0,Elevated
2026-01-12T21:00,SYN-VTP-02,VTP,new MSID Pair,1,1,11,28.0,0,0,registration,1,1,120,0,20,priority,1,1,0,0.0,Elevated
2026-01-12T21:00,SYN-VTP-02,VTP,new AMSID Pair,1,2,17,29.3,1,1,registration,0,1,120,0,20,priority,1,0,-1,0.0,Elevated
2026-01-12T21:00,SYN-VTP-02,VTP,historic resubmission,1,0,12,27.8,0,0,registration,0,1,120,0,20,standard,0,0,1,0.0,Elevated
2026-01-12T21:00,SYN-SUP-01,Supplier,new MSID Pair,0,0,5,30.0,0,0,registration,2,0,120,0,20,priority,1,1,0,-100.0,Elevated
2026-01-12T21:00,SYN-SUP-01,Supplier,new AMSID Pair,1,0,5,28.5,0,0,registration,0,1,120,0,20,priority,1,0,1,0.0,Elevated
2026-01-12T21:00,SYN-SUP-01,Supplier,historic resubmission,0,1,29,27.2,0,0,registration,0,0,120,0,20,standard,0,0,-1,0.0,Elevated
2026-01-12T22:00,SYN-VLP-01,VLP,new MSID Pair,3,4,42,27.9,0,0,registration,2,3,120,0,20,priority,1,1,-1,50.0,Elevated
2026-01-12T22:00,SYN-VLP-01,VLP,new AMSID Pair,0,0,5,29.3,0,0,registration,0,0,120,0,20,priority,1,0,0,0.0,Elevated
2026-01-12T22:00,SYN-VLP-01,VLP,historic resubmission,1,0,12,30.6,0,0,registration,0,1,120,0,20,standard,0,0,1,0.0,Elevated
2026-01-12T22:00,SYN-VTP-01,VTP,new MSID Pair,2,2,17,29.9,0,0,registration,0,2,120,0,20,priority,1,1,0,0.0,Elevated
2026-01-12T22:00,SYN-VTP-01,VTP,new AMSID Pair,2,2,20,30.0,0,0,registration,0,2,120,0,20,priority,1,0,0,0.0,Elevated
2026-01-12T22:00,SYN-VTP-01,VTP,historic resubmission,0,0,12,27.5,0,0,registration,0,0,120,0,20,standard,0,0,0,0.0,Elevated
2026-01-12T22:00,SYN-AMVLP-01,AMVLP,new MSID Pair,1,0,5,29.4,0,0,registration,0,1,120,0,20,priority,1,1,1,0.0,Elevated
2026-01-12T22:00,SYN-AMVLP-01,AMVLP,new AMSID Pair,3,3,39,29.8,0,0,registration,2,3,120,0,20,priority,1,0,0,50.0,Elevated
2026-01-12T22:00,SYN-AMVLP-01,AMVLP,historic resubmission,0,0,12,30.9,0,0,registration,1,0,120,0,20,standard,0,0,0,-100.0,Elevated
2026-01-12T22:00,SYN-VLP-02,VLP,new MSID Pair,2,2,28,29.4,0,0,registration,1,2,120,0,20,priority,1,1,0,100.0,Elevated
2026-01-12T22:00,SYN-VLP-02,VLP,new AMSID Pair,1,1,11,30.1,0,0,registration,1,1,120,0,20,priority,1,0,0,0.0,Elevated
2026-01-12T22:00,SYN-VLP-02,VLP,historic resubmission,1,1,12,27.1,0,0,registration,0,1,120,0,20,standard,0,0,0,0.0,Elevated
2026-01-12T22:00,SYN-VTP-02,VTP,new MSID Pair,1,1,11,30.5,0,0,registration,0,1,120,0,20,priority,1,1,0,0.0,Elevated
2026-01-12T22:00,SYN-VTP-02,VTP,new AMSID Pair,1,1,17,28.7,0,0,registration,1,1,120,0,20,priority,1,0,0,0.0,Elevated
2026-01-12T22:00,SYN-VTP-02,VTP,historic resubmission,1,1,12,27.2,0,0,registration,1,1,120,0,20,standard,0,0,0,0.0,Elevated
2026-01-12T22:00,SYN-SUP-01,Supplier,new MSID Pair,1,1,5,30.7,0,0,registration,0,1,120,0,20,priority,1,1,0,0.0,Elevated
2026-01-12T22:00,SYN-SUP-01,Supplier,new AMSID Pair,0,0,5,30.1,0,0,registration,0,0,120,0,20,priority,1,0,0,0.0,Elevated
2026-01-12T22:00,SYN-SUP-01,Supplier,historic resubmission,1,1,29,28.9,0,0,registration,1,1,120,0,20,standard,0,0,0,0.0,Elevated
2026-01-12T23:00,SYN-VLP-01,VLP,new MSID Pair,2,3,41,30.2,0,0,registration,1,2,120,0,20,priority,1,1,-1,100.0,Elevated
2026-01-12T23:00,SYN-VLP-01,VLP,new AMSID Pair,0,0,5,28.5,0,0,registration,0,0,120,0,20,priority,1,0,0,0.0,Elevated
2026-01-12T23:00,SYN-VLP-01,VLP,historic resubmission,1,1,12,29.0,0,0,registration,0,1,120,0,20,standard,0,0,0,0.0,Elevated
2026-01-12T23:00,SYN-VTP-01,VTP,new MSID Pair,1,1,17,29.4,0,0,registration,1,1,120,0,20,priority,1,1,0,0.0,Elevated
2026-01-12T23:00,SYN-VTP-01,VTP,new AMSID Pair,1,2,19,29.0,0,0,registration,1,1,120,0,20,priority,1,0,-1,0.0,Elevated
2026-01-12T23:00,SYN-VTP-01,VTP,historic resubmission,0,1,11,28.9,0,0,registration,0,0,120,0,20,standard,0,0,-1,0.0,Elevated
2026-01-12T23:00,SYN-AMVLP-01,AMVLP,new MSID Pair,0,0,5,27.5,0,0,registration,0,0,120,0,20,priority,1,1,0,0.0,Elevated
2026-01-12T23:00,SYN-AMVLP-01,AMVLP,new AMSID Pair,2,3,38,30.0,0,0,registration,1,2,120,0,20,priority,1,0,-1,100.0,Elevated
2026-01-12T23:00,SYN-AMVLP-01,AMVLP,historic resubmission,1,1,12,30.8,0,0,registration,1,1,120,0,20,standard,0,0,0,0.0,Elevated
2026-01-12T23:00,SYN-VLP-02,VLP,new MSID Pair,1,2,27,30.4,0,0,registration,0,1,120,0,20,priority,1,1,-1,0.0,Elevated
2026-01-12T23:00,SYN-VLP-02,VLP,new AMSID Pair,0,1,10,30.1,0,0,registration,2,0,120,0,20,priority,1,0,-1,-100.0,Elevated
2026-01-12T23:00,SYN-VLP-02,VLP,historic resubmission,0,1,11,29.5,0,0,registration,1,0,120,0,20,standard,0,0,-1,-100.0,Elevated
2026-01-12T23:00,SYN-VTP-02,VTP,new MSID Pair,1,1,11,28.2,0,0,registration,1,1,120,0,20,priority,1,1,0,0.0,Elevated
2026-01-12T23:00,SYN-VTP-02,VTP,new AMSID Pair,1,1,17,28.3,0,0,registration,0,1,120,0,20,priority,1,0,0,0.0,Elevated
2026-01-12T23:00,SYN-VTP-02,VTP,historic resubmission,0,0,12,28.9,0,0,registration,0,0,120,0,20,standard,0,0,0,0.0,Elevated
2026-01-12T23:00,SYN-SUP-01,Supplier,new MSID Pair,1,1,5,30.4,0,0,registration,0,1,120,0,20,priority,1,1,0,0.0,Elevated
2026-01-12T23:00,SYN-SUP-01,Supplier,new AMSID Pair,0,0,5,30.8,0,0,registration,1,0,120,0,20,priority,1,0,0,-100.0,Elevated
2026-01-12T23:00,SYN-SUP-01,Supplier,historic resubmission,1,1,29,29.0,0,0,registration,1,1,120,0,20,standard,0,0,0,0.0,Elevated
2026-01-13T00:00,SYN-VLP-01,VLP,new MSID Pair,3,4,40,30.4,0,0,registration,1,3,120,0,20,priority,1,1,-1,200.0,Elevated
2026-01-13T00:00,SYN-VLP-01,VLP,new AMSID Pair,1,1,5,30.5,0,0,registration,0,1,120,0,20,priority,1,0,0,0.0,Elevated
2026-01-13T00:00,SYN-VLP-01,VLP,historic resubmission,0,0,12,29.5,0,0,registration,0,0,120,0,20,standard,0,0,0,0.0,Elevated
2026-01-13T00:00,SYN-VTP-01,VTP,new MSID Pair,0,1,16,29.8,0,0,registration,0,0,120,0,20,priority,1,1,-1,0.0,Elevated
2026-01-13T00:00,SYN-VTP-01,VTP,new AMSID Pair,1,2,18,27.3,0,0,registration,1,1,120,0,20,priority,1,0,-1,0.0,Elevated
2026-01-13T00:00,SYN-VTP-01,VTP,historic resubmission,0,0,11,27.4,0,0,registration,0,0,120,0,20,standard,0,0,0,0.0,Elevated
2026-01-13T00:00,SYN-AMVLP-01,AMVLP,new MSID Pair,0,0,5,27.3,0,0,registration,0,0,120,0,20,priority,1,1,0,0.0,Elevated
2026-01-13T00:00,SYN-AMVLP-01,AMVLP,new AMSID Pair,3,3,38,30.5,0,0,registration,3,3,120,0,20,priority,1,0,0,0.0,Elevated
2026-01-13T00:00,SYN-AMVLP-01,AMVLP,historic resubmission,1,1,12,30.1,1,1,registration,0,1,120,0,20,standard,0,0,0,0.0,Elevated
2026-01-13T00:00,SYN-VLP-02,VLP,new MSID Pair,1,2,26,27.0,0,0,registration,1,1,120,0,20,priority,1,1,-1,0.0,Elevated
2026-01-13T00:00,SYN-VLP-02,VLP,new AMSID Pair,1,1,10,27.1,0,0,registration,0,1,120,0,20,priority,1,0,0,0.0,Elevated
2026-01-13T00:00,SYN-VLP-02,VLP,historic resubmission,0,0,11,28.6,0,0,registration,1,0,120,0,20,standard,0,0,0,-100.0,Elevated
2026-01-13T00:00,SYN-VTP-02,VTP,new MSID Pair,0,1,10,28.8,0,0,registration,0,0,120,0,20,priority,1,1,-1,0.0,Elevated
2026-01-13T00:00,SYN-VTP-02,VTP,new AMSID Pair,0,1,16,27.9,0,0,registration,1,0,120,0,20,priority,1,0,-1,-100.0,Elevated
2026-01-13T00:00,SYN-VTP-02,VTP,historic resubmission,1,1,12,27.5,0,0,registration,0,1,120,0,20,standard,0,0,0,0.0,Elevated
2026-01-13T00:00,SYN-SUP-01,Supplier,new MSID Pair,1,1,5,26.8,0,0,registration,1,1,120,0,20,priority,1,1,0,0.0,Elevated
2026-01-13T00:00,SYN-SUP-01,Supplier,new AMSID Pair,0,0,5,29.2,0,0,registration,0,0,120,0,20,priority,1,0,0,0.0,Elevated
2026-01-13T00:00,SYN-SUP-01,Supplier,historic resubmission,1,1,29,30.2,0,0,registration,0,1,120,0,20,standard,0,0,0,0.0,Elevated
2026-01-13T01:00,SYN-VLP-01,VLP,new MSID Pair,2,4,38,27.0,0,0,registration,1,2,120,0,20,priority,1,1,-2,100.0,Elevated
2026-01-13T01:00,SYN-VLP-01,VLP,new AMSID Pair,0,0,5,26.1,0,0,registration,0,0,120,0,20,priority,1,0,0,0.0,Elevated
2026-01-13T01:00,SYN-VLP-01,VLP,historic resubmission,1,1,12,27.3,0,0,registration,0,1,120,0,20,standard,0,0,0,0.0,Elevated
2026-01-13T01:00,SYN-VTP-01,VTP,new MSID Pair,0,1,15,29.8,0,0,registration,1,0,120,0,20,priority,1,1,-1,-100.0,Elevated
2026-01-13T01:00,SYN-VTP-01,VTP,new AMSID Pair,1,2,17,27.0,0,0,registration,1,1,120,0,20,priority,1,0,-1,0.0,Elevated
2026-01-13T01:00,SYN-VTP-01,VTP,historic resubmission,0,0,11,29.9,0,0,registration,0,0,120,0,20,standard,0,0,0,0.0,Elevated
2026-01-13T01:00,SYN-AMVLP-01,AMVLP,new MSID Pair,0,0,5,28.8,0,0,registration,0,0,120,0,20,priority,1,1,0,0.0,Elevated
2026-01-13T01:00,SYN-AMVLP-01,AMVLP,new AMSID Pair,2,3,37,26.4,0,0,registration,2,2,120,0,20,priority,1,0,-1,0.0,Elevated
2026-01-13T01:00,SYN-AMVLP-01,AMVLP,historic resubmission,0,1,11,29.9,0,0,registration,0,0,120,0,20,standard,0,0,-1,0.0,Elevated
2026-01-13T01:00,SYN-VLP-02,VLP,new MSID Pair,1,2,25,29.6,0,0,registration,2,1,120,0,20,priority,1,1,-1,-50.0,Elevated
2026-01-13T01:00,SYN-VLP-02,VLP,new AMSID Pair,1,1,10,27.7,0,0,registration,0,1,120,0,20,priority,1,0,0,0.0,Elevated
2026-01-13T01:00,SYN-VLP-02,VLP,historic resubmission,0,0,11,28.5,0,0,registration,0,0,120,0,20,standard,0,0,0,0.0,Elevated
2026-01-13T01:00,SYN-VTP-02,VTP,new MSID Pair,1,1,10,28.7,0,0,registration,0,1,120,0,20,priority,1,1,0,0.0,Elevated
2026-01-13T01:00,SYN-VTP-02,VTP,new AMSID Pair,1,1,16,26.8,0,0,registration,0,1,120,0,20,priority,1,0,0,0.0,Elevated
2026-01-13T01:00,SYN-VTP-02,VTP,historic resubmission,0,1,11,27.1,0,0,registration,1,0,120,0,20,standard,0,0,-1,-100.0,Elevated
2026-01-13T01:00,SYN-SUP-01,Supplier,new MSID Pair,2,1,6,27.9,0,0,registration,0,2,120,0,20,priority,1,1,1,0.0,Elevated
2026-01-13T01:00,SYN-SUP-01,Supplier,new AMSID Pair,0,0,5,27.3,0,0,registration,0,0,120,0,20,priority,1,0,0,0.0,Elevated
2026-01-13T01:00,SYN-SUP-01,Supplier,historic resubmission,0,1,28,26.5,0,0,registration,0,0,120,0,20,standard,0,0,-1,0.0,Elevated
2026-01-13T02:00,SYN-VLP-01,VLP,new MSID Pair,1,3,36,26.9,0,0,registration,1,1,120,0,20,priority,1,1,-2,0.0,Elevated
2026-01-13T02:00,SYN-VLP-01,VLP,new AMSID Pair,0,0,5,25.9,0,0,registration,0,0,120,0,20,priority,1,0,0,0.0,Elevated
2026-01-13T02:00,SYN-VLP-01,VLP,historic resubmission,0,1,11,27.0,0,0,registration,0,0,120,0,20,standard,0,0,-1,0.0,Elevated
2026-01-13T02:00,SYN-VTP-01,VTP,new MSID Pair,0,1,14,26.9,0,0,registration,1,0,120,0,20,priority,1,1,-1,-100.0,Elevated
2026-01-13T02:00,SYN-VTP-01,VTP,new AMSID Pair,0,2,15,27.9,0,0,registration,0,0,120,0,20,priority,1,0,-2,0.0,Elevated
2026-01-13T02:00,SYN-VTP-01,VTP,historic resubmission,0,1,10,27.2,0,0,registration,0,0,120,0,20,standard,0,0,-1,0.0,Elevated
2026-01-13T02:00,SYN-AMVLP-01,AMVLP,new MSID Pair,0,0,5,25.9,0,0,registration,0,0,120,0,20,priority,1,1,0,0.0,Elevated
2026-01-13T02:00,SYN-AMVLP-01,AMVLP,new AMSID Pair,1,3,35,28.3,0,0,registration,2,1,120,0,20,priority,1,0,-2,-50.0,Elevated
2026-01-13T02:00,SYN-AMVLP-01,AMVLP,historic resubmission,0,0,11,25.8,0,0,registration,0,0,120,0,20,standard,0,0,0,0.0,Elevated
2026-01-13T02:00,SYN-VLP-02,VLP,new MSID Pair,2,2,25,29.3,0,0,registration,1,2,120,0,20,priority,1,1,0,100.0,Elevated
2026-01-13T02:00,SYN-VLP-02,VLP,new AMSID Pair,1,1,10,29.3,0,0,registration,1,1,120,0,20,priority,1,0,0,0.0,Elevated
2026-01-13T02:00,SYN-VLP-02,VLP,historic resubmission,0,0,11,25.9,0,0,registration,0,0,120,0,20,standard,0,0,0,0.0,Elevated
2026-01-13T02:00,SYN-VTP-02,VTP,new MSID Pair,0,1,9,28.1,0,0,registration,0,0,120,0,20,priority,1,1,-1,0.0,Elevated
2026-01-13T02:00,SYN-VTP-02,VTP,new AMSID Pair,2,2,16,27.2,0,0,registration,1,2,120,0,20,priority,1,0,0,100.0,Elevated
2026-01-13T02:00,SYN-VTP-02,VTP,historic resubmission,1,1,11,27.0,0,0,registration,0,1,120,0,20,standard,0,0,0,0.0,Elevated
2026-01-13T02:00,SYN-SUP-01,Supplier,new MSID Pair,1,1,6,26.3,0,0,registration,1,1,120,0,20,priority,1,1,0,0.0,Elevated
2026-01-13T02:00,SYN-SUP-01,Supplier,new AMSID Pair,0,0,5,28.2,0,0,registration,0,0,120,0,20,priority,1,0,0,0.0,Elevated
2026-01-13T02:00,SYN-SUP-01,Supplier,historic resubmission,1,1,28,26.6,0,0,registration,1,1,120,0,20,standard,0,0,0,0.0,Elevated
2026-01-13T03:00,SYN-VLP-01,VLP,new MSID Pair,2,3,35,27.9,0,1,registration,1,2,120,0,20,priority,1,1,-1,100.0,Elevated
2026-01-13T03:00,SYN-VLP-01,VLP,new AMSID Pair,0,0,5,28.0,0,0,registration,0,0,120,0,20,priority,1,0,0,0.0,Elevated
2026-01-13T03:00,SYN-VLP-01,VLP,historic resubmission,0,1,10,28.4,0,0,registration,0,0,120,0,20,standard,0,0,-1,0.0,Elevated
2026-01-13T03:00,SYN-VTP-01,VTP,new MSID Pair,1,1,14,25.6,0,0,registration,0,1,120,0,20,priority,1,1,0,0.0,Elevated
2026-01-13T03:00,SYN-VTP-01,VTP,new AMSID Pair,1,1,15,25.4,0,0,registration,1,1,120,0,20,priority,1,0,0,0.0,Elevated
2026-01-13T03:00,SYN-VTP-01,VTP,historic resubmission,0,0,10,25.9,0,0,registration,0,0,120,0,20,standard,0,0,0,0.0,Elevated
2026-01-13T03:00,SYN-AMVLP-01,AMVLP,new MSID Pair,0,0,5,28.0,0,0,registration,1,0,120,0,20,priority,1,1,0,-100.0,Elevated
2026-01-13T03:00,SYN-AMVLP-01,AMVLP,new AMSID Pair,2,3,34,26.1,0,0,registration,1,2,120,0,20,priority,1,0,-1,100.0,Elevated
2026-01-13T03:00,SYN-AMVLP-01,AMVLP,historic resubmission,1,1,11,27.0,0,0,registration,0,1,120,0,20,standard,0,0,0,0.0,Elevated
2026-01-13T03:00,SYN-VLP-02,VLP,new MSID Pair,1,2,24,28.3,0,0,registration,1,1,120,0,20,priority,1,1,-1,0.0,Elevated
2026-01-13T03:00,SYN-VLP-02,VLP,new AMSID Pair,1,1,10,27.0,0,0,registration,1,1,120,0,20,priority,1,0,0,0.0,Elevated
2026-01-13T03:00,SYN-VLP-02,VLP,historic resubmission,1,1,11,27.7,0,0,registration,1,1,120,0,20,standard,0,0,0,0.0,Elevated
2026-01-13T03:00,SYN-VTP-02,VTP,new MSID Pair,1,1,9,27.8,0,0,registration,1,1,120,0,20,priority,1,1,0,0.0,Elevated
2026-01-13T03:00,SYN-VTP-02,VTP,new AMSID Pair,1,2,15,24.8,0,0,registration,1,1,120,0,20,priority,1,0,-1,0.0,Elevated
2026-01-13T03:00,SYN-VTP-02,VTP,historic resubmission,0,1,10,26.1,0,0,registration,0,0,120,0,20,standard,0,0,-1,0.0,Elevated
2026-01-13T03:00,SYN-SUP-01,Supplier,new MSID Pair,0,1,5,28.1,0,0,registration,0,0,120,0,20,priority,1,1,-1,0.0,Elevated
2026-01-13T03:00,SYN-SUP-01,Supplier,new AMSID Pair,0,0,5,26.3,0,0,registration,1,0,120,0,20,priority,1,0,0,-100.0,Elevated
2026-01-13T03:00,SYN-SUP-01,Supplier,historic resubmission,1,1,28,25.8,0,0,registration,2,1,120,0,20,standard,0,0,0,-50.0,Elevated
2026-01-13T04:00,SYN-VLP-01,VLP,new MSID Pair,3,3,35,27.2,0,0,registration,0,3,120,0,20,priority,1,1,0,0.0,Elevated
2026-01-13T04:00,SYN-VLP-01,VLP,new AMSID Pair,0,0,5,25.7,0,0,registration,1,0,120,0,20,priority,1,0,0,-100.0,Elevated
2026-01-13T04:00,SYN-VLP-01,VLP,historic resubmission,0,0,10,24.6,0,0,registration,1,0,120,0,20,standard,0,0,0,-100.0,Elevated
2026-01-13T04:00,SYN-VTP-01,VTP,new MSID Pair,1,1,14,25.6,0,0,registration,0,1,120,0,20,priority,1,1,0,0.0,Elevated
2026-01-13T04:00,SYN-VTP-01,VTP,new AMSID Pair,1,1,15,26.6,0,1,registration,1,1,120,0,20,priority,1,0,0,0.0,Elevated
2026-01-13T04:00,SYN-VTP-01,VTP,historic resubmission,0,0,10,26.4,0,0,registration,0,0,120,0,20,standard,0,0,0,0.0,Elevated
2026-01-13T04:00,SYN-AMVLP-01,AMVLP,new MSID Pair,0,1,4,27.5,0,0,registration,0,0,120,0,20,priority,1,1,-1,0.0,Elevated
2026-01-13T04:00,SYN-AMVLP-01,AMVLP,new AMSID Pair,2,3,33,24.9,0,0,registration,2,2,120,0,20,priority,1,0,-1,0.0,Elevated
2026-01-13T04:00,SYN-AMVLP-01,AMVLP,historic resubmission,0,1,10,28.0,0,0,registration,0,0,120,0,20,standard,0,0,-1,0.0,Elevated
2026-01-13T04:00,SYN-VLP-02,VLP,new MSID Pair,1,2,23,27.7,0,0,registration,0,1,120,0,20,priority,1,1,-1,0.0,Elevated
2026-01-13T04:00,SYN-VLP-02,VLP,new AMSID Pair,1,1,10,24.4,0,0,registration,0,1,120,0,20,priority,1,0,0,0.0,Elevated
2026-01-13T04:00,SYN-VLP-02,VLP,historic resubmission,1,1,11,26.2,0,0,registration,0,1,120,0,20,standard,0,0,0,0.0,Elevated
2026-01-13T04:00,SYN-VTP-02,VTP,new MSID Pair,1,1,9,26.6,0,0,registration,0,1,120,0,20,priority,1,1,0,0.0,Elevated
2026-01-13T04:00,SYN-VTP-02,VTP,new AMSID Pair,1,1,15,27.5,0,0,registration,0,1,120,0,20,priority,1,0,0,0.0,Elevated
2026-01-13T04:00,SYN-VTP-02,VTP,historic resubmission,1,1,10,26.0,0,0,registration,0,1,120,0,20,standard,0,0,0,0.0,Elevated
2026-01-13T04:00,SYN-SUP-01,Supplier,new MSID Pair,0,1,4,25.3,0,0,registration,0,0,120,0,20,priority,1,1,-1,0.0,Elevated
2026-01-13T04:00,SYN-SUP-01,Supplier,new AMSID Pair,0,1,4,27.1,0,0,registration,0,0,120,0,20,priority,1,0,-1,0.0,Elevated
2026-01-13T04:00,SYN-SUP-01,Supplier,historic resubmission,0,1,27,25.9,0,0,registration,1,0,120,0,20,standard,0,0,-1,-100.0,Elevated
2026-01-13T05:00,SYN-VLP-01,VLP,new MSID Pair,1,3,33,25.2,0,0,registration,1,1,120,0,20,priority,1,1,-2,0.0,Elevated
2026-01-13T05:00,SYN-VLP-01,VLP,new AMSID Pair,1,1,5,23.9,0,0,registration,2,1,120,0,20,priority,1,0,0,-50.0,Elevated
2026-01-13T05:00,SYN-VLP-01,VLP,historic resubmission,0,0,10,27.4,0,0,registration,2,0,120,0,20,standard,0,0,0,-100.0,Elevated
2026-01-13T05:00,SYN-VTP-01,VTP,new MSID Pair,0,1,13,26.3,0,0,registration,2,0,120,0,20,priority,1,1,-1,-100.0,Elevated
2026-01-13T05:00,SYN-VTP-01,VTP,new AMSID Pair,0,1,14,25.7,0,0,registration,0,0,120,0,20,priority,1,0,-1,0.0,Elevated
2026-01-13T05:00,SYN-VTP-01,VTP,historic resubmission,0,0,10,27.5,0,0,registration,0,0,120,0,20,standard,0,0,0,0.0,Elevated
2026-01-13T05:00,SYN-AMVLP-01,AMVLP,new MSID Pair,0,0,4,26.1,0,0,registration,0,0,120,0,20,priority,1,1,0,0.0,Elevated
2026-01-13T05:00,SYN-AMVLP-01,AMVLP,new AMSID Pair,1,3,31,26.6,0,0,registration,1,1,120,0,20,priority,1,0,-2,0.0,Elevated
2026-01-13T05:00,SYN-AMVLP-01,AMVLP,historic resubmission,1,1,10,27.0,1,1,registration,1,1,120,0,20,standard,0,0,0,0.0,Elevated
2026-01-13T05:00,SYN-VLP-02,VLP,new MSID Pair,2,2,23,25.5,0,0,registration,1,2,120,0,20,priority,1,1,0,100.0,Elevated
2026-01-13T05:00,SYN-VLP-02,VLP,new AMSID Pair,2,1,11,25.7,1,1,registration,0,2,120,0,20,priority,1,0,1,0.0,Elevated
2026-01-13T05:00,SYN-VLP-02,VLP,historic resubmission,1,1,11,26.5,0,0,registration,1,1,120,0,20,standard,0,0,0,0.0,Elevated
2026-01-13T05:00,SYN-VTP-02,VTP,new MSID Pair,1,1,9,24.5,0,0,registration,0,1,120,0,20,priority,1,1,0,0.0,Elevated
2026-01-13T05:00,SYN-VTP-02,VTP,new AMSID Pair,1,2,14,27.1,0,0,registration,1,1,120,0,20,priority,1,0,-1,0.0,Elevated
2026-01-13T05:00,SYN-VTP-02,VTP,historic resubmission,1,1,10,26.0,0,0,registration,0,1,120,0,20,standard,0,0,0,0.0,Elevated
2026-01-13T05:00,SYN-SUP-01,Supplier,new MSID Pair,1,1,4,25.5,0,0,registration,1,1,120,0,20,priority,1,1,0,0.0,Elevated
2026-01-13T05:00,SYN-SUP-01,Supplier,new AMSID Pair,1,0,5,26.9,0,0,registration,0,1,120,0,20,priority,1,0,1,0.0,Elevated
2026-01-13T05:00,SYN-SUP-01,Supplier,historic resubmission,0,1,26,27.0,0,0,registration,1,0,120,0,20,standard,0,0,-1,-100.0,Elevated
2026-01-13T06:00,SYN-VLP-01,VLP,new MSID Pair,4,3,34,25.1,0,0,registration,1,4,120,0,20,priority,1,1,1,300.0,Elevated
2026-01-13T06:00,SYN-VLP-01,VLP,new AMSID Pair,0,1,4,25.6,0,0,registration,1,0,120,0,20,priority,1,0,-1,-100.0,Elevated
2026-01-13T06:00,SYN-VLP-01,VLP,historic resubmission,0,0,10,24.1,0,0,registration,0,0,120,0,20,standard,0,0,0,0.0,Elevated
2026-01-13T06:00,SYN-VTP-01,VTP,new MSID Pair,2,1,14,24.3,0,0,registration,1,2,120,0,20,priority,1,1,1,100.0,Elevated
2026-01-13T06:00,SYN-VTP-01,VTP,new AMSID Pair,2,2,14,25.5,0,0,registration,2,2,120,0,20,priority,1,0,0,0.0,Elevated
2026-01-13T06:00,SYN-VTP-01,VTP,historic resubmission,0,0,10,26.7,0,0,registration,0,0,120,0,20,standard,0,0,0,0.0,Elevated
2026-01-13T06:00,SYN-AMVLP-01,AMVLP,new MSID Pair,0,0,4,24.7,0,0,registration,0,0,120,0,20,priority,1,1,0,0.0,Elevated
2026-01-13T06:00,SYN-AMVLP-01,AMVLP,new AMSID Pair,4,3,32,24.5,0,0,registration,2,4,120,0,20,priority,1,0,1,100.0,Elevated
2026-01-13T06:00,SYN-AMVLP-01,AMVLP,historic resubmission,1,1,10,25.6,0,0,registration,2,1,120,0,20,standard,0,0,0,-50.0,Elevated
2026-01-13T06:00,SYN-VLP-02,VLP,new MSID Pair,2,2,23,26.6,0,0,registration,2,2,120,0,20,priority,1,1,0,0.0,Elevated
2026-01-13T06:00,SYN-VLP-02,VLP,new AMSID Pair,1,1,11,26.4,0,0,registration,0,1,120,0,20,priority,1,0,0,0.0,Elevated
2026-01-13T06:00,SYN-VLP-02,VLP,historic resubmission,0,1,10,24.8,0,0,registration,1,0,120,0,20,standard,0,0,-1,-100.0,Elevated
2026-01-13T06:00,SYN-VTP-02,VTP,new MSID Pair,1,1,9,25.8,0,0,registration,0,1,120,0,20,priority,1,1,0,0.0,Elevated
2026-01-13T06:00,SYN-VTP-02,VTP,new AMSID Pair,2,2,14,24.5,0,0,registration,2,2,120,0,20,priority,1,0,0,0.0,Elevated
2026-01-13T06:00,SYN-VTP-02,VTP,historic resubmission,0,0,10,24.0,0,0,registration,1,0,120,0,20,standard,0,0,0,-100.0,Elevated
2026-01-13T06:00,SYN-SUP-01,Supplier,new MSID Pair,0,0,4,24.4,0,0,registration,0,0,120,0,20,priority,1,1,0,0.0,Elevated
2026-01-13T06:00,SYN-SUP-01,Supplier,new AMSID Pair,0,1,4,26.9,0,0,registration,0,0,120,0,20,priority,1,0,-1,0.0,Elevated
2026-01-13T06:00,SYN-SUP-01,Supplier,historic resubmission,1,1,26,26.3,0,0,registration,1,1,120,0,20,standard,0,0,0,0.0,Elevated
2026-01-13T07:00,SYN-VLP-01,VLP,new MSID Pair,4,3,35,26.1,0,0,registration,3,4,120,0,20,priority,1,1,1,33.33,Elevated
2026-01-13T07:00,SYN-VLP-01,VLP,new AMSID Pair,1,0,5,26.2,0,0,registration,0,1,120,0,20,priority,1,0,1,0.0,Elevated
2026-01-13T07:00,SYN-VLP-01,VLP,historic resubmission,1,1,10,24.4,0,0,registration,0,1,120,0,20,standard,0,0,0,0.0,Elevated
2026-01-13T07:00,SYN-VTP-01,VTP,new MSID Pair,2,1,15,24.6,0,0,registration,1,2,120,0,20,priority,1,1,1,100.0,Elevated
2026-01-13T07:00,SYN-VTP-01,VTP,new AMSID Pair,2,1,15,26.5,0,0,registration,1,2,120,0,20,priority,1,0,1,100.0,Elevated
2026-01-13T07:00,SYN-VTP-01,VTP,historic resubmission,1,1,10,24.8,0,0,registration,0,1,120,0,20,standard,0,0,0,0.0,Elevated
2026-01-13T07:00,SYN-AMVLP-01,AMVLP,new MSID Pair,1,0,5,23.5,0,0,registration,1,1,120,0,20,priority,1,1,1,0.0,Elevated
2026-01-13T07:00,SYN-AMVLP-01,AMVLP,new AMSID Pair,4,3,33,23.8,0,0,registration,0,4,120,0,20,priority,1,0,1,0.0,Elevated
2026-01-13T07:00,SYN-AMVLP-01,AMVLP,historic resubmission,1,1,10,25.8,0,0,registration,0,1,120,0,20,standard,0,0,0,0.0,Elevated
2026-01-13T07:00,SYN-VLP-02,VLP,new MSID Pair,2,2,23,26.0,0,0,registration,2,2,120,0,20,priority,1,1,0,0.0,Elevated
2026-01-13T07:00,SYN-VLP-02,VLP,new AMSID Pair,1,1,11,26.4,0,0,registration,0,1,120,0,20,priority,1,0,0,0.0,Elevated
2026-01-13T07:00,SYN-VLP-02,VLP,historic resubmission,1,1,10,25.9,0,0,registration,0,1,120,0,20,standard,0,0,0,0.0,Elevated
2026-01-13T07:00,SYN-VTP-02,VTP,new MSID Pair,0,1,8,24.3,0,0,registration,0,0,120,0,20,priority,1,1,-1,0.0,Elevated
2026-01-13T07:00,SYN-VTP-02,VTP,new AMSID Pair,3,2,15,23.8,0,0,registration,3,3,120,0,20,priority,1,0,1,0.0,Elevated
2026-01-13T07:00,SYN-VTP-02,VTP,historic resubmission,0,0,10,24.9,0,0,registration,0,0,120,0,20,standard,0,0,0,0.0,Elevated
2026-01-13T07:00,SYN-SUP-01,Supplier,new MSID Pair,1,1,4,23.4,0,0,registration,1,1,120,0,20,priority,1,1,0,0.0,Elevated
2026-01-13T07:00,SYN-SUP-01,Supplier,new AMSID Pair,0,0,4,26.8,0,0,registration,1,0,120,0,20,priority,1,0,0,-100.0,Elevated
2026-01-13T07:00,SYN-SUP-01,Supplier,historic resubmission,2,1,27,24.6,0,0,registration,1,2,120,0,20,standard,0,0,1,100.0,Elevated
2026-01-13T08:00,SYN-VLP-01,VLP,new MSID Pair,4,3,36,24.5,0,1,registration,3,4,120,0,20,priority,1,1,1,33.33,Elevated
2026-01-13T08:00,SYN-VLP-01,VLP,new AMSID Pair,0,0,5,27.0,0,0,registration,0,0,120,0,20,priority,1,0,0,0.0,Elevated
2026-01-13T08:00,SYN-VLP-01,VLP,historic resubmission,1,1,10,24.6,0,0,registration,0,1,120,0,20,standard,0,0,0,0.0,Elevated
2026-01-13T08:00,SYN-VTP-01,VTP,new MSID Pair,1,1,15,27.0,0,0,registration,1,1,120,0,20,priority,1,1,0,0.0,Elevated
2026-01-13T08:00,SYN-VTP-01,VTP,new AMSID Pair,2,2,15,27.5,0,1,registration,1,2,120,0,20,priority,1,0,0,100.0,Elevated
2026-01-13T08:00,SYN-VTP-01,VTP,historic resubmission,0,0,10,23.8,0,0,registration,0,0,120,0,20,standard,0,0,0,0.0,Elevated
2026-01-13T08:00,SYN-AMVLP-01,AMVLP,new MSID Pair,0,0,5,25.1,0,0,registration,0,0,120,0,20,priority,1,1,0,0.0,Elevated
2026-01-13T08:00,SYN-AMVLP-01,AMVLP,new AMSID Pair,4,3,34,25.7,0,0,registration,3,4,120,0,20,priority,1,0,1,33.33,Elevated
2026-01-13T08:00,SYN-AMVLP-01,AMVLP,historic resubmission,1,1,10,26.9,0,0,registration,0,1,120,0,20,standard,0,0,0,0.0,Elevated
2026-01-13T08:00,SYN-VLP-02,VLP,new MSID Pair,2,2,23,25.3,1,1,registration,2,2,120,0,20,priority,1,1,0,0.0,Elevated
2026-01-13T08:00,SYN-VLP-02,VLP,new AMSID Pair,1,1,11,24.1,0,0,registration,1,1,120,0,20,priority,1,0,0,0.0,Elevated
2026-01-13T08:00,SYN-VLP-02,VLP,historic resubmission,2,1,11,27.3,0,0,registration,0,2,120,0,20,standard,0,0,1,0.0,Elevated
2026-01-13T08:00,SYN-VTP-02,VTP,new MSID Pair,2,1,9,27.1,0,0,registration,0,2,120,0,20,priority,1,1,1,0.0,Elevated
2026-01-13T08:00,SYN-VTP-02,VTP,new AMSID Pair,3,2,16,26.7,0,0,registration,2,3,120,0,20,priority,1,0,1,50.0,Elevated
2026-01-13T08:00,SYN-VTP-02,VTP,historic resubmission,2,1,11,27.3,0,0,registration,0,2,120,0,20,standard,0,0,1,0.0,Elevated
2026-01-13T08:00,SYN-SUP-01,Supplier,new MSID Pair,0,0,4,26.7,0,0,registration,0,0,120,0,20,priority,1,1,0,0.0,Elevated
2026-01-13T08:00,SYN-SUP-01,Supplier,new AMSID Pair,0,0,4,25.1,0,0,registration,0,0,120,0,20,priority,1,0,0,0.0,Elevated
2026-01-13T08:00,SYN-SUP-01,Supplier,historic resubmission,2,1,28,23.8,0,0,registration,1,2,120,0,20,standard,0,0,1,100.0,Elevated
2026-01-13T09:00,SYN-VLP-01,VLP,new MSID Pair,9,4,41,27.3,0,0,registration,3,9,120,0,20,priority,1,1,5,200.0,Elevated
2026-01-13T09:00,SYN-VLP-01,VLP,new AMSID Pair,0,0,5,26.4,0,0,registration,1,0,120,0,20,priority,1,0,0,-100.0,Elevated
2026-01-13T09:00,SYN-VLP-01,VLP,historic resubmission,0,0,10,25.2,0,0,registration,1,0,120,0,20,standard,0,0,0,-100.0,Elevated
2026-01-13T09:00,SYN-VTP-01,VTP,new MSID Pair,2,1,16,26.0,0,0,registration,1,2,120,0,20,priority,1,1,1,100.0,Elevated
2026-01-13T09:00,SYN-VTP-01,VTP,new AMSID Pair,4,2,17,27.9,0,0,registration,2,4,120,0,20,priority,1,0,2,100.0,Elevated
2026-01-13T09:00,SYN-VTP-01,VTP,historic resubmission,0,0,10,27.5,0,0,registration,1,0,120,0,20,standard,0,0,0,-100.0,Elevated
2026-01-13T09:00,SYN-AMVLP-01,AMVLP,new MSID Pair,2,1,6,26.8,0,0,registration,1,2,120,0,20,priority,1,1,1,100.0,Elevated
2026-01-13T09:00,SYN-AMVLP-01,AMVLP,new AMSID Pair,7,3,38,26.2,0,0,registration,4,7,120,0,20,priority,1,0,4,75.0,Elevated
2026-01-13T09:00,SYN-AMVLP-01,AMVLP,historic resubmission,1,0,11,25.5,0,0,registration,0,1,120,0,20,standard,0,0,1,0.0,Elevated
2026-01-13T09:00,SYN-VLP-02,VLP,new MSID Pair,4,2,25,26.7,0,0,registration,2,4,120,0,20,priority,1,1,2,100.0,Elevated
2026-01-13T09:00,SYN-VLP-02,VLP,new AMSID Pair,1,1,11,24.5,0,0,registration,0,1,120,0,20,priority,1,0,0,0.0,Elevated
2026-01-13T09:00,SYN-VLP-02,VLP,historic resubmission,0,1,10,24.9,0,0,registration,0,0,120,0,20,standard,0,0,-1,0.0,Elevated
2026-01-13T09:00,SYN-VTP-02,VTP,new MSID Pair,1,1,9,27.6,0,0,registration,2,1,120,0,20,priority,1,1,0,-50.0,Elevated
2026-01-13T09:00,SYN-VTP-02,VTP,new AMSID Pair,3,2,17,24.9,0,0,registration,2,3,120,0,20,priority,1,0,1,50.0,Elevated
2026-01-13T09:00,SYN-VTP-02,VTP,historic resubmission,2,1,12,25.8,0,0,registration,0,2,120,0,20,standard,0,0,1,0.0,Elevated
2026-01-13T09:00,SYN-SUP-01,Supplier,new MSID Pair,1,0,5,25.6,0,0,registration,0,1,120,0,20,priority,1,1,1,0.0,Elevated
2026-01-13T09:00,SYN-SUP-01,Supplier,new AMSID Pair,1,0,5,25.8,0,0,registration,0,1,120,0,20,priority,1,0,1,0.0,Elevated
2026-01-13T09:00,SYN-SUP-01,Supplier,historic resubmission,2,1,29,26.8,0,0,registration,1,2,120,0,20,standard,0,0,1,100.0,Elevated
2026-01-13T10:00,SYN-VLP-01,VLP,new MSID Pair,7,4,44,28.3,0,0,registration,3,7,120,0,20,priority,1,1,3,133.33,Elevated
2026-01-13T10:00,SYN-VLP-01,VLP,new AMSID Pair,1,1,5,27.0,0,0,registration,1,1,120,0,20,priority,1,0,0,0.0,Elevated
2026-01-13T10:00,SYN-VLP-01,VLP,historic resubmission,1,0,11,28.0,0,0,registration,0,1,120,0,20,standard,0,0,1,0.0,Elevated
2026-01-13T10:00,SYN-VTP-01,VTP,new MSID Pair,2,1,17,27.7,0,0,registration,1,2,120,0,20,priority,1,1,1,100.0,Elevated
2026-01-13T10:00,SYN-VTP-01,VTP,new AMSID Pair,3,2,18,27.0,0,0,registration,2,3,120,0,20,priority,1,0,1,50.0,Elevated
2026-01-13T10:00,SYN-VTP-01,VTP,historic resubmission,1,0,11,26.1,0,0,registration,0,1,120,0,20,standard,0,0,1,0.0,Elevated
2026-01-13T10:00,SYN-AMVLP-01,AMVLP,new MSID Pair,0,1,5,26.3,0,0,registration,0,0,120,0,20,priority,1,1,-1,0.0,Elevated
2026-01-13T10:00,SYN-AMVLP-01,AMVLP,new AMSID Pair,8,3,43,29.2,0,0,registration,3,8,120,0,20,priority,1,0,5,166.67,Elevated
2026-01-13T10:00,SYN-AMVLP-01,AMVLP,historic resubmission,1,0,12,26.1,0,0,registration,1,1,120,0,20,standard,0,0,1,0.0,Elevated
2026-01-13T10:00,SYN-VLP-02,VLP,new MSID Pair,3,2,26,26.3,1,2,registration,3,3,120,0,20,priority,1,1,1,0.0,Elevated
2026-01-13T10:00,SYN-VLP-02,VLP,new AMSID Pair,2,1,12,27.1,0,0,registration,1,2,120,0,20,priority,1,0,1,100.0,Elevated
2026-01-13T10:00,SYN-VLP-02,VLP,historic resubmission,1,0,11,27.5,0,0,registration,0,1,120,0,20,standard,0,0,1,0.0,Elevated
2026-01-13T10:00,SYN-VTP-02,VTP,new MSID Pair,2,1,10,29.2,0,0,registration,1,2,120,0,20,priority,1,1,1,100.0,Elevated
2026-01-13T10:00,SYN-VTP-02,VTP,new AMSID Pair,4,2,19,26.1,0,0,registration,1,4,120,0,20,priority,1,0,2,300.0,Elevated
2026-01-13T10:00,SYN-VTP-02,VTP,historic resubmission,0,0,12,29.4,0,0,registration,0,0,120,0,20,standard,0,0,0,0.0,Elevated
2026-01-13T10:00,SYN-SUP-01,Supplier,new MSID Pair,2,1,6,28.0,0,0,registration,0,2,120,0,20,priority,1,1,1,0.0,Elevated
2026-01-13T10:00,SYN-SUP-01,Supplier,new AMSID Pair,0,0,5,27.6,0,0,registration,0,0,120,0,20,priority,1,0,0,0.0,Elevated
2026-01-13T10:00,SYN-SUP-01,Supplier,historic resubmission,3,1,31,29.0,0,0,registration,1,3,120,0,20,standard,0,0,2,200.0,Elevated
2026-01-13T11:00,SYN-VLP-01,VLP,new MSID Pair,7,4,47,27.6,1,1,registration,1,7,120,0,20,priority,1,1,3,600.0,Elevated
2026-01-13T11:00,SYN-VLP-01,VLP,new AMSID Pair,1,0,6,29.1,0,0,registration,1,1,120,0,20,priority,1,0,1,0.0,Elevated
2026-01-13T11:00,SYN-VLP-01,VLP,historic resubmission,0,0,11,30.0,0,0,registration,0,0,120,0,20,standard,0,0,0,0.0,Elevated
2026-01-13T11:00,SYN-VTP-01,VTP,new MSID Pair,3,1,19,30.5,0,0,registration,1,3,120,0,20,priority,1,1,2,200.0,Elevated
2026-01-13T11:00,SYN-VTP-01,VTP,new AMSID Pair,4,2,20,30.5,0,0,registration,2,4,120,0,20,priority,1,0,2,100.0,Elevated
2026-01-13T11:00,SYN-VTP-01,VTP,historic resubmission,1,0,12,30.6,0,0,registration,0,1,120,0,20,standard,0,0,1,0.0,Elevated
2026-01-13T11:00,SYN-AMVLP-01,AMVLP,new MSID Pair,1,0,6,30.1,0,0,registration,0,1,120,0,20,priority,1,1,1,0.0,Elevated
2026-01-13T11:00,SYN-AMVLP-01,AMVLP,new AMSID Pair,5,3,45,31.0,0,0,registration,4,5,120,0,20,priority,1,0,2,25.0,Elevated
2026-01-13T11:00,SYN-AMVLP-01,AMVLP,historic resubmission,2,1,13,30.6,0,1,registration,0,2,120,0,20,standard,0,0,1,0.0,Elevated
2026-01-13T11:00,SYN-VLP-02,VLP,new MSID Pair,2,2,26,27.8,0,0,registration,2,2,120,0,20,priority,1,1,0,0.0,Elevated
2026-01-13T11:00,SYN-VLP-02,VLP,new AMSID Pair,1,1,12,30.4,0,0,registration,2,1,120,0,20,priority,1,0,0,-50.0,Elevated
2026-01-13T11:00,SYN-VLP-02,VLP,historic resubmission,1,0,12,27.4,0,0,registration,0,1,120,0,20,standard,0,0,1,0.0,Elevated
2026-01-13T11:00,SYN-VTP-02,VTP,new MSID Pair,1,1,10,29.4,0,0,registration,1,1,120,0,20,priority,1,1,0,0.0,Elevated
2026-01-13T11:00,SYN-VTP-02,VTP,new AMSID Pair,3,2,20,29.3,0,0,registration,2,3,120,0,20,priority,1,0,1,50.0,Elevated
2026-01-13T11:00,SYN-VTP-02,VTP,historic resubmission,2,1,13,28.1,0,0,registration,0,2,120,0,20,standard,0,0,1,0.0,Elevated
2026-01-13T11:00,SYN-SUP-01,Supplier,new MSID Pair,0,1,5,30.8,0,0,registration,0,0,120,0,20,priority,1,1,-1,0.0,Elevated
2026-01-13T11:00,SYN-SUP-01,Supplier,new AMSID Pair,0,0,5,29.2,0,0,registration,1,0,120,0,20,priority,1,0,0,-100.0,Elevated
2026-01-13T11:00,SYN-SUP-01,Supplier,historic resubmission,2,1,32,27.9,0,0,registration,3,2,120,0,20,standard,0,0,1,-33.33,Elevated
2026-01-13T12:00,SYN-VLP-01,VLP,new MSID Pair,7,4,50,32.2,0,0,registration,2,7,120,0,20,priority,1,1,3,250.0,Elevated
2026-01-13T12:00,SYN-VLP-01,VLP,new AMSID Pair,2,1,7,30.2,0,0,registration,0,2,120,0,20,priority,1,0,1,0.0,Elevated
2026-01-13T12:00,SYN-VLP-01,VLP,historic resubmission,0,0,11,30.1,0,0,registration,1,0,120,0,20,standard,0,0,0,-100.0,Elevated
2026-01-13T12:00,SYN-VTP-01,VTP,new MSID Pair,3,2,20,31.0,0,0,registration,2,3,120,0,20,priority,1,1,1,50.0,Elevated
2026-01-13T12:00,SYN-VTP-01,VTP,new AMSID Pair,4,2,22,30.3,0,0,registration,2,4,120,0,20,priority,1,0,2,100.0,Elevated
2026-01-13T12:00,SYN-VTP-01,VTP,historic resubmission,2,0,14,29.2,0,0,registration,0,2,120,0,20,standard,0,0,2,0.0,Elevated
2026-01-13T12:00,SYN-AMVLP-01,AMVLP,new MSID Pair,0,0,6,29.9,0,0,registration,1,0,120,0,20,priority,1,1,0,-100.0,Elevated
2026-01-13T12:00,SYN-AMVLP-01,AMVLP,new AMSID Pair,3,3,45,31.4,1,1,registration,4,3,120,0,20,priority,1,0,0,-25.0,Elevated
2026-01-13T12:00,SYN-AMVLP-01,AMVLP,historic resubmission,0,0,13,30.1,0,0,registration,0,0,120,0,20,standard,0,0,0,0.0,Elevated
2026-01-13T12:00,SYN-VLP-02,VLP,new MSID Pair,5,2,29,30.1,0,0,registration,3,5,120,0,20,priority,1,1,3,66.67,Elevated
2026-01-13T12:00,SYN-VLP-02,VLP,new AMSID Pair,2,1,13,31.0,0,0,registration,2,2,120,0,20,priority,1,0,1,0.0,Elevated
2026-01-13T12:00,SYN-VLP-02,VLP,historic resubmission,0,0,12,32.2,0,0,registration,0,0,120,0,20,standard,0,0,0,0.0,Elevated
2026-01-13T12:00,SYN-VTP-02,VTP,new MSID Pair,2,1,11,30.8,0,0,registration,0,2,120,0,20,priority,1,1,1,0.0,Elevated
2026-01-13T12:00,SYN-VTP-02,VTP,new AMSID Pair,3,2,21,31.9,0,0,registration,3,3,120,0,20,priority,1,0,1,0.0,Elevated
2026-01-13T12:00,SYN-VTP-02,VTP,historic resubmission,2,1,14,32.5,0,0,registration,1,2,120,0,20,standard,0,0,1,100.0,Elevated
2026-01-13T12:00,SYN-SUP-01,Supplier,new MSID Pair,0,0,5,28.7,0,0,registration,0,0,120,0,20,priority,1,1,0,0.0,Elevated
2026-01-13T12:00,SYN-SUP-01,Supplier,new AMSID Pair,1,0,6,30.1,0,0,registration,0,1,120,0,20,priority,1,0,1,0.0,Elevated
2026-01-13T12:00,SYN-SUP-01,Supplier,historic resubmission,3,1,34,30.4,0,0,registration,1,3,120,0,20,standard,0,0,2,200.0,Elevated
2026-01-13T13:00,SYN-VLP-01,VLP,new MSID Pair,8,4,54,33.3,0,0,registration,4,8,120,0,20,priority,1,1,4,100.0,Elevated
2026-01-13T13:00,SYN-VLP-01,VLP,new AMSID Pair,0,1,6,31.8,0,0,registration,2,0,120,0,20,priority,1,0,-1,-100.0,Elevated
2026-01-13T13:00,SYN-VLP-01,VLP,historic resubmission,0,0,11,33.1,0,0,registration,1,0,120,0,20,standard,0,0,0,-100.0,Elevated
2026-01-13T13:00,SYN-VTP-01,VTP,new MSID Pair,2,1,21,33.3,0,0,registration,1,2,120,0,20,priority,1,1,1,100.0,Elevated
2026-01-13T13:00,SYN-VTP-01,VTP,new AMSID Pair,4,2,24,33.8,0,0,registration,2,4,120,0,20,priority,1,0,2,100.0,Elevated
2026-01-13T13:00,SYN-VTP-01,VTP,historic resubmission,1,1,14,30.9,0,0,registration,0,1,120,0,20,standard,0,0,0,0.0,Elevated
2026-01-13T13:00,SYN-AMVLP-01,AMVLP,new MSID Pair,1,1,6,33.9,0,0,registration,1,1,120,0,20,priority,1,1,0,0.0,Elevated
2026-01-13T13:00,SYN-AMVLP-01,AMVLP,new AMSID Pair,4,3,46,33.7,0,1,registration,4,4,120,0,20,priority,1,0,1,0.0,Elevated
2026-01-13T13:00,SYN-AMVLP-01,AMVLP,historic resubmission,2,0,15,30.6,0,0,registration,0,2,120,0,20,standard,0,0,2,0.0,Elevated
2026-01-13T13:00,SYN-VLP-02,VLP,new MSID Pair,4,2,31,33.3,1,1,registration,2,4,120,0,20,priority,1,1,2,100.0,Elevated
2026-01-13T13:00,SYN-VLP-02,VLP,new AMSID Pair,1,1,13,30.3,0,0,registration,1,1,120,0,20,priority,1,0,0,0.0,Elevated
2026-01-13T13:00,SYN-VLP-02,VLP,historic resubmission,1,0,13,33.8,0,0,registration,0,1,120,0,20,standard,0,0,1,0.0,Elevated
2026-01-13T13:00,SYN-VTP-02,VTP,new MSID Pair,1,1,11,32.1,0,0,registration,2,1,120,0,20,priority,1,1,0,-50.0,Elevated
2026-01-13T13:00,SYN-VTP-02,VTP,new AMSID Pair,3,2,22,32.7,0,1,registration,2,3,120,0,20,priority,1,0,1,50.0,Elevated
2026-01-13T13:00,SYN-VTP-02,VTP,historic resubmission,0,0,14,32.5,0,0,registration,1,0,120,0,20,standard,0,0,0,-100.0,Elevated
2026-01-13T13:00,SYN-SUP-01,Supplier,new MSID Pair,1,0,6,30.6,0,0,registration,0,1,120,0,20,priority,1,1,1,0.0,Elevated
2026-01-13T13:00,SYN-SUP-01,Supplier,new AMSID Pair,0,0,6,33.3,0,0,registration,0,0,120,0,20,priority,1,0,0,0.0,Elevated
2026-01-13T13:00,SYN-SUP-01,Supplier,historic resubmission,2,1,35,30.2,0,0,registration,1,2,120,0,20,standard,0,0,1,100.0,Elevated
2026-01-13T14:00,SYN-VLP-01,VLP,new MSID Pair,7,4,57,34.6,1,1,registration,3,7,120,0,20,priority,1,1,3,133.33,Elevated
2026-01-13T14:00,SYN-VLP-01,VLP,new AMSID Pair,0,0,6,34.4,0,0,registration,1,0,120,0,20,priority,1,0,0,-100.0,Elevated
2026-01-13T14:00,SYN-VLP-01,VLP,historic resubmission,1,0,12,32.3,0,0,registration,0,1,120,0,20,standard,0,0,1,0.0,Elevated
2026-01-13T14:00,SYN-VTP-01,VTP,new MSID Pair,2,1,22,33.1,0,0,registration,2,2,120,0,20,priority,1,1,1,0.0,Elevated
2026-01-13T14:00,SYN-VTP-01,VTP,new AMSID Pair,2,2,24,33.5,0,0,registration,2,2,120,0,20,priority,1,0,0,0.0,Elevated
2026-01-13T14:00,SYN-VTP-01,VTP,historic resubmission,1,0,15,32.1,0,0,registration,1,1,120,0,20,standard,0,0,1,0.0,Elevated
2026-01-13T14:00,SYN-AMVLP-01,AMVLP,new MSID Pair,1,1,6,32.8,0,0,registration,0,1,120,0,20,priority,1,1,0,0.0,Elevated
2026-01-13T14:00,SYN-AMVLP-01,AMVLP,new AMSID Pair,6,3,49,34.6,0,0,registration,4,6,120,0,20,priority,1,0,3,50.0,Elevated
2026-01-13T14:00,SYN-AMVLP-01,AMVLP,historic resubmission,0,0,15,32.1,0,0,registration,1,0,120,0,20,standard,0,0,0,-100.0,Elevated
2026-01-13T14:00,SYN-VLP-02,VLP,new MSID Pair,5,2,34,33.8,0,0,registration,3,5,120,0,20,priority,1,1,3,66.67,Elevated
2026-01-13T14:00,SYN-VLP-02,VLP,new AMSID Pair,2,1,14,33.8,0,0,registration,1,2,120,0,20,priority,1,0,1,100.0,Elevated
2026-01-13T14:00,SYN-VLP-02,VLP,historic resubmission,1,0,14,32.9,0,0,registration,0,1,120,0,20,standard,0,0,1,0.0,Elevated
2026-01-13T14:00,SYN-VTP-02,VTP,new MSID Pair,2,1,12,33.5,0,0,registration,0,2,120,0,20,priority,1,1,1,0.0,Elevated
2026-01-13T14:00,SYN-VTP-02,VTP,new AMSID Pair,3,2,23,31.3,0,0,registration,1,3,120,0,20,priority,1,0,1,200.0,Elevated
2026-01-13T14:00,SYN-VTP-02,VTP,historic resubmission,1,1,14,34.3,0,0,registration,2,1,120,0,20,standard,0,0,0,-50.0,Elevated
2026-01-13T14:00,SYN-SUP-01,Supplier,new MSID Pair,0,0,6,33.3,0,0,registration,0,0,120,0,20,priority,1,1,0,0.0,Elevated
2026-01-13T14:00,SYN-SUP-01,Supplier,new AMSID Pair,1,1,6,32.5,0,0,registration,0,1,120,0,20,priority,1,0,0,0.0,Elevated
2026-01-13T14:00,SYN-SUP-01,Supplier,historic resubmission,2,1,36,33.2,0,0,registration,1,2,120,0,20,standard,0,0,1,100.0,Elevated
2026-01-13T15:00,SYN-VLP-01,VLP,new MSID Pair,7,4,60,34.2,0,0,registration,3,7,120,0,20,priority,1,1,3,133.33,Elevated
2026-01-13T15:00,SYN-VLP-01,VLP,new AMSID Pair,1,0,7,35.0,0,0,registration,1,1,120,0,20,priority,1,0,1,0.0,Elevated
2026-01-13T15:00,SYN-VLP-01,VLP,historic resubmission,2,0,14,32.5,0,0,registration,1,2,120,0,20,standard,0,0,2,100.0,Elevated
2026-01-13T15:00,SYN-VTP-01,VTP,new MSID Pair,3,2,23,35.2,0,0,registration,1,3,120,0,20,priority,1,1,1,200.0,Elevated
2026-01-13T15:00,SYN-VTP-01,VTP,new AMSID Pair,3,2,25,34.0,0,0,registration,3,3,120,0,20,priority,1,0,1,0.0,Elevated
2026-01-13T15:00,SYN-VTP-01,VTP,historic resubmission,0,0,15,32.8,0,0,registration,2,0,120,0,20,standard,0,0,0,-100.0,Elevated
2026-01-13T15:00,SYN-AMVLP-01,AMVLP,new MSID Pair,0,0,6,35.5,0,0,registration,0,0,120,0,20,priority,1,1,0,0.0,Elevated
2026-01-13T15:00,SYN-AMVLP-01,AMVLP,new AMSID Pair,6,3,52,34.1,0,1,registration,5,6,120,0,20,priority,1,0,3,20.0,Elevated
2026-01-13T15:00,SYN-AMVLP-01,AMVLP,historic resubmission,1,1,15,33.7,0,0,registration,0,1,120,0,20,standard,0,0,0,0.0,Elevated
2026-01-13T15:00,SYN-VLP-02,VLP,new MSID Pair,4,2,36,33.5,1,1,registration,1,4,120,0,20,priority,1,1,2,300.0,Elevated
2026-01-13T15:00,SYN-VLP-02,VLP,new AMSID Pair,3,1,16,35.0,0,0,registration,2,3,120,0,20,priority,1,0,2,50.0,Elevated
2026-01-13T15:00,SYN-VLP-02,VLP,historic resubmission,1,0,15,35.1,0,0,registration,1,1,120,0,20,standard,0,0,1,0.0,Elevated
2026-01-13T15:00,SYN-VTP-02,VTP,new MSID Pair,2,1,13,34.9,0,1,registration,0,2,120,0,20,priority,1,1,1,0.0,Elevated
2026-01-13T15:00,SYN-VTP-02,VTP,new AMSID Pair,3,2,24,36.2,0,0,registration,1,3,120,0,20,priority,1,0,1,200.0,Elevated
2026-01-13T15:00,SYN-VTP-02,VTP,historic resubmission,0,0,14,34.4,0,0,registration,1,0,120,0,20,standard,0,0,0,-100.0,Elevated
2026-01-13T15:00,SYN-SUP-01,Supplier,new MSID Pair,2,1,7,32.8,0,0,registration,0,2,120,0,20,priority,1,1,1,0.0,Elevated
2026-01-13T15:00,SYN-SUP-01,Supplier,new AMSID Pair,0,0,6,34.4,0,0,registration,1,0,120,0,20,priority,1,0,0,-100.0,Elevated
2026-01-13T15:00,SYN-SUP-01,Supplier,historic resubmission,3,1,38,33.3,0,0,registration,0,3,120,0,20,standard,0,0,2,0.0,Elevated
2026-01-13T16:00,SYN-VLP-01,VLP,new MSID Pair,6,4,62,35.9,0,0,registration,5,6,120,0,20,priority,1,1,2,20.0,Elevated
2026-01-13T16:00,SYN-VLP-01,VLP,new AMSID Pair,0,0,7,35.2,0,0,registration,0,0,120,0,20,priority,1,0,0,0.0,Elevated
2026-01-13T16:00,SYN-VLP-01,VLP,historic resubmission,0,0,14,37.1,0,0,registration,0,0,120,0,20,standard,0,0,0,0.0,Elevated
2026-01-13T16:00,SYN-VTP-01,VTP,new MSID Pair,4,2,25,37.4,0,0,registration,1,4,120,0,20,priority,1,1,2,300.0,Elevated
2026-01-13T16:00,SYN-VTP-01,VTP,new AMSID Pair,3,2,26,37.0,0,0,registration,2,3,120,0,20,priority,1,0,1,50.0,Elevated
2026-01-13T16:00,SYN-VTP-01,VTP,historic resubmission,1,0,16,34.2,0,0,registration,1,1,120,0,20,standard,0,0,1,0.0,Elevated
2026-01-13T16:00,SYN-AMVLP-01,AMVLP,new MSID Pair,1,0,7,34.7,0,0,registration,0,1,120,0,20,priority,1,1,1,0.0,Elevated
2026-01-13T16:00,SYN-AMVLP-01,AMVLP,new AMSID Pair,7,3,56,36.7,1,1,registration,4,7,120,0,20,priority,1,0,4,75.0,Elevated
2026-01-13T16:00,SYN-AMVLP-01,AMVLP,historic resubmission,1,0,16,34.8,0,0,registration,0,1,120,0,20,standard,0,0,1,0.0,Elevated
2026-01-13T16:00,SYN-VLP-02,VLP,new MSID Pair,5,2,39,35.0,0,0,registration,2,5,120,0,20,priority,1,1,3,150.0,Elevated
2026-01-13T16:00,SYN-VLP-02,VLP,new AMSID Pair,1,1,16,37.4,0,0,registration,1,1,120,0,20,priority,1,0,0,0.0,Elevated
2026-01-13T16:00,SYN-VLP-02,VLP,historic resubmission,2,1,16,35.7,0,0,registration,1,2,120,0,20,standard,0,0,1,100.0,Elevated
2026-01-13T16:00,SYN-VTP-02,VTP,new MSID Pair,2,1,14,37.8,0,0,registration,1,2,120,0,20,priority,1,1,1,100.0,Elevated
2026-01-13T16:00,SYN-VTP-02,VTP,new AMSID Pair,4,2,26,34.5,0,0,registration,3,4,120,0,20,priority,1,0,2,33.33,Elevated
2026-01-13T16:00,SYN-VTP-02,VTP,historic resubmission,1,0,15,37.4,0,0,registration,1,1,120,0,20,standard,0,0,1,0.0,Elevated
2026-01-13T16:00,SYN-SUP-01,Supplier,new MSID Pair,1,1,7,35.7,0,0,registration,1,1,120,0,20,priority,1,1,0,0.0,Elevated
2026-01-13T16:00,SYN-SUP-01,Supplier,new AMSID Pair,0,0,6,36.6,0,0,registration,1,0,120,0,20,priority,1,0,0,-100.0,Elevated
2026-01-13T16:00,SYN-SUP-01,Supplier,historic resubmission,3,1,40,34.6,0,0,registration,1,3,120,0,20,standard,0,0,2,200.0,Elevated
2026-01-13T17:00,SYN-VLP-01,VLP,new MSID Pair,3,4,61,36.9,0,0,registration,1,3,120,0,20,priority,1,1,-1,200.0,Elevated
2026-01-13T17:00,SYN-VLP-01,VLP,new AMSID Pair,0,0,7,37.9,0,0,registration,1,0,120,0,20,priority,1,0,0,-100.0,Elevated
2026-01-13T17:00,SYN-VLP-01,VLP,historic resubmission,1,0,15,37.3,0,0,registration,2,1,120,0,20,standard,0,0,1,-50.0,Elevated
2026-01-13T17:00,SYN-VTP-01,VTP,new MSID Pair,1,1,25,37.2,0,0,registration,1,1,120,0,20,priority,1,1,0,0.0,Elevated
2026-01-13T17:00,SYN-VTP-01,VTP,new AMSID Pair,3,2,27,36.2,0,0,registration,1,3,120,0,20,priority,1,0,1,200.0,Elevated
2026-01-13T17:00,SYN-VTP-01,VTP,historic resubmission,1,1,16,36.0,0,0,registration,0,1,120,0,20,standard,0,0,0,0.0,Elevated
2026-01-13T17:00,SYN-AMVLP-01,AMVLP,new MSID Pair,1,1,7,37.6,0,0,registration,0,1,120,0,20,priority,1,1,0,0.0,Elevated
2026-01-13T17:00,SYN-AMVLP-01,AMVLP,new AMSID Pair,4,3,57,37.6,0,0,registration,3,4,120,0,20,priority,1,0,1,33.33,Elevated
2026-01-13T17:00,SYN-AMVLP-01,AMVLP,historic resubmission,2,1,17,36.2,0,0,registration,0,2,120,0,20,standard,0,0,1,0.0,Elevated
2026-01-13T17:00,SYN-VLP-02,VLP,new MSID Pair,3,2,40,37.7,1,1,registration,0,3,120,0,20,priority,1,1,1,0.0,Elevated
2026-01-13T17:00,SYN-VLP-02,VLP,new AMSID Pair,1,1,16,36.6,0,0,registration,1,1,120,0,20,priority,1,0,0,0.0,Elevated
2026-01-13T17:00,SYN-VLP-02,VLP,historic resubmission,0,0,16,37.8,0,0,registration,0,0,120,0,20,standard,0,0,0,0.0,Elevated
2026-01-13T17:00,SYN-VTP-02,VTP,new MSID Pair,1,1,14,37.3,0,0,registration,1,1,120,0,20,priority,1,1,0,0.0,Elevated
2026-01-13T17:00,SYN-VTP-02,VTP,new AMSID Pair,2,2,26,35.7,0,0,registration,1,2,120,0,20,priority,1,0,0,100.0,Elevated
2026-01-13T17:00,SYN-VTP-02,VTP,historic resubmission,1,0,16,35.9,0,0,registration,1,1,120,0,20,standard,0,0,1,0.0,Elevated
2026-01-13T17:00,SYN-SUP-01,Supplier,new MSID Pair,0,0,7,37.4,0,0,registration,0,0,120,0,20,priority,1,1,0,0.0,Elevated
2026-01-13T17:00,SYN-SUP-01,Supplier,new AMSID Pair,1,0,7,38.5,0,0,registration,1,1,120,0,20,priority,1,0,1,0.0,Elevated
2026-01-13T17:00,SYN-SUP-01,Supplier,historic resubmission,2,1,41,38.4,0,0,registration,0,2,120,0,20,standard,0,0,1,0.0,Elevated
2026-01-13T18:00,SYN-VLP-01,VLP,new MSID Pair,5,4,62,37.9,0,0,registration,2,5,120,0,20,priority,1,1,1,150.0,Elevated
2026-01-13T18:00,SYN-VLP-01,VLP,new AMSID Pair,0,0,7,38.5,0,0,registration,0,0,120,0,20,priority,1,0,0,0.0,Elevated
2026-01-13T18:00,SYN-VLP-01,VLP,historic resubmission,0,0,15,37.8,0,0,registration,0,0,120,0,20,standard,0,0,0,0.0,Elevated
2026-01-13T18:00,SYN-VTP-01,VTP,new MSID Pair,1,1,25,36.7,0,0,registration,2,1,120,0,20,priority,1,1,0,-50.0,Elevated
2026-01-13T18:00,SYN-VTP-01,VTP,new AMSID Pair,2,2,27,36.2,0,0,registration,2,2,120,0,20,priority,1,0,0,0.0,Elevated
2026-01-13T18:00,SYN-VTP-01,VTP,historic resubmission,1,1,16,37.5,0,0,registration,0,1,120,0,20,standard,0,0,0,0.0,Elevated
2026-01-13T18:00,SYN-AMVLP-01,AMVLP,new MSID Pair,0,0,7,39.4,0,0,registration,0,0,120,0,20,priority,1,1,0,0.0,Elevated
2026-01-13T18:00,SYN-AMVLP-01,AMVLP,new AMSID Pair,5,3,59,39.3,0,0,registration,3,5,120,0,20,priority,1,0,2,66.67,Elevated
2026-01-13T18:00,SYN-AMVLP-01,AMVLP,historic resubmission,1,1,17,38.0,0,0,registration,1,1,120,0,20,standard,0,0,0,0.0,Elevated
2026-01-13T18:00,SYN-VLP-02,VLP,new MSID Pair,3,2,41,38.6,0,0,registration,2,3,120,0,20,priority,1,1,1,50.0,Elevated
2026-01-13T18:00,SYN-VLP-02,VLP,new AMSID Pair,1,1,16,36.7,0,0,registration,1,1,120,0,20,priority,1,0,0,0.0,Elevated
2026-01-13T18:00,SYN-VLP-02,VLP,historic resubmission,1,1,16,37.3,0,0,registration,0,1,120,0,20,standard,0,0,0,0.0,Elevated
2026-01-13T18:00,SYN-VTP-02,VTP,new MSID Pair,1,1,14,39.6,0,0,registration,0,1,120,0,20,priority,1,1,0,0.0,Elevated
2026-01-13T18:00,SYN-VTP-02,VTP,new AMSID Pair,2,2,26,36.6,0,0,registration,1,2,120,0,20,priority,1,0,0,100.0,Elevated
2026-01-13T18:00,SYN-VTP-02,VTP,historic resubmission,0,0,16,39.1,0,0,registration,0,0,120,0,20,standard,0,0,0,0.0,Elevated
2026-01-13T18:00,SYN-SUP-01,Supplier,new MSID Pair,0,0,7,37.6,0,0,registration,0,0,120,0,20,priority,1,1,0,0.0,Elevated
2026-01-13T18:00,SYN-SUP-01,Supplier,new AMSID Pair,0,0,7,37.6,0,0,registration,0,0,120,0,20,priority,1,0,0,0.0,Elevated
2026-01-13T18:00,SYN-SUP-01,Supplier,historic resubmission,1,1,41,36.2,0,0,registration,1,1,120,0,20,standard,0,0,0,0.0,Elevated
2026-01-13T19:00,SYN-VLP-01,VLP,new MSID Pair,4,4,62,38.8,0,0,registration,2,4,120,0,20,priority,1,1,0,100.0,Elevated
2026-01-13T19:00,SYN-VLP-01,VLP,new AMSID Pair,1,1,7,39.4,0,0,registration,1,1,120,0,20,priority,1,0,0,0.0,Elevated
2026-01-13T19:00,SYN-VLP-01,VLP,historic resubmission,0,0,15,38.6,0,0,registration,0,0,120,0,20,standard,0,0,0,0.0,Elevated
2026-01-13T19:00,SYN-VTP-01,VTP,new MSID Pair,2,2,25,38.5,0,0,registration,1,2,120,0,20,priority,1,1,0,100.0,Elevated
2026-01-13T19:00,SYN-VTP-01,VTP,new AMSID Pair,3,2,28,39.0,0,0,registration,1,3,120,0,20,priority,1,0,1,200.0,Elevated
2026-01-13T19:00,SYN-VTP-01,VTP,historic resubmission,1,0,17,37.7,0,0,registration,1,1,120,0,20,standard,0,0,1,0.0,Elevated
2026-01-13T19:00,SYN-AMVLP-01,AMVLP,new MSID Pair,0,0,7,38.7,0,0,registration,0,0,120,0,20,priority,1,1,0,0.0,Elevated
2026-01-13T19:00,SYN-AMVLP-01,AMVLP,new AMSID Pair,5,3,61,39.8,0,0,registration,1,5,120,0,20,priority,1,0,2,400.0,Elevated
2026-01-13T19:00,SYN-AMVLP-01,AMVLP,historic resubmission,1,1,17,37.8,0,0,registration,0,1,120,0,20,standard,0,0,0,0.0,Elevated
2026-01-13T19:00,SYN-VLP-02,VLP,new MSID Pair,2,2,41,39.0,0,0,registration,3,2,120,0,20,priority,1,1,0,-33.33,Elevated
2026-01-13T19:00,SYN-VLP-02,VLP,new AMSID Pair,1,1,16,37.0,0,0,registration,0,1,120,0,20,priority,1,0,0,0.0,Elevated
2026-01-13T19:00,SYN-VLP-02,VLP,historic resubmission,0,0,16,36.9,0,0,registration,1,0,120,0,20,standard,0,0,0,-100.0,Elevated
2026-01-13T19:00,SYN-VTP-02,VTP,new MSID Pair,1,1,14,40.3,0,0,registration,1,1,120,0,20,priority,1,1,0,0.0,Elevated
2026-01-13T19:00,SYN-VTP-02,VTP,new AMSID Pair,2,2,26,39.7,0,0,registration,1,2,120,0,20,priority,1,0,0,100.0,Elevated
2026-01-13T19:00,SYN-VTP-02,VTP,historic resubmission,0,0,16,38.8,0,0,registration,0,0,120,0,20,standard,0,0,0,0.0,Elevated
2026-01-13T19:00,SYN-SUP-01,Supplier,new MSID Pair,0,0,7,37.0,0,0,registration,0,0,120,0,20,priority,1,1,0,0.0,Elevated
2026-01-13T19:00,SYN-SUP-01,Supplier,new AMSID Pair,0,0,7,37.5,0,0,registration,0,0,120,0,20,priority,1,0,0,0.0,Elevated
2026-01-13T19:00,SYN-SUP-01,Supplier,historic resubmission,2,1,42,40.1,0,0,registration,0,2,120,0,20,standard,0,0,1,0.0,Elevated
2026-01-13T20:00,SYN-VLP-01,VLP,new MSID Pair,4,3,63,39.6,0,0,registration,2,4,120,0,20,priority,1,1,1,100.0,Elevated
2026-01-13T20:00,SYN-VLP-01,VLP,new AMSID Pair,1,0,8,37.1,0,1,registration,0,1,120,0,20,priority,1,0,1,0.0,Elevated
2026-01-13T20:00,SYN-VLP-01,VLP,historic resubmission,1,0,16,38.4,0,0,registration,0,1,120,0,20,standard,0,0,1,0.0,Elevated
2026-01-13T20:00,SYN-VTP-01,VTP,new MSID Pair,2,1,26,40.1,0,0,registration,1,2,120,0,20,priority,1,1,1,100.0,Elevated
2026-01-13T20:00,SYN-VTP-01,VTP,new AMSID Pair,3,2,29,40.6,0,0,registration,1,3,120,0,20,priority,1,0,1,200.0,Elevated
2026-01-13T20:00,SYN-VTP-01,VTP,historic resubmission,1,1,17,39.8,0,0,registration,0,1,120,0,20,standard,0,0,0,0.0,Elevated
2026-01-13T20:00,SYN-AMVLP-01,AMVLP,new MSID Pair,0,0,7,38.9,0,0,registration,0,0,120,0,20,priority,1,1,0,0.0,Elevated
2026-01-13T20:00,SYN-AMVLP-01,AMVLP,new AMSID Pair,6,4,63,37.2,0,0,registration,2,6,120,0,20,priority,1,0,2,200.0,Elevated
2026-01-13T20:00,SYN-AMVLP-01,AMVLP,historic resubmission,1,1,17,37.3,0,0,registration,0,1,120,0,20,standard,0,0,0,0.0,Elevated
2026-01-13T20:00,SYN-VLP-02,VLP,new MSID Pair,1,2,40,39.5,0,0,registration,1,1,120,0,20,priority,1,1,-1,0.0,Elevated
2026-01-13T20:00,SYN-VLP-02,VLP,new AMSID Pair,1,1,16,36.8,0,0,registration,0,1,120,0,20,priority,1,0,0,0.0,Elevated
2026-01-13T20:00,SYN-VLP-02,VLP,historic resubmission,1,0,17,38.2,0,0,registration,1,1,120,0,20,standard,0,0,1,0.0,Elevated
2026-01-13T20:00,SYN-VTP-02,VTP,new MSID Pair,2,1,15,40.0,0,0,registration,1,2,120,0,20,priority,1,1,1,100.0,Elevated
2026-01-13T20:00,SYN-VTP-02,VTP,new AMSID Pair,3,2,27,40.1,0,0,registration,1,3,120,0,20,priority,1,0,1,200.0,Elevated
2026-01-13T20:00,SYN-VTP-02,VTP,historic resubmission,1,0,17,38.6,0,0,registration,0,1,120,0,20,standard,0,0,1,0.0,Elevated
2026-01-13T20:00,SYN-SUP-01,Supplier,new MSID Pair,2,1,8,37.2,0,0,registration,0,2,120,0,20,priority,1,1,1,0.0,Elevated
2026-01-13T20:00,SYN-SUP-01,Supplier,new AMSID Pair,1,0,8,39.0,0,0,registration,1,1,120,0,20,priority,1,0,1,0.0,Elevated
2026-01-13T20:00,SYN-SUP-01,Supplier,historic resubmission,3,1,44,37.0,0,0,registration,2,3,120,0,20,standard,0,0,2,50.0,Elevated
2026-01-13T21:00,SYN-VLP-01,VLP,new MSID Pair,2,3,62,41.3,0,0,registration,2,2,120,0,20,priority,1,1,-1,0.0,Elevated
2026-01-13T21:00,SYN-VLP-01,VLP,new AMSID Pair,1,1,8,38.7,0,0,registration,0,1,120,0,20,priority,1,0,0,0.0,Elevated
2026-01-13T21:00,SYN-VLP-01,VLP,historic resubmission,2,0,18,41.7,0,0,registration,1,2,120,0,20,standard,0,0,2,100.0,Elevated
2026-01-13T21:00,SYN-VTP-01,VTP,new MSID Pair,1,1,26,41.7,0,0,registration,0,1,120,0,20,priority,1,1,0,0.0,Elevated
2026-01-13T21:00,SYN-VTP-01,VTP,new AMSID Pair,2,2,29,40.9,0,0,registration,2,2,120,0,20,priority,1,0,0,0.0,Elevated
2026-01-13T21:00,SYN-VTP-01,VTP,historic resubmission,1,1,17,40.9,0,0,registration,1,1,120,0,20,standard,0,0,0,0.0,Elevated
2026-01-13T21:00,SYN-AMVLP-01,AMVLP,new MSID Pair,1,0,8,41.5,0,0,registration,0,1,120,0,20,priority,1,1,1,0.0,Elevated
2026-01-13T21:00,SYN-AMVLP-01,AMVLP,new AMSID Pair,5,4,64,40.1,0,0,registration,2,5,120,0,20,priority,1,0,1,150.0,Elevated
2026-01-13T21:00,SYN-AMVLP-01,AMVLP,historic resubmission,0,0,17,40.9,0,0,registration,0,0,120,0,20,standard,0,0,0,0.0,Elevated
2026-01-13T21:00,SYN-VLP-02,VLP,new MSID Pair,1,2,39,39.7,1,1,registration,1,1,120,0,20,priority,1,1,-1,0.0,Elevated
2026-01-13T21:00,SYN-VLP-02,VLP,new AMSID Pair,1,1,16,41.6,0,0,registration,1,1,120,0,20,priority,1,0,0,0.0,Elevated
2026-01-13T21:00,SYN-VLP-02,VLP,historic resubmission,1,0,18,41.1,0,0,registration,1,1,120,0,20,standard,0,0,1,0.0,Elevated
2026-01-13T21:00,SYN-VTP-02,VTP,new MSID Pair,1,1,15,40.7,0,0,registration,1,1,120,0,20,priority,1,1,0,0.0,Elevated
2026-01-13T21:00,SYN-VTP-02,VTP,new AMSID Pair,2,2,27,40.4,0,0,registration,0,2,120,0,20,priority,1,0,0,0.0,Elevated
2026-01-13T21:00,SYN-VTP-02,VTP,historic resubmission,2,1,18,38.0,0,1,registration,1,2,120,0,20,standard,0,0,1,100.0,Elevated
2026-01-13T21:00,SYN-SUP-01,Supplier,new MSID Pair,0,0,8,40.2,0,0,registration,1,0,120,0,20,priority,1,1,0,-100.0,Elevated
2026-01-13T21:00,SYN-SUP-01,Supplier,new AMSID Pair,0,0,8,39.7,0,0,registration,0,0,120,0,20,priority,1,0,0,0.0,Elevated
2026-01-13T21:00,SYN-SUP-01,Supplier,historic resubmission,2,1,45,38.9,1,1,registration,0,2,120,0,20,standard,0,0,1,0.0,Elevated
2026-01-13T22:00,SYN-VLP-01,VLP,new MSID Pair,4,3,63,39.3,0,0,registration,1,4,120,0,20,priority,1,1,1,300.0,Elevated
2026-01-13T22:00,SYN-VLP-01,VLP,new AMSID Pair,1,1,8,39.2,0,0,registration,1,1,120,0,20,priority,1,0,0,0.0,Elevated
2026-01-13T22:00,SYN-VLP-01,VLP,historic resubmission,1,1,18,41.1,0,0,registration,0,1,120,0,20,standard,0,0,0,0.0,Elevated
2026-01-13T22:00,SYN-VTP-01,VTP,new MSID Pair,2,1,27,39.1,0,0,registration,1,2,120,0,20,priority,1,1,1,100.0,Elevated
2026-01-13T22:00,SYN-VTP-01,VTP,new AMSID Pair,1,2,28,40.9,0,0,registration,1,1,120,0,20,priority,1,0,-1,0.0,Elevated
2026-01-13T22:00,SYN-VTP-01,VTP,historic resubmission,0,0,17,39.6,0,0,registration,1,0,120,0,20,standard,0,0,0,-100.0,Elevated
2026-01-13T22:00,SYN-AMVLP-01,AMVLP,new MSID Pair,0,0,8,40.4,0,0,registration,0,0,120,0,20,priority,1,1,0,0.0,Elevated
2026-01-13T22:00,SYN-AMVLP-01,AMVLP,new AMSID Pair,4,4,64,39.4,0,0,registration,2,4,120,0,20,priority,1,0,0,100.0,Elevated
2026-01-13T22:00,SYN-AMVLP-01,AMVLP,historic resubmission,1,0,18,41.6,0,0,registration,1,1,120,0,20,standard,0,0,1,0.0,Elevated
2026-01-13T22:00,SYN-VLP-02,VLP,new MSID Pair,3,2,40,41.3,0,0,registration,2,3,120,0,20,priority,1,1,1,50.0,Elevated
2026-01-13T22:00,SYN-VLP-02,VLP,new AMSID Pair,0,1,15,41.0,0,0,registration,0,0,120,0,20,priority,1,0,-1,0.0,Elevated
2026-01-13T22:00,SYN-VLP-02,VLP,historic resubmission,0,0,18,41.8,0,0,registration,0,0,120,0,20,standard,0,0,0,0.0,Elevated
2026-01-13T22:00,SYN-VTP-02,VTP,new MSID Pair,0,1,14,41.9,0,0,registration,0,0,120,0,20,priority,1,1,-1,0.0,Elevated
2026-01-13T22:00,SYN-VTP-02,VTP,new AMSID Pair,2,2,27,38.6,0,0,registration,2,2,120,0,20,priority,1,0,0,0.0,Elevated
2026-01-13T22:00,SYN-VTP-02,VTP,historic resubmission,1,1,18,40.8,1,1,registration,0,1,120,0,20,standard,0,0,0,0.0,Elevated
2026-01-13T22:00,SYN-SUP-01,Supplier,new MSID Pair,0,0,8,40.4,0,0,registration,0,0,120,0,20,priority,1,1,0,0.0,Elevated
2026-01-13T22:00,SYN-SUP-01,Supplier,new AMSID Pair,0,0,8,38.7,0,0,registration,1,0,120,0,20,priority,1,0,0,-100.0,Elevated
2026-01-13T22:00,SYN-SUP-01,Supplier,historic resubmission,1,1,45,40.1,0,0,registration,1,1,120,0,20,standard,0,0,0,0.0,Elevated
2026-01-13T23:00,SYN-VLP-01,VLP,new MSID Pair,2,3,62,39.2,0,0,registration,1,2,120,0,20,priority,1,1,-1,100.0,Elevated
2026-01-13T23:00,SYN-VLP-01,VLP,new AMSID Pair,0,0,8,42.2,0,0,registration,0,0,120,0,20,priority,1,0,0,0.0,Elevated
2026-01-13T23:00,SYN-VLP-01,VLP,historic resubmission,2,1,19,39.0,0,0,registration,0,2,120,0,20,standard,0,0,1,0.0,Elevated
2026-01-13T23:00,SYN-VTP-01,VTP,new MSID Pair,1,1,27,40.3,0,0,registration,0,1,120,0,20,priority,1,1,0,0.0,Elevated
2026-01-13T23:00,SYN-VTP-01,VTP,new AMSID Pair,1,2,27,41.9,0,0,registration,0,1,120,0,20,priority,1,0,-1,0.0,Elevated
2026-01-13T23:00,SYN-VTP-01,VTP,historic resubmission,1,0,18,38.7,0,0,registration,0,1,120,0,20,standard,0,0,1,0.0,Elevated
2026-01-13T23:00,SYN-AMVLP-01,AMVLP,new MSID Pair,1,1,8,39.0,0,0,registration,0,1,120,0,20,priority,1,1,0,0.0,Elevated
2026-01-13T23:00,SYN-AMVLP-01,AMVLP,new AMSID Pair,3,4,63,39.0,0,0,registration,1,3,120,0,20,priority,1,0,-1,200.0,Elevated
2026-01-13T23:00,SYN-AMVLP-01,AMVLP,historic resubmission,1,1,18,39.4,0,0,registration,1,1,120,0,20,standard,0,0,0,0.0,Elevated
2026-01-13T23:00,SYN-VLP-02,VLP,new MSID Pair,1,2,39,41.4,0,0,registration,0,1,120,0,20,priority,1,1,-1,0.0,Elevated
2026-01-13T23:00,SYN-VLP-02,VLP,new AMSID Pair,0,1,14,39.0,0,0,registration,1,0,120,0,20,priority,1,0,-1,-100.0,Elevated
2026-01-13T23:00,SYN-VLP-02,VLP,historic resubmission,2,1,19,39.3,0,0,registration,0,2,120,0,20,standard,0,0,1,0.0,Elevated
2026-01-13T23:00,SYN-VTP-02,VTP,new MSID Pair,1,1,14,39.2,0,0,registration,0,1,120,0,20,priority,1,1,0,0.0,Elevated
2026-01-13T23:00,SYN-VTP-02,VTP,new AMSID Pair,1,1,27,39.6,0,0,registration,2,1,120,0,20,priority,1,0,0,-50.0,Elevated
2026-01-13T23:00,SYN-VTP-02,VTP,historic resubmission,1,0,19,42.1,0,0,registration,0,1,120,0,20,standard,0,0,1,0.0,Elevated
2026-01-13T23:00,SYN-SUP-01,Supplier,new MSID Pair,0,0,8,39.4,0,0,registration,1,0,120,0,20,priority,1,1,0,-100.0,Elevated
2026-01-13T23:00,SYN-SUP-01,Supplier,new AMSID Pair,0,0,8,40.3,0,0,registration,0,0,120,0,20,priority,1,0,0,0.0,Elevated
2026-01-13T23:00,SYN-SUP-01,Supplier,historic resubmission,2,1,46,38.5,0,0,registration,0,2,120,0,20,standard,0,0,1,0.0,Elevated
2026-01-14T00:00,SYN-VLP-01,VLP,new MSID Pair,2,3,61,42.2,0,0,registration,1,2,120,0,20,priority,1,1,-1,100.0,Elevated
2026-01-14T00:00,SYN-VLP-01,VLP,new AMSID Pair,0,0,8,41.6,0,0,registration,1,0,120,0,20,priority,1,0,0,-100.0,Elevated
2026-01-14T00:00,SYN-VLP-01,VLP,historic resubmission,0,0,19,39.2,0,0,registration,0,0,120,0,20,standard,0,0,0,0.0,Elevated
2026-01-14T00:00,SYN-VTP-01,VTP,new MSID Pair,0,1,26,39.4,0,0,registration,0,0,120,0,20,priority,1,1,-1,0.0,Elevated
2026-01-14T00:00,SYN-VTP-01,VTP,new AMSID Pair,1,2,26,38.9,0,0,registration,1,1,120,0,20,priority,1,0,-1,0.0,Elevated
2026-01-14T00:00,SYN-VTP-01,VTP,historic resubmission,1,0,19,38.9,0,0,registration,1,1,120,0,20,standard,0,0,1,0.0,Elevated
2026-01-14T00:00,SYN-AMVLP-01,AMVLP,new MSID Pair,1,1,8,39.8,0,0,registration,0,1,120,0,20,priority,1,1,0,0.0,Elevated
2026-01-14T00:00,SYN-AMVLP-01,AMVLP,new AMSID Pair,2,3,62,38.5,0,0,registration,1,2,120,0,20,priority,1,0,-1,100.0,Elevated
2026-01-14T00:00,SYN-AMVLP-01,AMVLP,historic resubmission,0,0,18,39.8,0,0,registration,0,0,120,0,20,standard,0,0,0,0.0,Elevated
2026-01-14T00:00,SYN-VLP-02,VLP,new MSID Pair,1,2,38,41.3,0,0,registration,0,1,120,0,20,priority,1,1,-1,0.0,Elevated
2026-01-14T00:00,SYN-VLP-02,VLP,new AMSID Pair,1,1,14,41.4,0,0,registration,0,1,120,0,20,priority,1,0,0,0.0,Elevated
2026-01-14T00:00,SYN-VLP-02,VLP,historic resubmission,0,1,18,41.4,0,0,registration,0,0,120,0,20,standard,0,0,-1,0.0,Elevated
2026-01-14T00:00,SYN-VTP-02,VTP,new MSID Pair,0,1,13,39.3,0,0,registration,0,0,120,0,20,priority,1,1,-1,0.0,Elevated
2026-01-14T00:00,SYN-VTP-02,VTP,new AMSID Pair,2,2,27,41.1,0,0,registration,1,2,120,0,20,priority,1,0,0,100.0,Elevated
2026-01-14T00:00,SYN-VTP-02,VTP,historic resubmission,0,1,18,40.6,0,0,registration,2,0,120,0,20,standard,0,0,-1,-100.0,Elevated
2026-01-14T00:00,SYN-SUP-01,Supplier,new MSID Pair,0,0,8,42.1,0,0,registration,1,0,120,0,20,priority,1,1,0,-100.0,Elevated
2026-01-14T00:00,SYN-SUP-01,Supplier,new AMSID Pair,1,1,8,38.6,0,0,registration,0,1,120,0,20,priority,1,0,0,0.0,Elevated
2026-01-14T00:00,SYN-SUP-01,Supplier,historic resubmission,1,1,46,41.9,0,0,registration,1,1,120,0,20,standard,0,0,0,0.0,Elevated
2026-01-14T01:00,SYN-VLP-01,VLP,new MSID Pair,2,3,60,39.4,0,0,registration,0,2,120,0,20,priority,1,1,-1,0.0,Elevated
2026-01-14T01:00,SYN-VLP-01,VLP,new AMSID Pair,1,1,8,41.2,0,0,registration,1,1,120,0,20,priority,1,0,0,0.0,Elevated
2026-01-14T01:00,SYN-VLP-01,VLP,historic resubmission,0,1,18,41.1,0,0,registration,0,0,120,0,20,standard,0,0,-1,0.0,Elevated
2026-01-14T01:00,SYN-VTP-01,VTP,new MSID Pair,1,1,26,40.6,0,0,registration,1,1,120,0,20,priority,1,1,0,0.0,Elevated
2026-01-14T01:00,SYN-VTP-01,VTP,new AMSID Pair,1,1,26,38.7,0,0,registration,1,1,120,0,20,priority,1,0,0,0.0,Elevated
2026-01-14T01:00,SYN-VTP-01,VTP,historic resubmission,0,0,19,40.8,0,0,registration,0,0,120,0,20,standard,0,0,0,0.0,Elevated
2026-01-14T01:00,SYN-AMVLP-01,AMVLP,new MSID Pair,1,1,8,41.2,0,0,registration,0,1,120,0,20,priority,1,1,0,0.0,Elevated
2026-01-14T01:00,SYN-AMVLP-01,AMVLP,new AMSID Pair,2,3,61,38.7,0,0,registration,3,2,120,0,20,priority,1,0,-1,-33.33,Elevated
2026-01-14T01:00,SYN-AMVLP-01,AMVLP,historic resubmission,0,0,18,40.0,0,0,registration,0,0,120,0,20,standard,0,0,0,0.0,Elevated
2026-01-14T01:00,SYN-VLP-02,VLP,new MSID Pair,2,2,38,41.1,0,0,registration,1,2,120,0,20,priority,1,1,0,100.0,Elevated
2026-01-14T01:00,SYN-VLP-02,VLP,new AMSID Pair,0,1,13,39.5,0,0,registration,1,0,120,0,20,priority,1,0,-1,-100.0,Elevated
2026-01-14T01:00,SYN-VLP-02,VLP,historic resubmission,0,0,18,41.2,0,0,registration,0,0,120,0,20,standard,0,0,0,0.0,Elevated
2026-01-14T01:00,SYN-VTP-02,VTP,new MSID Pair,1,1,13,39.4,0,0,registration,1,1,120,0,20,priority,1,1,0,0.0,Elevated
2026-01-14T01:00,SYN-VTP-02,VTP,new AMSID Pair,2,2,27,40.1,0,0,registration,1,2,120,0,20,priority,1,0,0,100.0,Elevated
2026-01-14T01:00,SYN-VTP-02,VTP,historic resubmission,1,1,18,38.7,0,0,registration,1,1,120,0,20,standard,0,0,0,0.0,Elevated
2026-01-14T01:00,SYN-SUP-01,Supplier,new MSID Pair,0,0,8,39.0,0,0,registration,0,0,120,0,20,priority,1,1,0,0.0,Elevated
2026-01-14T01:00,SYN-SUP-01,Supplier,new AMSID Pair,1,1,8,38.3,0,0,registration,1,1,120,0,20,priority,1,0,0,0.0,Elevated
2026-01-14T01:00,SYN-SUP-01,Supplier,historic resubmission,2,1,47,39.8,0,0,registration,1,2,120,0,20,standard,0,0,1,100.0,Elevated
2026-01-14T02:00,SYN-VLP-01,VLP,new MSID Pair,2,3,59,39.1,0,0,registration,2,2,120,0,20,priority,1,1,-1,0.0,Elevated
2026-01-14T02:00,SYN-VLP-01,VLP,new AMSID Pair,0,0,8,38.0,0,0,registration,1,0,120,0,20,priority,1,0,0,-100.0,Elevated
2026-01-14T02:00,SYN-VLP-01,VLP,historic resubmission,1,1,18,40.9,0,0,registration,1,1,120,0,20,standard,0,0,0,0.0,Elevated
2026-01-14T02:00,SYN-VTP-01,VTP,new MSID Pair,0,1,25,40.0,0,0,registration,0,0,120,0,20,priority,1,1,-1,0.0,Elevated
2026-01-14T02:00,SYN-VTP-01,VTP,new AMSID Pair,1,1,26,40.1,0,0,registration,0,1,120,0,20,priority,1,0,0,0.0,Elevated
2026-01-14T02:00,SYN-VTP-01,VTP,historic resubmission,0,1,18,41.2,0,0,registration,0,0,120,0,20,standard,0,0,-1,0.0,Elevated
2026-01-14T02:00,SYN-AMVLP-01,AMVLP,new MSID Pair,1,1,8,38.7,0,0,registration,0,1,120,0,20,priority,1,1,0,0.0,Elevated
2026-01-14T02:00,SYN-AMVLP-01,AMVLP,new AMSID Pair,4,4,61,38.2,0,0,registration,1,4,120,0,20,priority,1,0,0,300.0,Elevated
2026-01-14T02:00,SYN-AMVLP-01,AMVLP,historic resubmission,0,0,18,39.7,0,0,registration,1,0,120,0,20,standard,0,0,0,-100.0,Elevated
2026-01-14T02:00,SYN-VLP-02,VLP,new MSID Pair,1,2,37,40.7,0,0,registration,1,1,120,0,20,priority,1,1,-1,0.0,Elevated
2026-01-14T02:00,SYN-VLP-02,VLP,new AMSID Pair,0,1,12,39.8,0,0,registration,0,0,120,0,20,priority,1,0,-1,0.0,Elevated
2026-01-14T02:00,SYN-VLP-02,VLP,historic resubmission,0,0,18,40.9,0,0,registration,0,0,120,0,20,standard,0,0,0,0.0,Elevated
2026-01-14T02:00,SYN-VTP-02,VTP,new MSID Pair,1,1,13,38.9,0,0,registration,1,1,120,0,20,priority,1,1,0,0.0,Elevated
2026-01-14T02:00,SYN-VTP-02,VTP,new AMSID Pair,2,2,27,37.6,0,0,registration,1,2,120,0,20,priority,1,0,0,100.0,Elevated
2026-01-14T02:00,SYN-VTP-02,VTP,historic resubmission,0,0,18,40.8,0,0,registration,0,0,120,0,20,standard,0,0,0,0.0,Elevated
2026-01-14T02:00,SYN-SUP-01,Supplier,new MSID Pair,1,1,8,38.6,0,0,registration,0,1,120,0,20,priority,1,1,0,0.0,Elevated
2026-01-14T02:00,SYN-SUP-01,Supplier,new AMSID Pair,0,0,8,40.2,0,0,registration,0,0,120,0,20,priority,1,0,0,0.0,Elevated
2026-01-14T02:00,SYN-SUP-01,Supplier,historic resubmission,0,1,46,40.0,0,0,registration,1,0,120,0,20,standard,0,0,-1,-100.0,Elevated
2026-01-14T03:00,SYN-VLP-01,VLP,new MSID Pair,3,3,59,39.1,0,1,registration,1,3,120,0,20,priority,1,1,0,200.0,Elevated
2026-01-14T03:00,SYN-VLP-01,VLP,new AMSID Pair,2,1,9,37.3,0,0,registration,1,2,120,0,20,priority,1,0,1,100.0,Elevated
2026-01-14T03:00,SYN-VLP-01,VLP,historic resubmission,2,1,19,39.7,0,0,registration,1,2,120,0,20,standard,0,0,1,100.0,Elevated
2026-01-14T03:00,SYN-VTP-01,VTP,new MSID Pair,0,1,24,38.4,0,0,registration,0,0,120,0,20,priority,1,1,-1,0.0,Elevated
2026-01-14T03:00,SYN-VTP-01,VTP,new AMSID Pair,3,2,27,39.4,0,0,registration,0,3,120,0,20,priority,1,0,1,0.0,Elevated
2026-01-14T03:00,SYN-VTP-01,VTP,historic resubmission,0,0,18,40.1,0,0,registration,1,0,120,0,20,standard,0,0,0,-100.0,Elevated
2026-01-14T03:00,SYN-AMVLP-01,AMVLP,new MSID Pair,0,0,8,39.3,0,0,registration,0,0,120,0,20,priority,1,1,0,0.0,Elevated
2026-01-14T03:00,SYN-AMVLP-01,AMVLP,new AMSID Pair,2,3,60,38.2,0,0,registration,2,2,120,0,20,priority,1,0,-1,0.0,Elevated
2026-01-14T03:00,SYN-AMVLP-01,AMVLP,historic resubmission,0,0,18,39.7,0,0,registration,0,0,120,0,20,standard,0,0,0,0.0,Elevated
2026-01-14T03:00,SYN-VLP-02,VLP,new MSID Pair,1,2,36,40.8,0,0,registration,1,1,120,0,20,priority,1,1,-1,0.0,Elevated
2026-01-14T03:00,SYN-VLP-02,VLP,new AMSID Pair,1,1,12,41.1,0,0,registration,1,1,120,0,20,priority,1,0,0,0.0,Elevated
2026-01-14T03:00,SYN-VLP-02,VLP,historic resubmission,0,1,17,38.5,0,0,registration,0,0,120,0,20,standard,0,0,-1,0.0,Elevated
2026-01-14T03:00,SYN-VTP-02,VTP,new MSID Pair,0,1,12,40.3,0,0,registration,0,0,120,0,20,priority,1,1,-1,0.0,Elevated
2026-01-14T03:00,SYN-VTP-02,VTP,new AMSID Pair,1,2,26,39.1,0,0,registration,1,1,120,0,20,priority,1,0,-1,0.0,Elevated
2026-01-14T03:00,SYN-VTP-02,VTP,historic resubmission,1,1,18,40.0,0,0,registration,1,1,120,0,20,standard,0,0,0,0.0,Elevated
2026-01-14T03:00,SYN-SUP-01,Supplier,new MSID Pair,0,0,8,39.8,0,0,registration,0,0,120,0,20,priority,1,1,0,0.0,Elevated
2026-01-14T03:00,SYN-SUP-01,Supplier,new AMSID Pair,0,0,8,40.3,0,0,registration,0,0,120,0,20,priority,1,0,0,0.0,Elevated
2026-01-14T03:00,SYN-SUP-01,Supplier,historic resubmission,1,1,46,37.6,0,0,registration,2,1,120,0,20,standard,0,0,0,-50.0,Elevated
2026-01-14T04:00,SYN-VLP-01,VLP,new MSID Pair,2,3,58,38.3,0,0,registration,2,2,120,0,20,priority,1,1,-1,0.0,Elevated
2026-01-14T04:00,SYN-VLP-01,VLP,new AMSID Pair,1,1,9,37.2,0,0,registration,0,1,120,0,20,priority,1,0,0,0.0,Elevated
2026-01-14T04:00,SYN-VLP-01,VLP,historic resubmission,1,1,19,38.2,0,0,registration,0,1,120,0,20,standard,0,0,0,0.0,Elevated
2026-01-14T04:00,SYN-VTP-01,VTP,new MSID Pair,2,1,25,37.5,0,0,registration,1,2,120,0,20,priority,1,1,1,100.0,Elevated
2026-01-14T04:00,SYN-VTP-01,VTP,new AMSID Pair,1,2,26,38.4,0,1,registration,1,1,120,0,20,priority,1,0,-1,0.0,Elevated
2026-01-14T04:00,SYN-VTP-01,VTP,historic resubmission,0,0,18,39.8,0,0,registration,0,0,120,0,20,standard,0,0,0,0.0,Elevated
2026-01-14T04:00,SYN-AMVLP-01,AMVLP,new MSID Pair,0,0,8,38.3,0,0,registration,0,0,120,0,20,priority,1,1,0,0.0,Elevated
2026-01-14T04:00,SYN-AMVLP-01,AMVLP,new AMSID Pair,2,3,59,37.8,0,0,registration,1,2,120,0,20,priority,1,0,-1,100.0,Elevated
2026-01-14T04:00,SYN-AMVLP-01,AMVLP,historic resubmission,1,1,18,37.3,0,0,registration,1,1,120,0,20,standard,0,0,0,0.0,Elevated
2026-01-14T04:00,SYN-VLP-02,VLP,new MSID Pair,1,2,35,40.7,0,0,registration,1,1,120,0,20,priority,1,1,-1,0.0,Elevated
2026-01-14T04:00,SYN-VLP-02,VLP,new AMSID Pair,0,1,11,39.5,0,0,registration,0,0,120,0,20,priority,1,0,-1,0.0,Elevated
2026-01-14T04:00,SYN-VLP-02,VLP,historic resubmission,0,0,17,39.3,0,0,registration,0,0,120,0,20,standard,0,0,0,0.0,Elevated
2026-01-14T04:00,SYN-VTP-02,VTP,new MSID Pair,0,1,11,38.7,0,0,registration,0,0,120,0,20,priority,1,1,-1,0.0,Elevated
2026-01-14T04:00,SYN-VTP-02,VTP,new AMSID Pair,1,2,25,39.1,0,0,registration,0,1,120,0,20,priority,1,0,-1,0.0,Elevated
2026-01-14T04:00,SYN-VTP-02,VTP,historic resubmission,0,1,17,37.6,0,0,registration,1,0,120,0,20,standard,0,0,-1,-100.0,Elevated
2026-01-14T04:00,SYN-SUP-01,Supplier,new MSID Pair,0,0,8,37.3,0,0,registration,0,0,120,0,20,priority,1,1,0,0.0,Elevated
2026-01-14T04:00,SYN-SUP-01,Supplier,new AMSID Pair,0,0,8,38.5,0,0,registration,1,0,120,0,20,priority,1,0,0,-100.0,Elevated
2026-01-14T04:00,SYN-SUP-01,Supplier,historic resubmission,0,1,45,38.4,0,0,registration,1,0,120,0,20,standard,0,0,-1,-100.0,Elevated
2026-01-14T05:00,SYN-VLP-01,VLP,new MSID Pair,1,3,56,36.9,0,0,registration,2,1,120,0,20,priority,1,1,-2,-50.0,Elevated
2026-01-14T05:00,SYN-VLP-01,VLP,new AMSID Pair,1,1,9,38.4,0,0,registration,1,1,120,0,20,priority,1,0,0,0.0,Elevated
2026-01-14T05:00,SYN-VLP-01,VLP,historic resubmission,0,1,18,38.1,0,0,registration,0,0,120,0,20,standard,0,0,-1,0.0,Elevated
2026-01-14T05:00,SYN-VTP-01,VTP,new MSID Pair,0,1,24,37.8,0,0,registration,0,0,120,0,20,priority,1,1,-1,0.0,Elevated
2026-01-14T05:00,SYN-VTP-01,VTP,new AMSID Pair,0,2,24,39.4,0,0,registration,1,0,120,0,20,priority,1,0,-2,-100.0,Elevated
2026-01-14T05:00,SYN-VTP-01,VTP,historic resubmission,0,0,18,38.1,0,0,registration,1,0,120,0,20,standard,0,0,0,-100.0,Elevated
2026-01-14T05:00,SYN-AMVLP-01,AMVLP,new MSID Pair,1,1,8,36.6,0,0,registration,0,1,120,0,20,priority,1,1,0,0.0,Elevated
2026-01-14T05:00,SYN-AMVLP-01,AMVLP,new AMSID Pair,2,3,58,36.6,0,0,registration,2,2,120,0,20,priority,1,0,-1,0.0,Elevated
2026-01-14T05:00,SYN-AMVLP-01,AMVLP,historic resubmission,0,0,18,39.4,0,0,registration,0,0,120,0,20,standard,0,0,0,0.0,Elevated
2026-01-14T05:00,SYN-VLP-02,VLP,new MSID Pair,1,2,34,39.5,0,0,registration,1,1,120,0,20,priority,1,1,-1,0.0,Elevated
2026-01-14T05:00,SYN-VLP-02,VLP,new AMSID Pair,1,1,11,38.7,0,0,registration,0,1,120,0,20,priority,1,0,0,0.0,Elevated
2026-01-14T05:00,SYN-VLP-02,VLP,historic resubmission,0,0,17,38.7,0,0,registration,1,0,120,0,20,standard,0,0,0,-100.0,Elevated
2026-01-14T05:00,SYN-VTP-02,VTP,new MSID Pair,0,1,10,36.7,0,0,registration,0,0,120,0,20,priority,1,1,-1,0.0,Elevated
2026-01-14T05:00,SYN-VTP-02,VTP,new AMSID Pair,1,2,24,39.5,0,0,registration,1,1,120,0,20,priority,1,0,-1,0.0,Elevated
2026-01-14T05:00,SYN-VTP-02,VTP,historic resubmission,1,1,17,40.2,0,0,registration,0,1,120,0,20,standard,0,0,0,0.0,Elevated
2026-01-14T05:00,SYN-SUP-01,Supplier,new MSID Pair,0,0,8,40.1,0,0,registration,0,0,120,0,20,priority,1,1,0,0.0,Elevated
2026-01-14T05:00,SYN-SUP-01,Supplier,new AMSID Pair,0,0,8,38.2,0,0,registration,0,0,120,0,20,priority,1,0,0,0.0,Elevated
2026-01-14T05:00,SYN-SUP-01,Supplier,historic resubmission,1,1,45,38.7,0,0,registration,1,1,120,0,20,standard,0,0,0,0.0,Elevated
2026-01-14T06:00,SYN-VLP-01,VLP,new MSID Pair,4,3,57,38.4,0,0,registration,2,4,120,0,20,priority,1,1,1,100.0,Elevated
2026-01-14T06:00,SYN-VLP-01,VLP,new AMSID Pair,0,1,8,37.8,0,0,registration,0,0,120,0,20,priority,1,0,-1,0.0,Elevated
2026-01-14T06:00,SYN-VLP-01,VLP,historic resubmission,1,1,18,38.5,0,0,registration,0,1,120,0,20,standard,0,0,0,0.0,Elevated
2026-01-14T06:00,SYN-VTP-01,VTP,new MSID Pair,1,1,24,38.4,0,0,registration,1,1,120,0,20,priority,1,1,0,0.0,Elevated
2026-01-14T06:00,SYN-VTP-01,VTP,new AMSID Pair,2,1,25,38.5,1,1,registration,3,2,120,0,20,priority,1,0,1,-33.33,Elevated
2026-01-14T06:00,SYN-VTP-01,VTP,historic resubmission,1,1,18,39.1,0,0,registration,0,1,120,0,20,standard,0,0,0,0.0,Elevated
2026-01-14T06:00,SYN-AMVLP-01,AMVLP,new MSID Pair,1,1,8,36.1,0,0,registration,1,1,120,0,20,priority,1,1,0,0.0,Elevated
2026-01-14T06:00,SYN-AMVLP-01,AMVLP,new AMSID Pair,4,4,58,38.4,0,0,registration,2,4,120,0,20,priority,1,0,0,100.0,Elevated
2026-01-14T06:00,SYN-AMVLP-01,AMVLP,historic resubmission,1,1,18,38.1,0,0,registration,0,1,120,0,20,standard,0,0,0,0.0,Elevated
2026-01-14T06:00,SYN-VLP-02,VLP,new MSID Pair,4,2,36,37.6,0,0,registration,2,4,120,0,20,priority,1,1,2,100.0,Elevated
2026-01-14T06:00,SYN-VLP-02,VLP,new AMSID Pair,0,1,10,38.8,0,0,registration,1,0,120,0,20,priority,1,0,-1,-100.0,Elevated
2026-01-14T06:00,SYN-VLP-02,VLP,historic resubmission,0,0,17,38.3,0,0,registration,0,0,120,0,20,standard,0,0,0,0.0,Elevated
2026-01-14T06:00,SYN-VTP-02,VTP,new MSID Pair,1,1,10,35.7,0,0,registration,0,1,120,0,20,priority,1,1,0,0.0,Elevated
2026-01-14T06:00,SYN-VTP-02,VTP,new AMSID Pair,2,1,25,37.4,0,0,registration,1,2,120,0,20,priority,1,0,1,100.0,Elevated
2026-01-14T06:00,SYN-VTP-02,VTP,historic resubmission,1,0,18,36.9,0,0,registration,0,1,120,0,20,standard,0,0,1,0.0,Elevated
2026-01-14T06:00,SYN-SUP-01,Supplier,new MSID Pair,0,0,8,38.2,0,0,registration,0,0,120,0,20,priority,1,1,0,0.0,Elevated
2026-01-14T06:00,SYN-SUP-01,Supplier,new AMSID Pair,0,0,8,39.4,0,0,registration,1,0,120,0,20,priority,1,0,0,-100.0,Elevated
2026-01-14T06:00,SYN-SUP-01,Supplier,historic resubmission,2,1,46,38.9,0,0,registration,0,2,120,0,20,standard,0,0,1,0.0,Elevated
2026-01-14T07:00,SYN-VLP-01,VLP,new MSID Pair,3,3,57,39.0,0,0,registration,2,3,120,0,20,priority,1,1,0,50.0,Elevated
2026-01-14T07:00,SYN-VLP-01,VLP,new AMSID Pair,1,1,8,39.7,0,0,registration,1,1,120,0,20,priority,1,0,0,0.0,Elevated
2026-01-14T07:00,SYN-VLP-01,VLP,historic resubmission,1,1,18,38.1,0,0,registration,1,1,120,0,20,standard,0,0,0,0.0,Elevated
2026-01-14T07:00,SYN-VTP-01,VTP,new MSID Pair,2,1,25,38.8,0,0,registration,1,2,120,0,20,priority,1,1,1,100.0,Elevated
2026-01-14T07:00,SYN-VTP-01,VTP,new AMSID Pair,2,2,25,39.3,0,0,registration,2,2,120,0,20,priority,1,0,0,0.0,Elevated
2026-01-14T07:00,SYN-VTP-01,VTP,historic resubmission,0,0,18,36.1,0,0,registration,0,0,120,0,20,standard,0,0,0,0.0,Elevated
2026-01-14T07:00,SYN-AMVLP-01,AMVLP,new MSID Pair,0,0,8,39.1,0,0,registration,0,0,120,0,20,priority,1,1,0,0.0,Elevated
2026-01-14T07:00,SYN-AMVLP-01,AMVLP,new AMSID Pair,4,3,59,38.2,0,0,registration,3,4,120,0,20,priority,1,0,1,33.33,Elevated
2026-01-14T07:00,SYN-AMVLP-01,AMVLP,historic resubmission,1,0,19,37.8,0,0,registration,0,1,120,0,20,standard,0,0,1,0.0,Elevated
2026-01-14T07:00,SYN-VLP-02,VLP,new MSID Pair,3,2,37,37.3,0,0,registration,1,3,120,0,20,priority,1,1,1,200.0,Elevated
2026-01-14T07:00,SYN-VLP-02,VLP,new AMSID Pair,1,1,10,37.8,0,0,registration,0,1,120,0,20,priority,1,0,0,0.0,Elevated
2026-01-14T07:00,SYN-VLP-02,VLP,historic resubmission,1,0,18,38.8,0,0,registration,1,1,120,0,20,standard,0,0,1,0.0,Elevated
2026-01-14T07:00,SYN-VTP-02,VTP,new MSID Pair,0,1,9,39.1,0,0,registration,1,0,120,0,20,priority,1,1,-1,-100.0,Elevated
2026-01-14T07:00,SYN-VTP-02,VTP,new AMSID Pair,2,2,25,36.8,0,0,registration,2,2,120,0,20,priority,1,0,0,0.0,Elevated
2026-01-14T07:00,SYN-VTP-02,VTP,historic resubmission,2,1,19,37.2,0,0,registration,1,2,120,0,20,standard,0,0,1,100.0,Elevated
2026-01-14T07:00,SYN-SUP-01,Supplier,new MSID Pair,0,0,8,39.3,0,0,registration,0,0,120,0,20,priority,1,1,0,0.0,Elevated
2026-01-14T07:00,SYN-SUP-01,Supplier,new AMSID Pair,1,1,8,38.5,0,0,registration,1,1,120,0,20,priority,1,0,0,0.0,Elevated
2026-01-14T07:00,SYN-SUP-01,Supplier,historic resubmission,1,1,46,38.2,0,0,registration,0,1,120,0,20,standard,0,0,0,0.0,Elevated
2026-01-14T08:00,SYN-VLP-01,VLP,new MSID Pair,5,3,59,36.7,0,1,registration,2,5,120,0,20,priority,1,1,2,150.0,Elevated
2026-01-14T08:00,SYN-VLP-01,VLP,new AMSID Pair,0,0,8,39.7,0,0,registration,1,0,120,0,20,priority,1,0,0,-100.0,Elevated
2026-01-14T08:00,SYN-VLP-01,VLP,historic resubmission,1,0,19,40.1,0,0,registration,0,1,120,0,20,standard,0,0,1,0.0,Elevated
2026-01-14T08:00,SYN-VTP-01,VTP,new MSID Pair,1,1,25,39.7,0,0,registration,2,1,120,0,20,priority,1,1,0,-50.0,Elevated
2026-01-14T08:00,SYN-VTP-01,VTP,new AMSID Pair,2,2,25,38.3,0,0,registration,1,2,120,0,20,priority,1,0,0,100.0,Elevated
2026-01-14T08:00,SYN-VTP-01,VTP,historic resubmission,0,0,18,36.3,0,0,registration,0,0,120,0,20,standard,0,0,0,0.0,Elevated
2026-01-14T08:00,SYN-AMVLP-01,AMVLP,new MSID Pair,1,1,8,39.2,0,0,registration,0,1,120,0,20,priority,1,1,0,0.0,Elevated
2026-01-14T08:00,SYN-AMVLP-01,AMVLP,new AMSID Pair,5,4,60,39.9,0,0,registration,2,5,120,0,20,priority,1,0,1,150.0,Elevated
2026-01-14T08:00,SYN-AMVLP-01,AMVLP,historic resubmission,1,1,19,36.4,0,0,registration,0,1,120,0,20,standard,0,0,0,0.0,Elevated
2026-01-14T08:00,SYN-VLP-02,VLP,new MSID Pair,2,2,37,37.3,0,0,registration,1,2,120,0,20,priority,1,1,0,100.0,Elevated
2026-01-14T08:00,SYN-VLP-02,VLP,new AMSID Pair,1,1,10,36.6,0,0,registration,1,1,120,0,20,priority,1,0,0,0.0,Elevated
2026-01-14T08:00,SYN-VLP-02,VLP,historic resubmission,0,0,18,39.9,0,0,registration,1,0,120,0,20,standard,0,0,0,-100.0,Elevated
2026-01-14T08:00,SYN-VTP-02,VTP,new MSID Pair,1,1,9,36.8,0,0,registration,0,1,120,0,20,priority,1,1,0,0.0,Elevated
2026-01-14T08:00,SYN-VTP-02,VTP,new AMSID Pair,3,2,26,38.7,0,0,registration,2,3,120,0,20,priority,1,0,1,50.0,Elevated
2026-01-14T08:00,SYN-VTP-02,VTP,historic resubmission,0,1,18,36.3,0,0,registration,0,0,120,0,20,standard,0,0,-1,0.0,Elevated
2026-01-14T08:00,SYN-SUP-01,Supplier,new MSID Pair,0,0,8,39.2,0,0,registration,0,0,120,0,20,priority,1,1,0,0.0,Elevated
2026-01-14T08:00,SYN-SUP-01,Supplier,new AMSID Pair,0,0,8,40.0,0,0,registration,0,0,120,0,20,priority,1,0,0,0.0,Elevated
2026-01-14T08:00,SYN-SUP-01,Supplier,historic resubmission,1,1,46,37.5,0,0,registration,0,1,120,0,20,standard,0,0,0,0.0,Elevated
2026-01-14T09:00,SYN-VLP-01,VLP,new MSID Pair,7,4,62,40.5,0,0,registration,4,7,120,0,20,priority,1,1,3,75.0,Elevated
2026-01-14T09:00,SYN-VLP-01,VLP,new AMSID Pair,0,0,8,39.4,0,0,registration,0,0,120,0,20,priority,1,0,0,0.0,Elevated
2026-01-14T09:00,SYN-VLP-01,VLP,historic resubmission,1,1,19,36.7,0,0,registration,0,1,120,0,20,standard,0,0,0,0.0,Elevated
2026-01-14T09:00,SYN-VTP-01,VTP,new MSID Pair,2,1,26,38.2,0,0,registration,1,2,120,0,20,priority,1,1,1,100.0,Elevated
2026-01-14T09:00,SYN-VTP-01,VTP,new AMSID Pair,3,1,27,38.6,0,0,registration,1,3,120,0,20,priority,1,0,2,200.0,Elevated
2026-01-14T09:00,SYN-VTP-01,VTP,historic resubmission,0,0,18,39.6,0,0,registration,0,0,120,0,20,standard,0,0,0,0.0,Elevated
2026-01-14T09:00,SYN-AMVLP-01,AMVLP,new MSID Pair,0,0,8,37.2,0,0,registration,1,0,120,0,20,priority,1,1,0,-100.0,Elevated
2026-01-14T09:00,SYN-AMVLP-01,AMVLP,new AMSID Pair,9,4,65,39.4,0,0,registration,4,9,120,0,20,priority,1,0,5,125.0,Elevated
2026-01-14T09:00,SYN-AMVLP-01,AMVLP,historic resubmission,1,1,19,39.5,0,0,registration,0,1,120,0,20,standard,0,0,0,0.0,Elevated
2026-01-14T09:00,SYN-VLP-02,VLP,new MSID Pair,3,2,38,40.2,0,0,registration,2,3,120,0,20,priority,1,1,1,50.0,Elevated
2026-01-14T09:00,SYN-VLP-02,VLP,new AMSID Pair,1,1,10,37.7,0,0,registration,1,1,120,0,20,priority,1,0,0,0.0,Elevated
2026-01-14T09:00,SYN-VLP-02,VLP,historic resubmission,0,0,18,36.8,0,0,registration,2,0,120,0,20,standard,0,0,0,-100.0,Elevated
2026-01-14T09:00,SYN-VTP-02,VTP,new MSID Pair,1,1,9,40.3,0,0,registration,0,1,120,0,20,priority,1,1,0,0.0,Elevated
2026-01-14T09:00,SYN-VTP-02,VTP,new AMSID Pair,3,2,27,37.5,0,1,registration,2,3,120,0,20,priority,1,0,1,50.0,Elevated
2026-01-14T09:00,SYN-VTP-02,VTP,historic resubmission,2,1,19,37.8,0,0,registration,1,2,120,0,20,standard,0,0,1,100.0,Elevated
2026-01-14T09:00,SYN-SUP-01,Supplier,new MSID Pair,0,0,8,37.0,0,0,registration,1,0,120,0,20,priority,1,1,0,-100.0,Elevated
2026-01-14T09:00,SYN-SUP-01,Supplier,new AMSID Pair,1,0,9,37.1,0,0,registration,0,1,120,0,20,priority,1,0,1,0.0,Elevated
2026-01-14T09:00,SYN-SUP-01,Supplier,historic resubmission,2,1,47,39.8,0,0,registration,1,2,120,0,20,standard,0,0,1,100.0,Elevated
2026-01-14T10:00,SYN-VLP-01,VLP,new MSID Pair,7,4,65,38.2,0,0,registration,4,7,120,1,20,priority,1,1,3,75.0,Elevated
2026-01-14T10:00,SYN-VLP-01,VLP,new AMSID Pair,1,0,9,37.9,1,1,registration,1,1,120,1,20,priority,1,0,1,0.0,Elevated
2026-01-14T10:00,SYN-VLP-01,VLP,historic resubmission,0,0,19,39.7,0,0,registration,0,0,120,1,20,standard,0,0,0,0.0,Elevated
2026-01-14T10:00,SYN-VTP-01,VTP,new MSID Pair,3,2,27,38.6,0,0,registration,2,3,120,1,20,priority,1,1,1,50.0,Elevated
2026-01-14T10:00,SYN-VTP-01,VTP,new AMSID Pair,2,1,28,37.8,0,0,registration,2,2,120,1,20,priority,1,0,1,0.0,Elevated
2026-01-14T10:00,SYN-VTP-01,VTP,historic resubmission,0,0,18,40.8,0,0,registration,0,0,120,1,20,standard,0,0,0,0.0,Elevated
2026-01-14T10:00,SYN-AMVLP-01,AMVLP,new MSID Pair,1,0,9,39.1,0,0,registration,0,1,120,1,20,priority,1,1,1,0.0,Elevated
2026-01-14T10:00,SYN-AMVLP-01,AMVLP,new AMSID Pair,8,4,69,41.2,0,0,registration,3,8,120,1,20,priority,1,0,4,166.67,Elevated
2026-01-14T10:00,SYN-AMVLP-01,AMVLP,historic resubmission,2,1,20,37.9,0,0,registration,0,2,120,1,20,standard,0,0,1,0.0,Elevated
2026-01-14T10:00,SYN-VLP-02,VLP,new MSID Pair,4,2,40,40.2,0,0,registration,2,4,120,1,20,priority,1,1,2,100.0,Elevated
2026-01-14T10:00,SYN-VLP-02,VLP,new AMSID Pair,2,1,11,37.8,0,0,registration,1,2,120,1,20,priority,1,0,1,100.0,Elevated
2026-01-14T10:00,SYN-VLP-02,VLP,historic resubmission,1,0,19,40.4,0,0,registration,0,1,120,1,20,standard,0,0,1,0.0,Elevated
2026-01-14T10:00,SYN-VTP-02,VTP,new MSID Pair,1,1,9,40.9,0,0,registration,1,1,120,1,20,priority,1,1,0,0.0,Elevated
2026-01-14T10:00,SYN-VTP-02,VTP,new AMSID Pair,3,2,28,40.9,0,0,registration,1,3,120,1,20,priority,1,0,1,200.0,Elevated
2026-01-14T10:00,SYN-VTP-02,VTP,historic resubmission,1,1,19,39.7,0,0,registration,0,1,120,1,20,standard,0,0,0,0.0,Elevated
2026-01-14T10:00,SYN-SUP-01,Supplier,new MSID Pair,1,0,9,38.1,0,0,registration,1,1,120,1,20,priority,1,1,1,0.0,Elevated
2026-01-14T10:00,SYN-SUP-01,Supplier,new AMSID Pair,0,0,9,41.3,0,0,registration,0,0,120,1,20,priority,1,0,0,0.0,Elevated
2026-01-14T10:00,SYN-SUP-01,Supplier,historic resubmission,3,1,49,39.4,0,0,registration,2,3,120,1,20,standard,0,0,2,50.0,Elevated
2026-01-14T11:00,SYN-VLP-01,VLP,new MSID Pair,6,3,68,40.4,0,0,registration,4,6,120,1,20,priority,1,1,3,50.0,Elevated
2026-01-14T11:00,SYN-VLP-01,VLP,new AMSID Pair,1,1,9,40.9,0,0,registration,0,1,120,1,20,priority,1,0,0,0.0,Elevated
2026-01-14T11:00,SYN-VLP-01,VLP,historic resubmission,0,0,19,40.4,0,0,registration,0,0,120,1,20,standard,0,0,0,0.0,Elevated
2026-01-14T11:00,SYN-VTP-01,VTP,new MSID Pair,4,2,29,41.5,0,0,registration,3,4,120,1,20,priority,1,1,2,33.33,Elevated
2026-01-14T11:00,SYN-VTP-01,VTP,new AMSID Pair,3,2,29,42.7,0,0,registration,1,3,120,1,20,priority,1,0,1,200.0,Elevated
2026-01-14T11:00,SYN-VTP-01,VTP,historic resubmission,1,0,19,41.3,0,0,registration,2,1,120,1,20,standard,0,0,1,-50.0,Elevated
2026-01-14T11:00,SYN-AMVLP-01,AMVLP,new MSID Pair,1,1,9,41.9,0,0,registration,0,1,120,1,20,priority,1,1,0,0.0,Elevated
2026-01-14T11:00,SYN-AMVLP-01,AMVLP,new AMSID Pair,8,4,73,40.3,1,1,registration,6,8,120,1,20,priority,1,0,4,33.33,Elevated
2026-01-14T11:00,SYN-AMVLP-01,AMVLP,historic resubmission,2,1,21,39.3,0,0,registration,0,2,120,1,20,standard,0,0,1,0.0,Elevated
2026-01-14T11:00,SYN-VLP-02,VLP,new MSID Pair,4,2,42,42.4,0,0,registration,2,4,120,1,20,priority,1,1,2,100.0,Elevated
2026-01-14T11:00,SYN-VLP-02,VLP,new AMSID Pair,2,1,12,39.8,0,0,registration,1,2,120,1,20,priority,1,0,1,100.0,Elevated
2026-01-14T11:00,SYN-VLP-02,VLP,historic resubmission,2,0,21,42.9,0,0,registration,0,2,120,1,20,standard,0,0,2,0.0,Elevated
2026-01-14T11:00,SYN-VTP-02,VTP,new MSID Pair,1,0,10,39.9,0,0,registration,0,1,120,1,20,priority,1,1,1,0.0,Elevated
2026-01-14T11:00,SYN-VTP-02,VTP,new AMSID Pair,3,2,29,42.4,0,0,registration,0,3,120,1,20,priority,1,0,1,0.0,Elevated
2026-01-14T11:00,SYN-VTP-02,VTP,historic resubmission,1,0,20,41.0,1,1,registration,1,1,120,1,20,standard,0,0,1,0.0,Elevated
2026-01-14T11:00,SYN-SUP-01,Supplier,new MSID Pair,1,0,10,40.1,0,0,registration,1,1,120,1,20,priority,1,1,1,0.0,Elevated
2026-01-14T11:00,SYN-SUP-01,Supplier,new AMSID Pair,1,0,10,39.8,0,0,registration,1,1,120,1,20,priority,1,0,1,0.0,Elevated
2026-01-14T11:00,SYN-SUP-01,Supplier,historic resubmission,3,1,51,41.9,0,1,registration,1,3,120,1,20,standard,0,0,2,200.0,Elevated
2026-01-14T12:00,SYN-VLP-01,VLP,new MSID Pair,7,3,72,42.2,1,1,registration,3,7,120,1,20,priority,1,1,4,133.33,Elevated
2026-01-14T12:00,SYN-VLP-01,VLP,new AMSID Pair,0,0,9,41.8,0,0,registration,0,0,120,1,20,priority,1,0,0,0.0,Elevated
2026-01-14T12:00,SYN-VLP-01,VLP,historic resubmission,2,0,21,43.9,0,0,registration,0,2,120,1,20,standard,0,0,2,0.0,Elevated
2026-01-14T12:00,SYN-VTP-01,VTP,new MSID Pair,2,1,30,44.3,0,0,registration,0,2,120,1,20,priority,1,1,1,0.0,Elevated
2026-01-14T12:00,SYN-VTP-01,VTP,new AMSID Pair,4,2,31,42.6,0,0,registration,1,4,120,1,20,priority,1,0,2,300.0,Elevated
2026-01-14T12:00,SYN-VTP-01,VTP,historic resubmission,1,0,20,45.0,0,0,registration,0,1,120,1,20,standard,0,0,1,0.0,Elevated
2026-01-14T12:00,SYN-AMVLP-01,AMVLP,new MSID Pair,0,0,9,43.3,0,0,registration,1,0,120,1,20,priority,1,1,0,-100.0,Elevated
2026-01-14T12:00,SYN-AMVLP-01,AMVLP,new AMSID Pair,6,4,75,43.2,0,0,registration,3,6,120,1,20,priority,1,0,2,100.0,Elevated
2026-01-14T12:00,SYN-AMVLP-01,AMVLP,historic resubmission,1,1,21,42.6,0,0,registration,2,1,120,1,20,standard,0,0,0,-50.0,Elevated
2026-01-14T12:00,SYN-VLP-02,VLP,new MSID Pair,3,2,43,42.5,0,0,registration,2,3,120,1,20,priority,1,1,1,50.0,Elevated
2026-01-14T12:00,SYN-VLP-02,VLP,new AMSID Pair,2,1,13,43.0,0,0,registration,1,2,120,1,20,priority,1,0,1,100.0,Elevated
2026-01-14T12:00,SYN-VLP-02,VLP,historic resubmission,1,1,21,43.8,0,0,registration,0,1,120,1,20,standard,0,0,0,0.0,Elevated
2026-01-14T12:00,SYN-VTP-02,VTP,new MSID Pair,1,1,10,42.5,0,0,registration,1,1,120,1,20,priority,1,1,0,0.0,Elevated
2026-01-14T12:00,SYN-VTP-02,VTP,new AMSID Pair,2,1,30,41.7,0,0,registration,1,2,120,1,20,priority,1,0,1,100.0,Elevated
2026-01-14T12:00,SYN-VTP-02,VTP,historic resubmission,2,1,21,42.6,0,0,registration,0,2,120,1,20,standard,0,0,1,0.0,Elevated
2026-01-14T12:00,SYN-SUP-01,Supplier,new MSID Pair,2,1,11,44.8,0,0,registration,0,2,120,1,20,priority,1,1,1,0.0,Elevated
2026-01-14T12:00,SYN-SUP-01,Supplier,new AMSID Pair,0,0,10,41.7,0,0,registration,0,0,120,1,20,priority,1,0,0,0.0,Elevated
2026-01-14T12:00,SYN-SUP-01,Supplier,historic resubmission,3,1,53,41.5,0,0,registration,2,3,120,1,20,standard,0,0,2,50.0,Elevated
2026-01-14T13:00,SYN-VLP-01,VLP,new MSID Pair,9,4,77,44.5,0,0,registration,3,9,120,1,20,priority,1,1,5,200.0,Elevated
2026-01-14T13:00,SYN-VLP-01,VLP,new AMSID Pair,1,0,10,44.8,0,0,registration,0,1,120,1,20,priority,1,0,1,0.0,Elevated
2026-01-14T13:00,SYN-VLP-01,VLP,historic resubmission,1,0,22,43.0,0,0,registration,0,1,120,1,20,standard,0,0,1,0.0,Elevated
2026-01-14T13:00,SYN-VTP-01,VTP,new MSID Pair,3,1,32,43.3,0,0,registration,1,3,120,1,20,priority,1,1,2,200.0,Elevated
2026-01-14T13:00,SYN-VTP-01,VTP,new AMSID Pair,4,2,33,43.9,0,0,registration,2,4,120,1,20,priority,1,0,2,100.0,Elevated
2026-01-14T13:00,SYN-VTP-01,VTP,historic resubmission,3,1,22,43.0,0,0,registration,1,3,120,1,20,standard,0,0,2,200.0,Elevated
2026-01-14T13:00,SYN-AMVLP-01,AMVLP,new MSID Pair,0,0,9,44.7,0,0,registration,0,0,120,1,20,priority,1,1,0,0.0,Elevated
2026-01-14T13:00,SYN-AMVLP-01,AMVLP,new AMSID Pair,7,4,78,42.7,0,0,registration,4,7,120,1,20,priority,1,0,3,75.0,Elevated
2026-01-14T13:00,SYN-AMVLP-01,AMVLP,historic resubmission,1,0,22,44.0,0,0,registration,1,1,120,1,20,standard,0,0,1,0.0,Elevated
2026-01-14T13:00,SYN-VLP-02,VLP,new MSID Pair,4,2,45,45.2,0,0,registration,4,4,120,1,20,priority,1,1,2,0.0,Elevated
2026-01-14T13:00,SYN-VLP-02,VLP,new AMSID Pair,2,1,14,43.6,0,0,registration,1,2,120,1,20,priority,1,0,1,100.0,Elevated
2026-01-14T13:00,SYN-VLP-02,VLP,historic resubmission,1,0,22,43.2,0,0,registration,0,1,120,1,20,standard,0,0,1,0.0,Elevated
2026-01-14T13:00,SYN-VTP-02,VTP,new MSID Pair,1,1,10,43.0,0,0,registration,2,1,120,1,20,priority,1,1,0,-50.0,Elevated
2026-01-14T13:00,SYN-VTP-02,VTP,new AMSID Pair,3,1,32,42.5,0,0,registration,2,3,120,1,20,priority,1,0,2,50.0,Elevated
2026-01-14T13:00,SYN-VTP-02,VTP,historic resubmission,1,0,22,45.1,0,0,registration,0,1,120,1,20,standard,0,0,1,0.0,Elevated
2026-01-14T13:00,SYN-SUP-01,Supplier,new MSID Pair,1,1,11,43.8,0,0,registration,1,1,120,1,20,priority,1,1,0,0.0,Elevated
2026-01-14T13:00,SYN-SUP-01,Supplier,new AMSID Pair,1,1,10,42.8,0,0,registration,0,1,120,1,20,priority,1,0,0,0.0,Elevated
2026-01-14T13:00,SYN-SUP-01,Supplier,historic resubmission,1,1,53,45.1,1,1,registration,2,1,120,1,20,standard,0,0,0,-50.0,Elevated
2026-01-14T14:00,SYN-VLP-01,VLP,new MSID Pair,6,4,79,47.8,1,1,registration,5,6,120,1,20,priority,1,1,2,20.0,Elevated
2026-01-14T14:00,SYN-VLP-01,VLP,new AMSID Pair,2,1,11,46.6,0,0,registration,0,2,120,1,20,priority,1,0,1,0.0,Elevated
2026-01-14T14:00,SYN-VLP-01,VLP,historic resubmission,2,1,23,44.5,0,0,registration,0,2,120,1,20,standard,0,0,1,0.0,Elevated
2026-01-14T14:00,SYN-VTP-01,VTP,new MSID Pair,2,1,33,45.1,0,0,registration,2,2,120,1,20,priority,1,1,1,0.0,Elevated
2026-01-14T14:00,SYN-VTP-01,VTP,new AMSID Pair,3,2,34,45.3,1,2,registration,3,3,120,1,20,priority,1,0,1,0.0,Elevated
2026-01-14T14:00,SYN-VTP-01,VTP,historic resubmission,0,0,22,48.1,0,0,registration,1,0,120,1,20,standard,0,0,0,-100.0,Elevated
2026-01-14T14:00,SYN-AMVLP-01,AMVLP,new MSID Pair,2,0,11,47.7,0,0,registration,0,2,120,1,20,priority,1,1,2,0.0,Elevated
2026-01-14T14:00,SYN-AMVLP-01,AMVLP,new AMSID Pair,7,4,81,47.0,0,0,registration,3,7,120,1,20,priority,1,0,3,133.33,Elevated
2026-01-14T14:00,SYN-AMVLP-01,AMVLP,historic resubmission,0,0,22,47.7,0,0,registration,1,0,120,1,20,standard,0,0,0,-100.0,Elevated
2026-01-14T14:00,SYN-VLP-02,VLP,new MSID Pair,5,2,48,45.5,0,0,registration,2,5,120,1,20,priority,1,1,3,150.0,Elevated
2026-01-14T14:00,SYN-VLP-02,VLP,new AMSID Pair,1,1,14,45.4,0,0,registration,1,1,120,1,20,priority,1,0,0,0.0,Elevated
2026-01-14T14:00,SYN-VLP-02,VLP,historic resubmission,1,0,23,46.2,0,0,registration,0,1,120,1,20,standard,0,0,1,0.0,Elevated
2026-01-14T14:00,SYN-VTP-02,VTP,new MSID Pair,0,0,10,46.8,0,0,registration,2,0,120,1,20,priority,1,1,0,-100.0,Elevated
2026-01-14T14:00,SYN-VTP-02,VTP,new AMSID Pair,3,2,33,44.4,0,0,registration,2,3,120,1,20,priority,1,0,1,50.0,Elevated
2026-01-14T14:00,SYN-VTP-02,VTP,historic resubmission,0,0,22,46.7,0,0,registration,0,0,120,1,20,standard,0,0,0,0.0,Elevated
2026-01-14T14:00,SYN-SUP-01,Supplier,new MSID Pair,1,1,11,45.2,0,0,registration,0,1,120,1,20,priority,1,1,0,0.0,Elevated
2026-01-14T14:00,SYN-SUP-01,Supplier,new AMSID Pair,1,0,11,44.5,0,0,registration,0,1,120,1,20,priority,1,0,1,0.0,Elevated
2026-01-14T14:00,SYN-SUP-01,Supplier,historic resubmission,2,1,54,46.5,0,0,registration,2,2,120,1,20,standard,0,0,1,0.0,Elevated
2026-01-14T15:00,SYN-VLP-01,VLP,new MSID Pair,7,4,82,48.3,0,0,registration,4,7,120,1,20,priority,1,1,3,75.0,At risk
2026-01-14T15:00,SYN-VLP-01,VLP,new AMSID Pair,1,1,11,47.8,0,0,registration,0,1,120,1,20,priority,1,0,0,0.0,At risk
2026-01-14T15:00,SYN-VLP-01,VLP,historic resubmission,2,1,24,49.4,0,0,registration,0,2,120,1,20,standard,0,0,1,0.0,At risk
2026-01-14T15:00,SYN-VTP-01,VTP,new MSID Pair,4,2,35,48.2,0,0,registration,1,4,120,1,20,priority,1,1,2,300.0,At risk
2026-01-14T15:00,SYN-VTP-01,VTP,new AMSID Pair,4,2,36,47.9,0,0,registration,2,4,120,1,20,priority,1,0,2,100.0,At risk
2026-01-14T15:00,SYN-VTP-01,VTP,historic resubmission,1,0,23,45.7,0,0,registration,1,1,120,1,20,standard,0,0,1,0.0,At risk
2026-01-14T15:00,SYN-AMVLP-01,AMVLP,new MSID Pair,1,1,11,47.7,0,0,registration,1,1,120,1,20,priority,1,1,0,0.0,At risk
2026-01-14T15:00,SYN-AMVLP-01,AMVLP,new AMSID Pair,8,4,85,46.9,0,0,registration,3,8,120,1,20,priority,1,0,4,166.67,At risk
2026-01-14T15:00,SYN-AMVLP-01,AMVLP,historic resubmission,1,0,23,46.6,0,0,registration,0,1,120,1,20,standard,0,0,1,0.0,At risk
2026-01-14T15:00,SYN-VLP-02,VLP,new MSID Pair,4,2,50,48.7,0,0,registration,2,4,120,1,20,priority,1,1,2,100.0,At risk
2026-01-14T15:00,SYN-VLP-02,VLP,new AMSID Pair,1,1,14,46.1,0,0,registration,1,1,120,1,20,priority,1,0,0,0.0,At risk
2026-01-14T15:00,SYN-VLP-02,VLP,historic resubmission,1,0,24,48.7,0,0,registration,0,1,120,1,20,standard,0,0,1,0.0,At risk
2026-01-14T15:00,SYN-VTP-02,VTP,new MSID Pair,1,0,11,46.0,0,0,registration,1,1,120,1,20,priority,1,1,1,0.0,At risk
2026-01-14T15:00,SYN-VTP-02,VTP,new AMSID Pair,1,1,33,49.5,0,0,registration,2,1,120,1,20,priority,1,0,0,-50.0,At risk
2026-01-14T15:00,SYN-VTP-02,VTP,historic resubmission,2,0,24,46.8,0,0,registration,1,2,120,1,20,standard,0,0,2,100.0,At risk
2026-01-14T15:00,SYN-SUP-01,Supplier,new MSID Pair,0,0,11,46.6,0,0,registration,0,0,120,1,20,priority,1,1,0,0.0,At risk
2026-01-14T15:00,SYN-SUP-01,Supplier,new AMSID Pair,0,0,11,46.1,0,0,registration,0,0,120,1,20,priority,1,0,0,0.0,At risk
2026-01-14T15:00,SYN-SUP-01,Supplier,historic resubmission,3,1,56,46.8,0,0,registration,2,3,120,1,20,standard,0,0,2,50.0,At risk
2026-01-14T16:00,SYN-VLP-01,VLP,new MSID Pair,7,4,85,50.9,1,2,registration,3,7,120,1,20,priority,1,1,3,133.33,At risk
2026-01-14T16:00,SYN-VLP-01,VLP,new AMSID Pair,1,1,11,47.6,0,0,registration,1,1,120,1,20,priority,1,0,0,0.0,At risk
2026-01-14T16:00,SYN-VLP-01,VLP,historic resubmission,0,0,24,49.2,0,0,registration,0,0,120,1,20,standard,0,0,0,0.0,At risk
2026-01-14T16:00,SYN-VTP-01,VTP,new MSID Pair,2,1,36,47.5,0,0,registration,2,2,120,1,20,priority,1,1,1,0.0,At risk
2026-01-14T16:00,SYN-VTP-01,VTP,new AMSID Pair,3,2,37,49.9,0,0,registration,2,3,120,1,20,priority,1,0,1,50.0,At risk
2026-01-14T16:00,SYN-VTP-01,VTP,historic resubmission,2,0,25,48.0,0,0,registration,0,2,120,1,20,standard,0,0,2,0.0,At risk
2026-01-14T16:00,SYN-AMVLP-01,AMVLP,new MSID Pair,1,1,11,51.3,0,0,registration,2,1,120,1,20,priority,1,1,0,-50.0,At risk
2026-01-14T16:00,SYN-AMVLP-01,AMVLP,new AMSID Pair,8,4,89,49.0,0,0,registration,4,8,120,1,20,priority,1,0,4,100.0,At risk
2026-01-14T16:00,SYN-AMVLP-01,AMVLP,historic resubmission,1,0,24,48.3,0,0,registration,1,1,120,1,20,standard,0,0,1,0.0,At risk
2026-01-14T16:00,SYN-VLP-02,VLP,new MSID Pair,4,2,52,50.5,0,0,registration,3,4,120,1,20,priority,1,1,2,33.33,At risk
2026-01-14T16:00,SYN-VLP-02,VLP,new AMSID Pair,3,1,16,49.4,0,0,registration,1,3,120,1,20,priority,1,0,2,200.0,At risk
2026-01-14T16:00,SYN-VLP-02,VLP,historic resubmission,1,0,25,47.4,0,0,registration,0,1,120,1,20,standard,0,0,1,0.0,At risk
2026-01-14T16:00,SYN-VTP-02,VTP,new MSID Pair,1,1,11,48.6,0,0,registration,0,1,120,1,20,priority,1,1,0,0.0,At risk
2026-01-14T16:00,SYN-VTP-02,VTP,new AMSID Pair,4,2,35,48.3,0,0,registration,1,4,120,1,20,priority,1,0,2,300.0,At risk
2026-01-14T16:00,SYN-VTP-02,VTP,historic resubmission,1,0,25,47.5,0,0,registration,0,1,120,1,20,standard,0,0,1,0.0,At risk
2026-01-14T16:00,SYN-SUP-01,Supplier,new MSID Pair,0,0,11,50.0,0,0,registration,1,0,120,1,20,priority,1,1,0,-100.0,At risk
2026-01-14T16:00,SYN-SUP-01,Supplier,new AMSID Pair,0,0,11,49.1,0,0,registration,2,0,120,1,20,priority,1,0,0,-100.0,At risk
2026-01-14T16:00,SYN-SUP-01,Supplier,historic resubmission,2,1,57,50.8,0,0,registration,1,2,120,1,20,standard,0,0,1,100.0,At risk
2026-01-14T17:00,SYN-VLP-01,VLP,new MSID Pair,5,4,86,51.0,0,0,registration,2,5,120,1,20,priority,1,1,1,150.0,At risk
2026-01-14T17:00,SYN-VLP-01,VLP,new AMSID Pair,2,1,12,51.1,0,0,registration,0,2,120,1,20,priority,1,0,1,0.0,At risk
2026-01-14T17:00,SYN-VLP-01,VLP,historic resubmission,0,0,24,51.0,0,0,registration,2,0,120,1,20,standard,0,0,0,-100.0,At risk
2026-01-14T17:00,SYN-VTP-01,VTP,new MSID Pair,1,1,36,51.1,1,1,registration,1,1,120,1,20,priority,1,1,0,0.0,At risk
2026-01-14T17:00,SYN-VTP-01,VTP,new AMSID Pair,2,2,37,52.2,0,0,registration,2,2,120,1,20,priority,1,0,0,0.0,At risk
2026-01-14T17:00,SYN-VTP-01,VTP,historic resubmission,0,0,25,49.0,0,0,registration,0,0,120,1,20,standard,0,0,0,0.0,At risk
2026-01-14T17:00,SYN-AMVLP-01,AMVLP,new MSID Pair,1,1,11,49.8,0,0,registration,0,1,120,1,20,priority,1,1,0,0.0,At risk
2026-01-14T17:00,SYN-AMVLP-01,AMVLP,new AMSID Pair,5,4,90,51.2,0,0,registration,3,5,120,1,20,priority,1,0,1,66.67,At risk
2026-01-14T17:00,SYN-AMVLP-01,AMVLP,historic resubmission,0,0,24,50.6,0,0,registration,1,0,120,1,20,standard,0,0,0,-100.0,At risk
2026-01-14T17:00,SYN-VLP-02,VLP,new MSID Pair,2,2,52,49.4,0,0,registration,1,2,120,1,20,priority,1,1,0,100.0,At risk
2026-01-14T17:00,SYN-VLP-02,VLP,new AMSID Pair,1,1,16,50.1,0,0,registration,0,1,120,1,20,priority,1,0,0,0.0,At risk
2026-01-14T17:00,SYN-VLP-02,VLP,historic resubmission,1,0,26,48.9,0,0,registration,1,1,120,1,20,standard,0,0,1,0.0,At risk
2026-01-14T17:00,SYN-VTP-02,VTP,new MSID Pair,1,1,11,51.3,0,0,registration,1,1,120,1,20,priority,1,1,0,0.0,At risk
2026-01-14T17:00,SYN-VTP-02,VTP,new AMSID Pair,2,1,36,52.3,0,0,registration,2,2,120,1,20,priority,1,0,1,0.0,At risk
2026-01-14T17:00,SYN-VTP-02,VTP,historic resubmission,1,0,26,50.1,0,0,registration,0,1,120,1,20,standard,0,0,1,0.0,At risk
2026-01-14T17:00,SYN-SUP-01,Supplier,new MSID Pair,1,1,11,51.3,0,0,registration,0,1,120,1,20,priority,1,1,0,0.0,At risk
2026-01-14T17:00,SYN-SUP-01,Supplier,new AMSID Pair,0,0,11,52.8,0,0,registration,0,0,120,1,20,priority,1,0,0,0.0,At risk
2026-01-14T17:00,SYN-SUP-01,Supplier,historic resubmission,1,1,57,52.4,0,0,registration,0,1,120,1,20,standard,0,0,0,0.0,At risk
2026-01-14T18:00,SYN-VLP-01,VLP,new MSID Pair,5,4,87,53.2,1,1,registration,3,5,120,1,20,priority,1,1,1,66.67,At risk
2026-01-14T18:00,SYN-VLP-01,VLP,new AMSID Pair,0,0,12,53.3,0,0,registration,0,0,120,1,20,priority,1,0,0,0.0,At risk
2026-01-14T18:00,SYN-VLP-01,VLP,historic resubmission,0,0,24,52.7,0,0,registration,1,0,120,1,20,standard,0,0,0,-100.0,At risk
2026-01-14T18:00,SYN-VTP-01,VTP,new MSID Pair,2,1,37,52.7,0,0,registration,0,2,120,1,20,priority,1,1,1,0.0,At risk
2026-01-14T18:00,SYN-VTP-01,VTP,new AMSID Pair,2,2,37,52.8,0,0,registration,2,2,120,1,20,priority,1,0,0,0.0,At risk
2026-01-14T18:00,SYN-VTP-01,VTP,historic resubmission,0,0,25,49.4,0,0,registration,0,0,120,1,20,standard,0,0,0,0.0,At risk
2026-01-14T18:00,SYN-AMVLP-01,AMVLP,new MSID Pair,0,0,11,49.9,0,0,registration,0,0,120,1,20,priority,1,1,0,0.0,At risk
2026-01-14T18:00,SYN-AMVLP-01,AMVLP,new AMSID Pair,5,4,91,51.4,0,0,registration,2,5,120,1,20,priority,1,0,1,150.0,At risk
2026-01-14T18:00,SYN-AMVLP-01,AMVLP,historic resubmission,1,0,25,50.5,0,0,registration,1,1,120,1,20,standard,0,0,1,0.0,At risk
2026-01-14T18:00,SYN-VLP-02,VLP,new MSID Pair,2,2,52,50.1,0,0,registration,2,2,120,1,20,priority,1,1,0,0.0,At risk
2026-01-14T18:00,SYN-VLP-02,VLP,new AMSID Pair,1,1,16,53.2,0,0,registration,1,1,120,1,20,priority,1,0,0,0.0,At risk
2026-01-14T18:00,SYN-VLP-02,VLP,historic resubmission,1,1,26,52.8,0,0,registration,1,1,120,1,20,standard,0,0,0,0.0,At risk
2026-01-14T18:00,SYN-VTP-02,VTP,new MSID Pair,2,1,12,51.6,0,0,registration,2,2,120,1,20,priority,1,1,1,0.0,At risk
2026-01-14T18:00,SYN-VTP-02,VTP,new AMSID Pair,3,2,37,49.4,0,0,registration,2,3,120,1,20,priority,1,0,1,50.0,At risk
2026-01-14T18:00,SYN-VTP-02,VTP,historic resubmission,2,1,27,50.8,0,0,registration,1,2,120,1,20,standard,0,0,1,100.0,At risk
2026-01-14T18:00,SYN-SUP-01,Supplier,new MSID Pair,1,0,12,53.3,0,0,registration,1,1,120,1,20,priority,1,1,1,0.0,At risk
2026-01-14T18:00,SYN-SUP-01,Supplier,new AMSID Pair,1,0,12,52.0,0,0,registration,0,1,120,1,20,priority,1,0,1,0.0,At risk
2026-01-14T18:00,SYN-SUP-01,Supplier,historic resubmission,2,1,58,50.3,0,0,registration,1,2,120,1,20,standard,0,0,1,100.0,At risk
2026-01-14T19:00,SYN-VLP-01,VLP,new MSID Pair,4,4,87,52.5,0,1,registration,2,4,120,1,20,priority,1,1,0,100.0,At risk
2026-01-14T19:00,SYN-VLP-01,VLP,new AMSID Pair,1,1,12,52.7,0,0,registration,1,1,120,1,20,priority,1,0,0,0.0,At risk
2026-01-14T19:00,SYN-VLP-01,VLP,historic resubmission,0,0,24,52.8,0,0,registration,0,0,120,1,20,standard,0,0,0,0.0,At risk
2026-01-14T19:00,SYN-VTP-01,VTP,new MSID Pair,2,2,37,52.1,0,0,registration,0,2,120,1,20,priority,1,1,0,0.0,At risk
2026-01-14T19:00,SYN-VTP-01,VTP,new AMSID Pair,2,2,37,51.0,0,0,registration,1,2,120,1,20,priority,1,0,0,100.0,At risk
2026-01-14T19:00,SYN-VTP-01,VTP,historic resubmission,1,0,26,50.8,0,0,registration,0,1,120,1,20,standard,0,0,1,0.0,At risk
2026-01-14T19:00,SYN-AMVLP-01,AMVLP,new MSID Pair,0,0,11,51.3,0,0,registration,0,0,120,1,20,priority,1,1,0,0.0,At risk
2026-01-14T19:00,SYN-AMVLP-01,AMVLP,new AMSID Pair,5,4,92,51.4,0,0,registration,1,5,120,1,20,priority,1,0,1,400.0,At risk
2026-01-14T19:00,SYN-AMVLP-01,AMVLP,historic resubmission,1,0,26,53.5,0,1,registration,2,1,120,1,20,standard,0,0,1,-50.0,At risk
2026-01-14T19:00,SYN-VLP-02,VLP,new MSID Pair,2,2,52,51.9,0,0,registration,2,2,120,1,20,priority,1,1,0,0.0,At risk
2026-01-14T19:00,SYN-VLP-02,VLP,new AMSID Pair,1,1,16,51.4,0,0,registration,1,1,120,1,20,priority,1,0,0,0.0,At risk
2026-01-14T19:00,SYN-VLP-02,VLP,historic resubmission,0,0,26,53.2,0,0,registration,0,0,120,1,20,standard,0,0,0,0.0,At risk
2026-01-14T19:00,SYN-VTP-02,VTP,new MSID Pair,0,0,12,51.0,0,0,registration,1,0,120,1,20,priority,1,1,0,-100.0,At risk
2026-01-14T19:00,SYN-VTP-02,VTP,new AMSID Pair,2,2,37,51.2,0,0,registration,2,2,120,1,20,priority,1,0,0,0.0,At risk
2026-01-14T19:00,SYN-VTP-02,VTP,historic resubmission,0,0,27,53.6,0,0,registration,0,0,120,1,20,standard,0,0,0,0.0,At risk
2026-01-14T19:00,SYN-SUP-01,Supplier,new MSID Pair,1,1,12,52.0,0,0,registration,0,1,120,1,20,priority,1,1,0,0.0,At risk
2026-01-14T19:00,SYN-SUP-01,Supplier,new AMSID Pair,0,0,12,53.9,0,0,registration,0,0,120,1,20,priority,1,0,0,0.0,At risk
2026-01-14T19:00,SYN-SUP-01,Supplier,historic resubmission,1,1,58,53.2,0,0,registration,1,1,120,1,20,standard,0,0,0,0.0,At risk
2026-01-14T20:00,SYN-VLP-01,VLP,new MSID Pair,4,3,88,50.5,0,0,registration,1,4,120,1,20,priority,1,1,1,300.0,At risk
2026-01-14T20:00,SYN-VLP-01,VLP,new AMSID Pair,1,1,12,50.5,0,0,registration,0,1,120,1,20,priority,1,0,0,0.0,At risk
2026-01-14T20:00,SYN-VLP-01,VLP,historic resubmission,2,0,26,52.8,0,0,registration,1,2,120,1,20,standard,0,0,2,100.0,At risk
2026-01-14T20:00,SYN-VTP-01,VTP,new MSID Pair,1,1,37,52.8,0,0,registration,1,1,120,1,20,priority,1,1,0,0.0,At risk
2026-01-14T20:00,SYN-VTP-01,VTP,new AMSID Pair,2,2,37,51.7,0,0,registration,2,2,120,1,20,priority,1,0,0,0.0,At risk
2026-01-14T20:00,SYN-VTP-01,VTP,historic resubmission,1,0,27,50.5,0,0,registration,1,1,120,1,20,standard,0,0,1,0.0,At risk
2026-01-14T20:00,SYN-AMVLP-01,AMVLP,new MSID Pair,0,0,11,53.8,0,0,registration,1,0,120,1,20,priority,1,1,0,-100.0,At risk
2026-01-14T20:00,SYN-AMVLP-01,AMVLP,new AMSID Pair,4,4,92,52.4,0,0,registration,2,4,120,1,20,priority,1,0,0,100.0,At risk
2026-01-14T20:00,SYN-AMVLP-01,AMVLP,historic resubmission,1,0,27,54.2,0,0,registration,0,1,120,1,20,standard,0,0,1,0.0,At risk
2026-01-14T20:00,SYN-VLP-02,VLP,new MSID Pair,2,2,52,53.2,0,0,registration,2,2,120,1,20,priority,1,1,0,0.0,At risk
2026-01-14T20:00,SYN-VLP-02,VLP,new AMSID Pair,1,1,16,54.1,0,0,registration,1,1,120,1,20,priority,1,0,0,0.0,At risk
2026-01-14T20:00,SYN-VLP-02,VLP,historic resubmission,0,0,26,52.3,0,0,registration,0,0,120,1,20,standard,0,0,0,0.0,At risk
2026-01-14T20:00,SYN-VTP-02,VTP,new MSID Pair,2,1,13,51.0,0,0,registration,0,2,120,1,20,priority,1,1,1,0.0,At risk
2026-01-14T20:00,SYN-VTP-02,VTP,new AMSID Pair,1,1,37,51.5,0,0,registration,1,1,120,1,20,priority,1,0,0,0.0,At risk
2026-01-14T20:00,SYN-VTP-02,VTP,historic resubmission,1,1,27,54.2,0,0,registration,1,1,120,1,20,standard,0,0,0,0.0,At risk
2026-01-14T20:00,SYN-SUP-01,Supplier,new MSID Pair,1,1,12,53.3,0,0,registration,0,1,120,1,20,priority,1,1,0,0.0,At risk
2026-01-14T20:00,SYN-SUP-01,Supplier,new AMSID Pair,1,1,12,50.5,0,0,registration,0,1,120,1,20,priority,1,0,0,0.0,At risk
2026-01-14T20:00,SYN-SUP-01,Supplier,historic resubmission,2,1,59,50.7,0,0,registration,0,2,120,1,20,standard,0,0,1,0.0,At risk
2026-01-14T21:00,SYN-VLP-01,VLP,new MSID Pair,3,3,88,53.8,0,0,registration,2,3,120,1,20,priority,1,1,0,50.0,At risk
2026-01-14T21:00,SYN-VLP-01,VLP,new AMSID Pair,0,0,12,53.0,0,0,registration,0,0,120,1,20,priority,1,0,0,0.0,At risk
2026-01-14T21:00,SYN-VLP-01,VLP,historic resubmission,2,1,27,53.5,0,0,registration,0,2,120,1,20,standard,0,0,1,0.0,At risk
2026-01-14T21:00,SYN-VTP-01,VTP,new MSID Pair,0,1,36,52.7,0,0,registration,1,0,120,1,20,priority,1,1,-1,-100.0,At risk
2026-01-14T21:00,SYN-VTP-01,VTP,new AMSID Pair,2,2,37,52.7,0,0,registration,0,2,120,1,20,priority,1,0,0,0.0,At risk
2026-01-14T21:00,SYN-VTP-01,VTP,historic resubmission,0,0,27,52.6,0,0,registration,0,0,120,1,20,standard,0,0,0,0.0,At risk
2026-01-14T21:00,SYN-AMVLP-01,AMVLP,new MSID Pair,0,0,11,50.9,0,0,registration,1,0,120,1,20,priority,1,1,0,-100.0,At risk
2026-01-14T21:00,SYN-AMVLP-01,AMVLP,new AMSID Pair,4,4,92,51.3,0,0,registration,2,4,120,1,20,priority,1,0,0,100.0,At risk
2026-01-14T21:00,SYN-AMVLP-01,AMVLP,historic resubmission,1,1,27,52.0,0,0,registration,0,1,120,1,20,standard,0,0,0,0.0,At risk
2026-01-14T21:00,SYN-VLP-02,VLP,new MSID Pair,3,2,53,52.9,0,0,registration,1,3,120,1,20,priority,1,1,1,200.0,At risk
2026-01-14T21:00,SYN-VLP-02,VLP,new AMSID Pair,1,1,16,54.2,0,0,registration,1,1,120,1,20,priority,1,0,0,0.0,At risk
2026-01-14T21:00,SYN-VLP-02,VLP,historic resubmission,0,0,26,53.9,0,0,registration,0,0,120,1,20,standard,0,0,0,0.0,At risk
2026-01-14T21:00,SYN-VTP-02,VTP,new MSID Pair,2,1,14,52.2,1,1,registration,0,2,120,1,20,priority,1,1,1,0.0,At risk
2026-01-14T21:00,SYN-VTP-02,VTP,new AMSID Pair,1,1,37,54.5,0,0,registration,1,1,120,1,20,priority,1,0,0,0.0,At risk
2026-01-14T21:00,SYN-VTP-02,VTP,historic resubmission,0,0,27,54.8,0,0,registration,1,0,120,1,20,standard,0,0,0,-100.0,At risk
2026-01-14T21:00,SYN-SUP-01,Supplier,new MSID Pair,1,1,12,51.6,0,0,registration,0,1,120,1,20,priority,1,1,0,0.0,At risk
2026-01-14T21:00,SYN-SUP-01,Supplier,new AMSID Pair,1,1,12,54.7,0,0,registration,0,1,120,1,20,priority,1,0,0,0.0,At risk
2026-01-14T21:00,SYN-SUP-01,Supplier,historic resubmission,0,1,58,52.8,0,0,registration,1,0,120,1,20,standard,0,0,-1,-100.0,At risk
2026-01-14T22:00,SYN-VLP-01,VLP,new MSID Pair,3,3,88,52.2,0,0,registration,3,3,120,1,20,priority,1,1,0,0.0,At risk
2026-01-14T22:00,SYN-VLP-01,VLP,new AMSID Pair,0,0,12,53.0,0,0,registration,1,0,120,1,20,priority,1,0,0,-100.0,At risk
2026-01-14T22:00,SYN-VLP-01,VLP,historic resubmission,0,0,27,51.9,0,0,registration,0,0,120,1,20,standard,0,0,0,0.0,At risk
2026-01-14T22:00,SYN-VTP-01,VTP,new MSID Pair,1,1,36,53.4,0,0,registration,1,1,120,1,20,priority,1,1,0,0.0,At risk
2026-01-14T22:00,SYN-VTP-01,VTP,new AMSID Pair,2,2,37,51.2,0,0,registration,2,2,120,1,20,priority,1,0,0,0.0,At risk
2026-01-14T22:00,SYN-VTP-01,VTP,historic resubmission,2,1,28,53.6,0,0,registration,1,2,120,1,20,standard,0,0,1,100.0,At risk
2026-01-14T22:00,SYN-AMVLP-01,AMVLP,new MSID Pair,0,0,11,53.2,0,0,registration,0,0,120,1,20,priority,1,1,0,0.0,At risk
2026-01-14T22:00,SYN-AMVLP-01,AMVLP,new AMSID Pair,2,4,90,52.6,0,0,registration,1,2,120,1,20,priority,1,0,-2,100.0,At risk
2026-01-14T22:00,SYN-AMVLP-01,AMVLP,historic resubmission,1,1,27,54.8,1,1,registration,0,1,120,1,20,standard,0,0,0,0.0,At risk
2026-01-14T22:00,SYN-VLP-02,VLP,new MSID Pair,1,2,52,51.1,0,0,registration,2,1,120,1,20,priority,1,1,-1,-50.0,At risk
2026-01-14T22:00,SYN-VLP-02,VLP,new AMSID Pair,0,1,15,53.2,0,0,registration,3,0,120,1,20,priority,1,0,-1,-100.0,At risk
2026-01-14T22:00,SYN-VLP-02,VLP,historic resubmission,1,0,27,53.9,0,0,registration,0,1,120,1,20,standard,0,0,1,0.0,At risk
2026-01-14T22:00,SYN-VTP-02,VTP,new MSID Pair,0,1,13,51.9,0,0,registration,0,0,120,1,20,priority,1,1,-1,0.0,At risk
2026-01-14T22:00,SYN-VTP-02,VTP,new AMSID Pair,1,1,37,54.8,0,0,registration,1,1,120,1,20,priority,1,0,0,0.0,At risk
2026-01-14T22:00,SYN-VTP-02,VTP,historic resubmission,1,1,27,54.7,0,0,registration,1,1,120,1,20,standard,0,0,0,0.0,At risk
2026-01-14T22:00,SYN-SUP-01,Supplier,new MSID Pair,0,0,12,53.8,0,0,registration,0,0,120,1,20,priority,1,1,0,0.0,At risk
2026-01-14T22:00,SYN-SUP-01,Supplier,new AMSID Pair,1,1,12,51.2,1,1,registration,1,1,120,1,20,priority,1,0,0,0.0,At risk
2026-01-14T22:00,SYN-SUP-01,Supplier,historic resubmission,1,1,58,53.2,0,0,registration,1,1,120,1,20,standard,0,0,0,0.0,At risk
2026-01-14T23:00,SYN-VLP-01,VLP,new MSID Pair,2,3,87,52.8,0,0,registration,1,2,120,1,20,priority,1,1,-1,100.0,At risk
2026-01-14T23:00,SYN-VLP-01,VLP,new AMSID Pair,1,1,12,53.7,0,0,registration,0,1,120,1,20,priority,1,0,0,0.0,At risk
2026-01-14T23:00,SYN-VLP-01,VLP,historic resubmission,0,0,27,51.1,0,0,registration,0,0,120,1,20,standard,0,0,0,0.0,At risk
2026-01-14T23:00,SYN-VTP-01,VTP,new MSID Pair,0,1,35,51.6,0,0,registration,0,0,120,1,20,priority,1,1,-1,0.0,At risk
2026-01-14T23:00,SYN-VTP-01,VTP,new AMSID Pair,1,1,37,52.4,0,0,registration,1,1,120,1,20,priority,1,0,0,0.0,At risk
2026-01-14T23:00,SYN-VTP-01,VTP,historic resubmission,0,1,27,54.0,0,0,registration,2,0,120,1,20,standard,0,0,-1,-100.0,At risk
2026-01-14T23:00,SYN-AMVLP-01,AMVLP,new MSID Pair,1,0,12,51.5,0,0,registration,0,1,120,1,20,priority,1,1,1,0.0,At risk
2026-01-14T23:00,SYN-AMVLP-01,AMVLP,new AMSID Pair,2,4,88,52.7,0,0,registration,2,2,120,1,20,priority,1,0,-2,0.0,At risk
2026-01-14T23:00,SYN-AMVLP-01,AMVLP,historic resubmission,1,1,27,50.8,0,0,registration,1,1,120,1,20,standard,0,0,0,0.0,At risk
2026-01-14T23:00,SYN-VLP-02,VLP,new MSID Pair,1,2,51,53.8,0,0,registration,0,1,120,1,20,priority,1,1,-1,0.0,At risk
2026-01-14T23:00,SYN-VLP-02,VLP,new AMSID Pair,0,1,14,51.5,0,0,registration,0,0,120,1,20,priority,1,0,-1,0.0,At risk
2026-01-14T23:00,SYN-VLP-02,VLP,historic resubmission,0,0,27,53.3,0,0,registration,0,0,120,1,20,standard,0,0,0,0.0,At risk
2026-01-14T23:00,SYN-VTP-02,VTP,new MSID Pair,2,1,14,51.1,0,0,registration,0,2,120,1,20,priority,1,1,1,0.0,At risk
2026-01-14T23:00,SYN-VTP-02,VTP,new AMSID Pair,0,1,36,54.5,0,0,registration,1,0,120,1,20,priority,1,0,-1,-100.0,At risk
2026-01-14T23:00,SYN-VTP-02,VTP,historic resubmission,1,1,27,52.8,0,1,registration,0,1,120,1,20,standard,0,0,0,0.0,At risk
2026-01-14T23:00,SYN-SUP-01,Supplier,new MSID Pair,1,1,12,54.4,0,0,registration,0,1,120,1,20,priority,1,1,0,0.0,At risk
2026-01-14T23:00,SYN-SUP-01,Supplier,new AMSID Pair,0,0,12,52.1,0,0,registration,0,0,120,1,20,priority,1,0,0,0.0,At risk
2026-01-14T23:00,SYN-SUP-01,Supplier,historic resubmission,0,1,57,50.9,0,0,registration,0,0,120,1,20,standard,0,0,-1,0.0,At risk
